db_id,question,gold_sql,qwen_predicted_sql
concert_singer,How many singers do we have?,SELECT count(*) FROM singer,SELECT COUNT(*) FROM singers;
concert_singer,What is the total number of singers?,SELECT count(*) FROM singer,SELECT COUNT(*) FROM singers;
concert_singer,"Show name, country, age for all singers ordered by age from the oldest to the youngest.","SELECT name ,  country ,  age FROM singer ORDER BY age DESC","SELECT name, country, age FROM singers ORDER BY age DESC;"
concert_singer,"What are the names, countries, and ages for every singer in descending order of age?","SELECT name ,  country ,  age FROM singer ORDER BY age DESC","SELECT name, country, age FROM singers ORDER BY age DESC;"
concert_singer,"What is the average, minimum, and maximum age of all singers from France?","SELECT avg(age) ,  min(age) ,  max(age) FROM singer WHERE country  =  'France'","SELECT AVG(age), MIN(age), MAX(age) FROM singers WHERE country = 'France';"
concert_singer,"What is the average, minimum, and maximum age for all French singers?","SELECT avg(age) ,  min(age) ,  max(age) FROM singer WHERE country  =  'France'","SELECT AVG(age), MIN(age), MAX(age) FROM singers WHERE country = 'France';"
concert_singer,Show the name and the release year of the song by the youngest singer.,"SELECT song_name ,  song_release_year FROM singer ORDER BY age LIMIT 1","SELECT s.title, s.release_year FROM songs s JOIN singers si ON s.singer_id = si.id WHERE si.birth_year = (SELECT MAX(birth_year) FROM singers)"
concert_singer,What are the names and release years for all the songs of the youngest singer?,"SELECT song_name ,  song_release_year FROM singer ORDER BY age LIMIT 1","SELECT name, release_year FROM songs WHERE singer_id = (SELECT id FROM singers ORDER BY age DESC LIMIT 1)"
concert_singer,What are all distinct countries where singers above age 20 are from?,SELECT DISTINCT country FROM singer WHERE age  >  20,SELECT DISTINCT country FROM singers WHERE age > 20;
concert_singer,What are  the different countries with singers above age 20?,SELECT DISTINCT country FROM singer WHERE age  >  20,SELECT DISTINCT country FROM singers WHERE age > 20;
concert_singer,Show all countries and the number of singers in each country.,"SELECT country ,  count(*) FROM singer GROUP BY country","SELECT country, COUNT(*) FROM singers GROUP BY country;"
concert_singer,How many singers are from each country?,"SELECT country ,  count(*) FROM singer GROUP BY country","SELECT country, COUNT(*) FROM singers GROUP BY country;"
concert_singer,List all song names by singers above the average age.,SELECT song_name FROM singer WHERE age  >  (SELECT avg(age) FROM singer),SELECT song_name FROM songs WHERE singer_id IN (SELECT singer_id FROM singers WHERE age > (SELECT AVG(age) FROM singers));
concert_singer,What are all the song names by singers who are older than average?,SELECT song_name FROM singer WHERE age  >  (SELECT avg(age) FROM singer),SELECT title FROM songs WHERE singer_id IN (SELECT singer_id FROM singers WHERE age > (SELECT AVG(age) FROM singers));
concert_singer,Show location and name for all stadiums with a capacity between 5000 and 10000.,"SELECT LOCATION ,  name FROM stadium WHERE capacity BETWEEN 5000 AND 10000","SELECT name, location FROM stadiums WHERE capacity BETWEEN 5000 AND 10000;"
concert_singer,What are the locations and names of all stations with capacity between 5000 and 10000?,"SELECT LOCATION ,  name FROM stadium WHERE capacity BETWEEN 5000 AND 10000","SELECT name, location FROM stations WHERE capacity BETWEEN 5000 AND 10000;"
concert_singer,What is the maximum capacity and the average of all stadiums ?,"select max(capacity), average from stadium","SELECT MAX(capacity), AVG(capacity) FROM stadiums;"
concert_singer,What is the average and maximum capacities for all stadiums ?,"select avg(capacity) ,  max(capacity) from stadium","SELECT AVG(capacity), MAX(capacity) FROM stadiums;"
concert_singer,What is the name and capacity for the stadium with highest average attendance?,"SELECT name ,  capacity FROM stadium ORDER BY average DESC LIMIT 1","SELECT name, capacity FROM stadiums ORDER BY average_attendance DESC LIMIT 1;"
concert_singer,What is the name and capacity for the stadium with the highest average attendance?,"SELECT name ,  capacity FROM stadium ORDER BY average DESC LIMIT 1","SELECT name, capacity FROM stadiums ORDER BY average_attendance DESC LIMIT 1;"
concert_singer,How many concerts are there in year 2014 or 2015?,SELECT count(*) FROM concert WHERE YEAR  =  2014 OR YEAR  =  2015,"SELECT COUNT(*) FROM concerts WHERE year IN (2014, 2015);"
concert_singer,How many concerts occurred in 2014 or 2015?,SELECT count(*) FROM concert WHERE YEAR  =  2014 OR YEAR  =  2015,"SELECT COUNT(*) FROM concerts WHERE strftime('%Y', date) IN ('2014','2015');"
concert_singer,Show the stadium name and the number of concerts in each stadium.,"SELECT T2.name ,  count(*) FROM concert AS T1 JOIN stadium AS T2 ON T1.stadium_id  =  T2.stadium_id GROUP BY T1.stadium_id","SELECT stadium_name, COUNT(*) FROM concerts GROUP BY stadium_name;"
concert_singer,"For each stadium, how many concerts play there?","SELECT T2.name ,  count(*) FROM concert AS T1 JOIN stadium AS T2 ON T1.stadium_id  =  T2.stadium_id GROUP BY T1.stadium_id","SELECT stadium, COUNT(*) FROM concerts GROUP BY stadium;"
concert_singer,Show the stadium name and capacity with most number of concerts in year 2014 or after.,"SELECT T2.name ,  T2.capacity FROM concert AS T1 JOIN stadium AS T2 ON T1.stadium_id  =  T2.stadium_id WHERE T1.year  >=  2014 GROUP BY T2.stadium_id ORDER BY count(*) DESC LIMIT 1","SELECT s.name, s.capacity FROM concerts c JOIN stadiums s ON c.stadium_id = s.id WHERE c.date >= '2014-01-01' GROUP BY s.id ORDER BY COUNT(*) DESC LIMIT 1;"
concert_singer,What is the name and capacity of the stadium with the most concerts after 2013 ?,"select t2.name ,  t2.capacity from concert as t1 join stadium as t2 on t1.stadium_id  =  t2.stadium_id where t1.year  >  2013 group by t2.stadium_id order by count(*) desc limit 1","SELECT s.name, s.capacity FROM concerts c JOIN stadiums s ON c.stadium_id = s.id WHERE c.date > '2013-12-31' GROUP BY s.id ORDER BY COUNT(*) DESC LIMIT 1;"
concert_singer,Which year has most number of concerts?,SELECT YEAR FROM concert GROUP BY YEAR ORDER BY count(*) DESC LIMIT 1,"SELECT strftime('%Y', concert_date) AS year, COUNT(*) FROM concerts GROUP BY year ORDER BY COUNT(*) DESC LIMIT 1;"
concert_singer,What is the year that had the most concerts?,SELECT YEAR FROM concert GROUP BY YEAR ORDER BY count(*) DESC LIMIT 1,"SELECT strftime('%Y', concert_date) AS year FROM concerts GROUP BY year ORDER BY COUNT(*) DESC LIMIT 1;"
concert_singer,Show the stadium names without any concert.,SELECT name FROM stadium WHERE stadium_id NOT IN (SELECT stadium_id FROM concert),SELECT name FROM stadiums LEFT JOIN concerts ON stadiums.id = concerts.stadium_id WHERE concerts.id IS NULL;
concert_singer,What are the names of the stadiums without any concerts?,SELECT name FROM stadium WHERE stadium_id NOT IN (SELECT stadium_id FROM concert),SELECT name FROM stadiums LEFT JOIN concerts ON stadiums.id = concerts.stadium_id WHERE concerts.id IS NULL;
concert_singer,Show countries where a singer above age 40 and a singer below 30 are from.,SELECT country FROM singer WHERE age  >  40 INTERSECT SELECT country FROM singer WHERE age  <  30,SELECT country FROM singers GROUP BY country HAVING MAX(age) > 40 AND MIN(age) < 30;
concert_singer,Show names for all stadiums except for stadiums having a concert in year 2014.,SELECT name FROM stadium EXCEPT SELECT T2.name FROM concert AS T1 JOIN stadium AS T2 ON T1.stadium_id  =  T2.stadium_id WHERE T1.year  =  2014,SELECT s.name FROM stadiums s LEFT JOIN concerts c ON s.id = c.stadium_id AND c.year = 2014 WHERE c.stadium_id IS NULL;
concert_singer,What are the names of all stadiums that did not have a concert in 2014?,SELECT name FROM stadium EXCEPT SELECT T2.name FROM concert AS T1 JOIN stadium AS T2 ON T1.stadium_id  =  T2.stadium_id WHERE T1.year  =  2014,SELECT s.name FROM stadiums s LEFT JOIN concerts c ON s.id = c.stadium_id AND c.year = 2014 WHERE c.id IS NULL;
concert_singer,Show the name and theme for all concerts and the number of singers in each concert.,"SELECT T2.concert_name ,  T2.theme ,  count(*) FROM singer_in_concert AS T1 JOIN concert AS T2 ON T1.concert_id  =  T2.concert_id GROUP BY T2.concert_id","SELECT concerts.name, concerts.theme, COUNT(singers.id) FROM concerts LEFT JOIN singers ON concerts.id = singers.concert_id GROUP BY concerts.id;"
concert_singer,"What are the names , themes , and number of singers for every concert ?","select t2.concert_name ,  t2.theme ,  count(*) from singer_in_concert as t1 join concert as t2 on t1.concert_id  =  t2.concert_id group by t2.concert_id","SELECT name, theme, COUNT(singer_id) AS num_singers FROM concerts LEFT JOIN concert_singers ON concerts.id = concert_singers.concert_id GROUP BY concerts.id;"
concert_singer,List singer names and number of concerts for each singer.,"SELECT T2.name ,  count(*) FROM singer_in_concert AS T1 JOIN singer AS T2 ON T1.singer_id  =  T2.singer_id GROUP BY T2.singer_id","SELECT name, COUNT(*) FROM singers GROUP BY name;"
concert_singer,What are the names of the singers and number of concerts for each person?,"SELECT T2.name ,  count(*) FROM singer_in_concert AS T1 JOIN singer AS T2 ON T1.singer_id  =  T2.singer_id GROUP BY T2.singer_id","SELECT singers.name, COUNT(concerts.concert_id) FROM singers INNER JOIN concerts ON singers.id = concerts.singer_id GROUP BY singers.id, singers.name;"
concert_singer,List all singer names in concerts in year 2014.,SELECT T2.name FROM singer_in_concert AS T1 JOIN singer AS T2 ON T1.singer_id  =  T2.singer_id JOIN concert AS T3 ON T1.concert_id  =  T3.concert_id WHERE T3.year  =  2014,SELECT s.name FROM singers s JOIN concert_singers cs ON s.id = cs.singer_id JOIN concerts c ON cs.concert_id = c.id WHERE c.year = 2014;
concert_singer,What are the names of the singers who performed in a concert in 2014?,SELECT T2.name FROM singer_in_concert AS T1 JOIN singer AS T2 ON T1.singer_id  =  T2.singer_id JOIN concert AS T3 ON T1.concert_id  =  T3.concert_id WHERE T3.year  =  2014,"SELECT DISTINCT s.name FROM singers s JOIN performances p ON s.id = p.singer_id JOIN concerts c ON p.concert_id = c.id WHERE strftime('%Y', c.date) = '2014'"
concert_singer,what is the name and nation of the singer who have a song having 'Hey' in its name?,"SELECT name ,  country FROM singer WHERE song_name LIKE '%Hey%'","SELECT s.name, s.nation FROM singers s JOIN songs song ON s.singer_id = song.singer_id WHERE song.title LIKE '%Hey%';"
concert_singer,What is the name and country of origin of every singer who has a song with the word 'Hey' in its title?,"SELECT name ,  country FROM singer WHERE song_name LIKE '%Hey%'","SELECT s.name, s.country FROM singers s JOIN songs song ON s.id = song.singer_id WHERE song.title LIKE '%Hey%'"
concert_singer,Find the name and location of the stadiums which some concerts happened in the years of both 2014 and 2015.,"SELECT T2.name ,  T2.location FROM concert AS T1 JOIN stadium AS T2 ON T1.stadium_id  =  T2.stadium_id WHERE T1.Year  =  2014 INTERSECT SELECT T2.name ,  T2.location FROM concert AS T1 JOIN stadium AS T2 ON T1.stadium_id  =  T2.stadium_id WHERE T1.Year  =  2015","SELECT s.name, s.location FROM stadiums s JOIN concerts c ON s.id = c.stadium_id WHERE c.year IN (2014, 2015) GROUP BY s.id HAVING COUNT(DISTINCT c.year) = 2;"
concert_singer,What are the names and locations of the stadiums that had concerts that occurred in both 2014 and 2015?,"SELECT T2.name ,  T2.location FROM concert AS T1 JOIN stadium AS T2 ON T1.stadium_id  =  T2.stadium_id WHERE T1.Year  =  2014 INTERSECT SELECT T2.name ,  T2.location FROM concert AS T1 JOIN stadium AS T2 ON T1.stadium_id  =  T2.stadium_id WHERE T1.Year  =  2015","SELECT s.name, s.location FROM stadiums s JOIN concerts c ON s.id = c.stadium_id WHERE strftime('%Y', c.date) IN ('2014','2015') GROUP BY s.id HAVING SUM(CASE WHEN strftime('%Y', c.date) = '2014' THEN 1 ELSE 0 END) > 0 AND SUM(CASE WHEN strftime('%Y', c.date) = '2015' THEN 1 ELSE 0 END) > 0;"
concert_singer,Find the number of concerts happened in the stadium with the highest capacity .,select count(*) from concert where stadium_id = (select stadium_id from stadium order by capacity desc limit 1),SELECT COUNT(*) FROM concerts WHERE stadium_id = (SELECT id FROM stadiums ORDER BY capacity DESC LIMIT 1);
concert_singer,What are the number of concerts that occurred in the stadium with the largest capacity ?,select count(*) from concert where stadium_id = (select stadium_id from stadium order by capacity desc limit 1),SELECT COUNT(*) FROM concerts JOIN stadiums ON concerts.stadium_id = stadiums.stadium_id WHERE stadiums.capacity = (SELECT MAX(capacity) FROM stadiums);
pets_1,Find the number of pets whose weight is heavier than 10.,SELECT count(*) FROM pets WHERE weight  >  10,SELECT COUNT(*) FROM pets WHERE weight > 10;
pets_1,How many pets have a greater weight than 10?,SELECT count(*) FROM pets WHERE weight  >  10,SELECT COUNT(*) FROM pets WHERE weight > 10;
pets_1,Find the weight of the youngest dog.,SELECT weight FROM pets ORDER BY pet_age LIMIT 1,SELECT weight FROM dogs ORDER BY age ASC LIMIT 1;
pets_1,How much does the youngest dog weigh?,SELECT weight FROM pets ORDER BY pet_age LIMIT 1,SELECT weight FROM dogs WHERE age = (SELECT MIN(age) FROM dogs) LIMIT 1;
pets_1,Find the maximum weight for each type of pet. List the maximum weight and pet type.,"SELECT max(weight) ,  petType FROM pets GROUP BY petType","SELECT type, MAX(weight) FROM pets GROUP BY type;"
pets_1,List the maximum weight and type for each type of pet.,"SELECT max(weight) ,  petType FROM pets GROUP BY petType","SELECT type, MAX(weight) FROM pets GROUP BY type;"
pets_1,Find number of pets owned by students who are older than 20.,SELECT count(*) FROM student AS T1 JOIN has_pet AS T2 ON T1.stuid  =  T2.stuid WHERE T1.age  >  20,SELECT COUNT(*) FROM students JOIN pets ON students.id = pets.student_id WHERE students.age > 20;
pets_1,How many pets are owned by students that have an age greater than 20?,SELECT count(*) FROM student AS T1 JOIN has_pet AS T2 ON T1.stuid  =  T2.stuid WHERE T1.age  >  20,SELECT COUNT(*) FROM Pets INNER JOIN Students ON Pets.owner_id = Students.student_id WHERE Students.age > 20;
pets_1,Find the number of dog pets that are raised by female students (with sex F).,SELECT count(*) FROM student AS T1 JOIN has_pet AS T2 ON T1.stuid  =  T2.stuid JOIN pets AS T3 ON T2.petid  =  T3.petid WHERE T1.sex  =  'F' AND T3.pettype  =  'dog',SELECT COUNT(*) FROM Students JOIN Pets ON Students.student_id = Pets.student_id WHERE Students.sex = 'F' AND Pets.type = 'dog';
pets_1,How many dog pets are raised by female students?,SELECT count(*) FROM student AS T1 JOIN has_pet AS T2 ON T1.stuid  =  T2.stuid JOIN pets AS T3 ON T2.petid  =  T3.petid WHERE T1.sex  =  'F' AND T3.pettype  =  'dog',SELECT COUNT(*) FROM Students JOIN Pets ON Students.id = Pets.owner_id WHERE Students.gender = 'female' AND Pets.type = 'dog';
pets_1,Find the number of distinct type of pets.,SELECT count(DISTINCT pettype) FROM pets,SELECT COUNT(DISTINCT type) FROM pets;
pets_1,How many different types of pet are there?,SELECT count(DISTINCT pettype) FROM pets,SELECT COUNT(DISTINCT type) FROM pets;
pets_1,Find the first name of students who have cat or dog pet.,SELECT DISTINCT T1.Fname FROM student AS T1 JOIN has_pet AS T2 ON T1.stuid  =  T2.stuid JOIN pets AS T3 ON T3.petid  =  T2.petid WHERE T3.pettype  =  'cat' OR T3.pettype  =  'dog',"SELECT first_name FROM students WHERE pet IN ('cat', 'dog');"
pets_1,What are the first names of every student who has a cat or dog as a pet?,SELECT DISTINCT T1.Fname FROM student AS T1 JOIN has_pet AS T2 ON T1.stuid  =  T2.stuid JOIN pets AS T3 ON T3.petid  =  T2.petid WHERE T3.pettype  =  'cat' OR T3.pettype  =  'dog',"SELECT FirstName FROM Students WHERE StudentID IN (SELECT StudentID FROM Pets WHERE PetType IN ('cat', 'dog'))"
pets_1,Find the first name of students who have both cat and dog pets .,select t1.fname from student as t1 join has_pet as t2 on t1.stuid  =  t2.stuid join pets as t3 on t3.petid  =  t2.petid where t3.pettype  =  'cat' intersect select t1.fname from student as t1 join has_pet as t2 on t1.stuid  =  t2.stuid join pets as t3 on t3.petid  =  t2.petid where t3.pettype  =  'dog',SELECT FirstName FROM Students s WHERE EXISTS (SELECT 1 FROM Pets p1 WHERE p1.StudentID = s.StudentID AND p1.PetType = 'cat') AND EXISTS (SELECT 1 FROM Pets p2 WHERE p2.StudentID = s.StudentID AND p2.PetType = 'dog')
pets_1,What are the students' first names who have both cats and dogs as pets?,SELECT T1.Fname FROM student AS T1 JOIN has_pet AS T2 ON T1.stuid  =  T2.stuid JOIN pets AS T3 ON T3.petid  =  T2.petid WHERE T3.pettype  =  'cat' INTERSECT SELECT T1.Fname FROM student AS T1 JOIN has_pet AS T2 ON T1.stuid  =  T2.stuid JOIN pets AS T3 ON T3.petid  =  T2.petid WHERE T3.pettype  =  'dog',SELECT FirstName FROM Students WHERE StudentID IN (SELECT StudentID FROM StudentPets WHERE PetType = 'Cat' INTERSECT SELECT StudentID FROM StudentPets WHERE PetType = 'Dog')
pets_1,Find the major and age of students who do not have a cat pet.,"SELECT major ,  age FROM student WHERE stuid NOT IN (SELECT T1.stuid FROM student AS T1 JOIN has_pet AS T2 ON T1.stuid  =  T2.stuid JOIN pets AS T3 ON T3.petid  =  T2.petid WHERE T3.pettype  =  'cat')","SELECT major, age FROM Students WHERE pet NOT IN ('cat') OR pet IS NULL;"
pets_1,"What major is every student who does not own a cat as a pet, and also how old are they?","SELECT major ,  age FROM student WHERE stuid NOT IN (SELECT T1.stuid FROM student AS T1 JOIN has_pet AS T2 ON T1.stuid  =  T2.stuid JOIN pets AS T3 ON T3.petid  =  T2.petid WHERE T3.pettype  =  'cat')","SELECT major, age FROM students WHERE student_id NOT IN (SELECT student_id FROM pets WHERE pet_type = 'cat');"
pets_1,Find the id of students who do not have a cat pet.,SELECT stuid FROM student EXCEPT SELECT T1.stuid FROM student AS T1 JOIN has_pet AS T2 ON T1.stuid  =  T2.stuid JOIN pets AS T3 ON T3.petid  =  T2.petid WHERE T3.pettype  =  'cat',SELECT id FROM students WHERE id NOT IN (SELECT student_id FROM pets WHERE type = 'cat')
pets_1,What are the ids of the students who do not own cats as pets?,SELECT stuid FROM student EXCEPT SELECT T1.stuid FROM student AS T1 JOIN has_pet AS T2 ON T1.stuid  =  T2.stuid JOIN pets AS T3 ON T3.petid  =  T2.petid WHERE T3.pettype  =  'cat',SELECT StudentID FROM Students WHERE StudentID NOT IN (SELECT StudentID FROM Pets WHERE PetType = 'Cat')
pets_1,Find the first name and age of students who have a dog but do not have a cat as a pet.,"SELECT T1.fname ,  T1.age FROM student AS T1 JOIN has_pet AS T2 ON T1.stuid  =  T2.stuid JOIN pets AS T3 ON T3.petid  =  T2.petid WHERE T3.pettype  =  'dog' AND T1.stuid NOT IN (SELECT T1.stuid FROM student AS T1 JOIN has_pet AS T2 ON T1.stuid  =  T2.stuid JOIN pets AS T3 ON T3.petid  =  T2.petid WHERE T3.pettype  =  'cat')","SELECT first_name, age FROM Students WHERE student_id IN (SELECT student_id FROM Pets WHERE pet_type = 'dog') AND student_id NOT IN (SELECT student_id FROM Pets WHERE pet_type = 'cat');"
pets_1,What is the first name of every student who has a dog but does not have a cat?,"SELECT T1.fname ,  T1.age FROM student AS T1 JOIN has_pet AS T2 ON T1.stuid  =  T2.stuid JOIN pets AS T3 ON T3.petid  =  T2.petid WHERE T3.pettype  =  'dog' AND T1.stuid NOT IN (SELECT T1.stuid FROM student AS T1 JOIN has_pet AS T2 ON T1.stuid  =  T2.stuid JOIN pets AS T3 ON T3.petid  =  T2.petid WHERE T3.pettype  =  'cat')",SELECT first_name FROM students WHERE has_dog = 1 AND has_cat = 0;
pets_1,Find the type and weight of the youngest pet.,"SELECT pettype ,  weight FROM pets ORDER BY pet_age LIMIT 1","SELECT type, weight FROM pets ORDER BY age ASC LIMIT 1;"
pets_1,"What type of pet is the youngest animal, and how much does it weigh?","SELECT pettype ,  weight FROM pets ORDER BY pet_age LIMIT 1","SELECT type, weight FROM animals ORDER BY age ASC LIMIT 1;"
pets_1,Find the id and weight of all pets whose age is older than 1.,"SELECT petid ,  weight FROM pets WHERE pet_age  >  1","SELECT id, weight FROM pets WHERE age > 1;"
pets_1,What is the id and weight of every pet who is older than 1?,"SELECT petid ,  weight FROM pets WHERE pet_age  >  1","SELECT id, weight FROM pets WHERE age > 1;"
pets_1,Find the average and maximum age for each type of pet.,"SELECT avg(pet_age) ,  max(pet_age) ,  pettype FROM pets GROUP BY pettype","SELECT type, AVG(age), MAX(age) FROM pets GROUP BY type;"
pets_1,What is the average and maximum age for each pet type?,"SELECT avg(pet_age) ,  max(pet_age) ,  pettype FROM pets GROUP BY pettype","SELECT type, AVG(age), MAX(age) FROM pets GROUP BY type;"
pets_1,Find the average weight for each pet type.,"SELECT avg(weight) ,  pettype FROM pets GROUP BY pettype","SELECT type, AVG(weight) FROM pets GROUP BY type;"
pets_1,What is the average weight for each type of pet?,"SELECT avg(weight) ,  pettype FROM pets GROUP BY pettype","SELECT type, AVG(weight) FROM pets GROUP BY type;"
pets_1,Find the first name and age of students who have a pet.,"SELECT DISTINCT T1.fname ,  T1.age FROM student AS T1 JOIN has_pet AS T2 ON T1.stuid  =  T2.stuid","SELECT first_name, age FROM students WHERE id IN (SELECT DISTINCT student_id FROM pets);"
pets_1,What are the different first names and ages of the students who do have pets?,"SELECT DISTINCT T1.fname ,  T1.age FROM student AS T1 JOIN has_pet AS T2 ON T1.stuid  =  T2.stuid","SELECT DISTINCT first_name, age FROM students WHERE has_pet = 1;"
pets_1,Find the id of the pet owned by student whose last name is ‘Smith’.,SELECT T2.petid FROM student AS T1 JOIN has_pet AS T2 ON T1.stuid  =  T2.stuid WHERE T1.Lname  =  'Smith',SELECT pet.id FROM pet INNER JOIN student ON pet.owner_id = student.id WHERE student.last_name = 'Smith';
pets_1,What is the id of the pet owned by the student whose last name is 'Smith'?,SELECT T2.petid FROM student AS T1 JOIN has_pet AS T2 ON T1.stuid  =  T2.stuid WHERE T1.Lname  =  'Smith',SELECT pets.id FROM pets JOIN students ON pets.owner_id = students.id WHERE students.last_name = 'Smith';
pets_1,Find the number of pets for each student who has any pet and student id.,"SELECT count(*) ,  T1.stuid FROM student AS T1 JOIN has_pet AS T2 ON T1.stuid  =  T2.stuid GROUP BY T1.stuid","SELECT student_id, COUNT(*) AS num_pets FROM pets GROUP BY student_id;"
pets_1,"For students who have pets , how many pets does each student have ? list their ids instead of names .","select count(*) ,  t1.stuid from student as t1 join has_pet as t2 on t1.stuid  =  t2.stuid group by t1.stuid","SELECT StudentID, COUNT(*) FROM Pets GROUP BY StudentID HAVING COUNT(*) > 0;"
pets_1,Find the first name and gender of student who have more than one pet.,"SELECT T1.fname ,  T1.sex FROM student AS T1 JOIN has_pet AS T2 ON T1.stuid  =  T2.stuid GROUP BY T1.stuid HAVING count(*)  >  1","SELECT first_name, gender FROM students WHERE student_id IN (SELECT student_id FROM pets GROUP BY student_id HAVING COUNT(*) > 1);"
pets_1,What is the first name and gender of the all the students who have more than one pet?,"SELECT T1.fname ,  T1.sex FROM student AS T1 JOIN has_pet AS T2 ON T1.stuid  =  T2.stuid GROUP BY T1.stuid HAVING count(*)  >  1","SELECT s.FirstName, s.Gender FROM Students s JOIN (SELECT StudentID FROM Pets GROUP BY StudentID HAVING COUNT(*) > 1) p ON s.StudentID = p.StudentID;"
pets_1,Find the last name of the student who has a cat that is age 3.,SELECT T1.lname FROM student AS T1 JOIN has_pet AS T2 ON T1.stuid  =  T2.stuid JOIN pets AS T3 ON T3.petid  =  T2.petid WHERE T3.pet_age  =  3 AND T3.pettype  =  'cat',SELECT last_name FROM Students JOIN Pets ON Students.student_id = Pets.student_id WHERE Pets.pet_type = 'cat' AND Pets.age = 3;
pets_1,What is the last name of the student who has a cat that is 3 years old?,SELECT T1.lname FROM student AS T1 JOIN has_pet AS T2 ON T1.stuid  =  T2.stuid JOIN pets AS T3 ON T3.petid  =  T2.petid WHERE T3.pet_age  =  3 AND T3.pettype  =  'cat',SELECT students.last_name FROM students INNER JOIN pets ON students.student_id = pets.student_id WHERE pets.species = 'cat' AND pets.age = 3;
pets_1,Find the average age of students who do not have any pet .,select avg(age) from student where stuid not in (select stuid from has_pet),SELECT AVG(age) FROM Students WHERE student_id NOT IN (SELECT student_id FROM Pets);
pets_1,What is the average age for all students who do not own any pets ?,select avg(age) from student where stuid not in (select stuid from has_pet),SELECT AVG(age) FROM Students WHERE student_id NOT IN (SELECT student_id FROM Pets)
car_1,How many continents are there?,SELECT count(*) FROM CONTINENTS;,SELECT COUNT(*) FROM continents;
car_1,What is the number of continents?,SELECT count(*) FROM CONTINENTS;,SELECT COUNT(*) FROM continents;
car_1,"How many countries does each continent have? List the continent id, continent name and the number of countries.","SELECT T1.ContId ,  T1.Continent ,  count(*) FROM CONTINENTS AS T1 JOIN COUNTRIES AS T2 ON T1.ContId  =  T2.Continent GROUP BY T1.ContId;","SELECT continent_id, continent_name, COUNT(*) FROM continent JOIN country ON continent.continent_id = country.continent_id GROUP BY continent_id, continent_name;"
car_1,"For each continent, list its id, name, and how many countries it has?","SELECT T1.ContId ,  T1.Continent ,  count(*) FROM CONTINENTS AS T1 JOIN COUNTRIES AS T2 ON T1.ContId  =  T2.Continent GROUP BY T1.ContId;","SELECT continents.id, continents.name, COUNT(countries.id) FROM continents JOIN countries ON continents.id = countries.continent_id GROUP BY continents.id, continents.name;"
car_1,How many countries are listed?,SELECT count(*) FROM COUNTRIES;,SELECT COUNT(*) FROM countries;
car_1,How many countries exist?,SELECT count(*) FROM COUNTRIES;,SELECT COUNT(*) FROM countries;
car_1,"How many models does each car maker produce? List maker full name, id and the number.","SELECT T1.FullName ,  T1.Id ,  count(*) FROM CAR_MAKERS AS T1 JOIN MODEL_LIST AS T2 ON T1.Id  =  T2.Maker GROUP BY T1.Id;","SELECT maker.id, maker.full_name, COUNT(model.id) AS num_models FROM maker JOIN model ON maker.id = model.maker_id GROUP BY maker.id, maker.full_name;"
car_1,"What is the full name of each car maker, along with its id and how many models it produces?","SELECT T1.FullName ,  T1.Id ,  count(*) FROM CAR_MAKERS AS T1 JOIN MODEL_LIST AS T2 ON T1.Id  =  T2.Maker GROUP BY T1.Id;","SELECT makers.id, makers.full_name, COUNT(models.id) AS model_count FROM makers LEFT JOIN models ON makers.id = models.maker_id GROUP BY makers.id, makers.full_name;"
car_1,Which model of the car has the minimum horsepower?,SELECT T1.Model FROM CAR_NAMES AS T1 JOIN CARS_DATA AS T2 ON T1.MakeId  =  T2.Id ORDER BY T2.horsepower ASC LIMIT 1;,SELECT model FROM cars ORDER BY horsepower ASC LIMIT 1;
car_1,What is the model of the car with the smallest amount of horsepower?,SELECT T1.Model FROM CAR_NAMES AS T1 JOIN CARS_DATA AS T2 ON T1.MakeId  =  T2.Id ORDER BY T2.horsepower ASC LIMIT 1;,SELECT model FROM cars ORDER BY horsepower ASC LIMIT 1;
car_1,Find the model of the car whose weight is below the average weight.,SELECT T1.model FROM CAR_NAMES AS T1 JOIN CARS_DATA AS T2 ON T1.MakeId  =  T2.Id WHERE T2.Weight  <  (SELECT avg(Weight) FROM CARS_DATA),SELECT model FROM cars WHERE weight < (SELECT AVG(weight) FROM cars);
car_1,What is the model for the car with a weight smaller than the average?,SELECT T1.model FROM CAR_NAMES AS T1 JOIN CARS_DATA AS T2 ON T1.MakeId  =  T2.Id WHERE T2.Weight  <  (SELECT avg(Weight) FROM CARS_DATA),SELECT model FROM cars WHERE weight < (SELECT AVG(weight) FROM cars);
car_1,Find the name of the makers that produced some cars in the year of 1970?,SELECT DISTINCT T1.Maker FROM CAR_MAKERS AS T1 JOIN MODEL_LIST AS T2 ON T1.Id  =  T2.Maker JOIN CAR_NAMES AS T3 ON T2.model  =  T3.model JOIN CARS_DATA AS T4 ON T3.MakeId  =  T4.id WHERE T4.year  =  '1970';,SELECT DISTINCT m.name FROM makers m JOIN cars c ON m.id = c.maker_id WHERE c.year = 1970;
car_1,What is the name of the different car makers who produced a car in 1970?,SELECT DISTINCT T1.Maker FROM CAR_MAKERS AS T1 JOIN MODEL_LIST AS T2 ON T1.Id  =  T2.Maker JOIN CAR_NAMES AS T3 ON T2.model  =  T3.model JOIN CARS_DATA AS T4 ON T3.MakeId  =  T4.id WHERE T4.year  =  '1970';,SELECT DISTINCT maker FROM cars WHERE year = 1970;
car_1,Find the make and production time of the cars that were produced in the earliest year?,"SELECT T2.Make ,  T1.Year FROM CARS_DATA AS T1 JOIN CAR_NAMES AS T2 ON T1.Id  =  T2.MakeId WHERE T1.Year  =  (SELECT min(YEAR) FROM CARS_DATA);","SELECT make, production_time FROM cars WHERE production_year = (SELECT MIN(production_year) FROM cars);"
car_1,What is the maker of the carr produced in the earliest year and what year was it?,"SELECT T2.Make ,  T1.Year FROM CARS_DATA AS T1 JOIN CAR_NAMES AS T2 ON T1.Id  =  T2.MakeId WHERE T1.Year  =  (SELECT min(YEAR) FROM CARS_DATA);","SELECT maker, year FROM cars WHERE year = (SELECT MIN(year) FROM cars) LIMIT 1;"
car_1,Which distinct car models are the produced after 1980?,SELECT DISTINCT T1.model FROM MODEL_LIST AS T1 JOIN CAR_NAMES AS T2 ON T1.model  =  T2.model JOIN CARS_DATA AS T3 ON T2.MakeId  =  T3.id WHERE T3.year  >  1980;,SELECT DISTINCT model FROM cars WHERE year > 1980;
car_1,What are the different models for the cards produced after 1980?,SELECT DISTINCT T1.model FROM MODEL_LIST AS T1 JOIN CAR_NAMES AS T2 ON T1.model  =  T2.model JOIN CARS_DATA AS T3 ON T2.MakeId  =  T3.id WHERE T3.year  >  1980;,SELECT DISTINCT model FROM cards WHERE year > 1980;
car_1,How many car makers are there in each continents? List the continent name and the count.,"SELECT T1.Continent ,  count(*) FROM CONTINENTS AS T1 JOIN COUNTRIES AS T2 ON T1.ContId  =  T2.continent JOIN car_makers AS T3 ON T2.CountryId  =  T3.Country GROUP BY T1.Continent;","SELECT continent, COUNT(*) FROM car_makers GROUP BY continent;"
car_1,What is the name of each continent and how many car makers are there in each one?,"SELECT T1.Continent ,  count(*) FROM CONTINENTS AS T1 JOIN COUNTRIES AS T2 ON T1.ContId  =  T2.continent JOIN car_makers AS T3 ON T2.CountryId  =  T3.Country GROUP BY T1.Continent;","SELECT continent_name, COUNT(car_maker_id) FROM continents LEFT JOIN car_makers ON continents.continent_id = car_makers.continent_id GROUP BY continent_name;"
car_1,Which of the countries has the most car makers? List the country name.,SELECT T2.CountryName FROM CAR_MAKERS AS T1 JOIN COUNTRIES AS T2 ON T1.Country  =  T2.CountryId GROUP BY T1.Country ORDER BY Count(*) DESC LIMIT 1;,SELECT country FROM car_makers GROUP BY country ORDER BY COUNT(*) DESC LIMIT 1;
car_1,What is the name of the country with the most car makers?,SELECT T2.CountryName FROM CAR_MAKERS AS T1 JOIN COUNTRIES AS T2 ON T1.Country  =  T2.CountryId GROUP BY T1.Country ORDER BY Count(*) DESC LIMIT 1;,SELECT country FROM car_makers GROUP BY country ORDER BY COUNT(*) DESC LIMIT 1;
car_1,How many car models are produced by each maker ? Only list the count and the maker full name .,"select count(*) ,  t2.fullname from model_list as t1 join car_makers as t2 on t1.maker  =  t2.id group by t2.id;","SELECT maker_full_name, COUNT(*) FROM makers JOIN models ON makers.id = models.maker_id GROUP BY maker_full_name;"
car_1,What is the number of car models that are produced by each maker and what is the id and full name of each maker?,"SELECT Count(*) ,  T2.FullName ,  T2.id FROM MODEL_LIST AS T1 JOIN CAR_MAKERS AS T2 ON T1.Maker  =  T2.Id GROUP BY T2.id;","SELECT m.id, m.full_name, COUNT(c.model_id) FROM makers m LEFT JOIN cars c ON m.id = c.maker_id GROUP BY m.id, m.full_name;"
car_1,What is the accelerate of the car make amc hornet sportabout (sw)?,SELECT T1.Accelerate FROM CARS_DATA AS T1 JOIN CAR_NAMES AS T2 ON T1.Id  =  T2.MakeId WHERE T2.Make  =  'amc hornet sportabout (sw)';,SELECT acceleration FROM cars WHERE model = 'AMC Hornet Sportabout (SW)';
car_1,How much does the car accelerate that makes amc hornet sportabout (sw)?,SELECT T1.Accelerate FROM CARS_DATA AS T1 JOIN CAR_NAMES AS T2 ON T1.Id  =  T2.MakeId WHERE T2.Make  =  'amc hornet sportabout (sw)';,SELECT acceleration FROM cars WHERE model = 'amc hornet sportabout (sw)';
car_1,How many car makers are there in france?,SELECT count(*) FROM CAR_MAKERS AS T1 JOIN COUNTRIES AS T2 ON T1.Country  =  T2.CountryId WHERE T2.CountryName  =  'france';,SELECT COUNT(DISTINCT maker) FROM cars WHERE country = 'France';
car_1,What is the number of makers of care in France?,SELECT count(*) FROM CAR_MAKERS AS T1 JOIN COUNTRIES AS T2 ON T1.Country  =  T2.CountryId WHERE T2.CountryName  =  'france';,SELECT COUNT(DISTINCT maker) FROM products WHERE country = 'France' AND product_type LIKE '%care%';
car_1,How many car models are produced in the usa?,SELECT count(*) FROM MODEL_LIST AS T1 JOIN CAR_MAKERS AS T2 ON T1.Maker  =  T2.Id JOIN COUNTRIES AS T3 ON T2.Country  =  T3.CountryId WHERE T3.CountryName  =  'usa';,SELECT COUNT(*) FROM car_models WHERE production_country = 'USA';
car_1,What is the count of the car models produced in the United States?,SELECT count(*) FROM MODEL_LIST AS T1 JOIN CAR_MAKERS AS T2 ON T1.Maker  =  T2.Id JOIN COUNTRIES AS T3 ON T2.Country  =  T3.CountryId WHERE T3.CountryName  =  'usa';,SELECT COUNT(*) FROM cars WHERE country = 'United States';
car_1,What is the average miles per gallon(mpg) of the cars with 4 cylinders?,SELECT avg(mpg) FROM CARS_DATA WHERE Cylinders  =  4;,SELECT AVG(mpg) FROM cars WHERE cylinders = 4;
car_1,What is the average miles per gallon of all the cards with 4 cylinders?,SELECT avg(mpg) FROM CARS_DATA WHERE Cylinders  =  4;,SELECT AVG(miles_per_gallon) FROM cars WHERE cylinders = 4;
car_1,What is the smallest weight of the car produced with 8 cylinders on 1974 ?,select min(weight) from cars_data where cylinders  =  8 and year  =  1974,SELECT MIN(weight) FROM cars WHERE cylinders = 8 AND year = 1974;
car_1,What is the minimum weight of the car with 8 cylinders produced in 1974 ?,select min(weight) from cars_data where cylinders  =  8 and year  =  1974,SELECT MIN(weight) FROM cars WHERE cylinders = 8 AND year = 1974;
car_1,What are all the makers and models?,"SELECT Maker ,  Model FROM MODEL_LIST;","SELECT maker, model FROM cars;"
car_1,What are the makers and models?,"SELECT Maker ,  Model FROM MODEL_LIST;","SELECT maker, model FROM cars;"
car_1,What are the countries having at least one car maker? List name and id.,"SELECT T1.CountryName ,  T1.CountryId FROM COUNTRIES AS T1 JOIN CAR_MAKERS AS T2 ON T1.CountryId  =  T2.Country GROUP BY T1.CountryId HAVING count(*)  >=  1;","SELECT DISTINCT countries.id, countries.name FROM countries INNER JOIN car_makers ON countries.id = car_makers.country_id;"
car_1,What are the names and ids of all countries with at least one car maker?,"SELECT T1.CountryName ,  T1.CountryId FROM COUNTRIES AS T1 JOIN CAR_MAKERS AS T2 ON T1.CountryId  =  T2.Country GROUP BY T1.CountryId HAVING count(*)  >=  1;","SELECT country_id, country_name FROM countries WHERE country_id IN (SELECT DISTINCT country_id FROM car_makers)"
car_1,What is the number of the cars with horsepower more than 150?,SELECT count(*) FROM CARS_DATA WHERE horsepower  >  150;,SELECT COUNT(*) FROM cars WHERE horsepower > 150;
car_1,What is the number of cars with a horsepower greater than 150?,SELECT count(*) FROM CARS_DATA WHERE horsepower  >  150;,SELECT COUNT(*) FROM cars WHERE horsepower > 150;
car_1,What is the average weight of cars each year?,"SELECT avg(Weight) ,  YEAR FROM CARS_DATA GROUP BY YEAR;","SELECT year, AVG(weight) FROM cars GROUP BY year;"
car_1,What is the average weight and year for each year?,"SELECT avg(Weight) ,  YEAR FROM CARS_DATA GROUP BY YEAR;","SELECT year, AVG(weight) FROM data GROUP BY year;"
car_1,Which countries in europe have at least 3 car manufacturers?,SELECT T1.CountryName FROM COUNTRIES AS T1 JOIN CONTINENTS AS T2 ON T1.Continent  =  T2.ContId JOIN CAR_MAKERS AS T3 ON T1.CountryId  =  T3.Country WHERE T2.Continent  =  'europe' GROUP BY T1.CountryName HAVING count(*)  >=  3;,SELECT country FROM manufacturers WHERE continent = 'Europe' GROUP BY country HAVING COUNT(*) >= 3;
car_1,What are the names of all European countries with at least 3 manufacturers?,SELECT T1.CountryName FROM COUNTRIES AS T1 JOIN CONTINENTS AS T2 ON T1.Continent  =  T2.ContId JOIN CAR_MAKERS AS T3 ON T1.CountryId  =  T3.Country WHERE T2.Continent  =  'europe' GROUP BY T1.CountryName HAVING count(*)  >=  3;,SELECT country_name FROM countries WHERE continent = 'Europe' AND (SELECT COUNT(*) FROM manufacturers WHERE manufacturers.country_id = countries.id) >= 3;
car_1,What is the maximum horsepower and the make of the car models with 3 cylinders?,"SELECT T2.horsepower ,  T1.Make FROM CAR_NAMES AS T1 JOIN CARS_DATA AS T2 ON T1.MakeId  =  T2.Id WHERE T2.cylinders  =  3 ORDER BY T2.horsepower DESC LIMIT 1;","SELECT make, MAX(horsepower) FROM cars WHERE cylinders = 3 GROUP BY make ORDER BY MAX(horsepower) DESC LIMIT 1;"
car_1,What is the largest amount of horsepower for the models with 3 cylinders and what make is it?,"SELECT T2.horsepower ,  T1.Make FROM CAR_NAMES AS T1 JOIN CARS_DATA AS T2 ON T1.MakeId  =  T2.Id WHERE T2.cylinders  =  3 ORDER BY T2.horsepower DESC LIMIT 1;","SELECT make, horsepower FROM cars WHERE cylinders = 3 AND horsepower = (SELECT MAX(horsepower) FROM cars WHERE cylinders = 3) LIMIT 1;"
car_1,"Which model saves the most gasoline? That is to say, have the maximum miles per gallon.",SELECT T1.Model FROM CAR_NAMES AS T1 JOIN CARS_DATA AS T2 ON T1.MakeId  =  T2.Id ORDER BY T2.mpg DESC LIMIT 1;,SELECT model FROM cars WHERE miles_per_gallon = (SELECT MAX(miles_per_gallon) FROM cars) LIMIT 1;
car_1,What is the car model with the highest mpg ?,select t1.model from car_names as t1 join cars_data as t2 on t1.makeid  =  t2.id order by t2.mpg desc limit 1;,SELECT model FROM cars ORDER BY mpg DESC LIMIT 1;
car_1,What is the average horsepower of the cars before 1980?,SELECT avg(horsepower) FROM CARS_DATA WHERE YEAR  <  1980;,SELECT AVG(horsepower) FROM cars WHERE year < 1980;
car_1,What is the average horsepower for all cars produced before 1980 ?,select avg(horsepower) from cars_data where year  <  1980;,SELECT AVG(horsepower) FROM cars WHERE year < 1980;
car_1,What is the average edispl of the cars of model volvo?,SELECT avg(T2.edispl) FROM CAR_NAMES AS T1 JOIN CARS_DATA AS T2 ON T1.MakeId  =  T2.Id WHERE T1.Model  =  'volvo';,SELECT AVG(edispl) FROM cars WHERE model = 'volvo';
car_1,What is the average edispl for all volvos?,SELECT avg(T2.edispl) FROM CAR_NAMES AS T1 JOIN CARS_DATA AS T2 ON T1.MakeId  =  T2.Id WHERE T1.Model  =  'volvo';,SELECT AVG(edispl) FROM cars WHERE make = 'VOLVO';
car_1,What is the maximum accelerate for different number of cylinders?,"SELECT max(Accelerate) ,  Cylinders FROM CARS_DATA GROUP BY Cylinders;","SELECT cylinders, MAX(acceleration) FROM cars GROUP BY cylinders;"
car_1,What is the maximum accelerate for all the different cylinders?,"SELECT max(Accelerate) ,  Cylinders FROM CARS_DATA GROUP BY Cylinders;","SELECT cylinders, MAX(accelerate) FROM cars GROUP BY cylinders ORDER BY cylinders;"
car_1,Which model has the most version(make) of cars?,SELECT Model FROM CAR_NAMES GROUP BY Model ORDER BY count(*) DESC LIMIT 1;,"SELECT model, COUNT(DISTINCT make) AS version_count FROM cars GROUP BY model ORDER BY version_count DESC LIMIT 1;"
car_1,What model has the most different versions?,SELECT Model FROM CAR_NAMES GROUP BY Model ORDER BY count(*) DESC LIMIT 1;,"SELECT model FROM (SELECT model, COUNT(DISTINCT version) AS versions_count FROM models GROUP BY model ORDER BY versions_count DESC LIMIT 1)"
car_1,How many cars have more than 4 cylinders?,SELECT count(*) FROM CARS_DATA WHERE Cylinders  >  4;,SELECT COUNT(*) FROM cars WHERE cylinders > 4;
car_1,What is the number of cars with more than 4 cylinders?,SELECT count(*) FROM CARS_DATA WHERE Cylinders  >  4;,SELECT COUNT(*) FROM cars WHERE cylinders > 4;
car_1,how many cars were produced in 1980?,SELECT count(*) FROM CARS_DATA WHERE YEAR  =  1980;,SELECT COUNT(*) FROM cars WHERE year = 1980;
car_1,"In 1980, how many cars were made?",SELECT count(*) FROM CARS_DATA WHERE YEAR  =  1980;,SELECT COUNT(*) FROM cars WHERE year = 1980;
car_1,How many car models were produced by the maker with full name American Motor Company?,SELECT count(*) FROM CAR_MAKERS AS T1 JOIN MODEL_LIST AS T2 ON T1.Id  =  T2.Maker WHERE T1.FullName  =  'American Motor Company';,SELECT COUNT(*) FROM models WHERE maker_id = (SELECT id FROM makers WHERE full_name = 'American Motor Company');
car_1,What is the number of car models created by the car maker American Motor Company?,SELECT count(*) FROM CAR_MAKERS AS T1 JOIN MODEL_LIST AS T2 ON T1.Id  =  T2.Maker WHERE T1.FullName  =  'American Motor Company';,SELECT COUNT(*) FROM car_models JOIN car_makers ON car_models.maker_id = car_makers.id WHERE car_makers.name = 'American Motor Company';
car_1,Which makers designed more than 3 car models? List full name and the id.,"SELECT T1.FullName ,  T1.Id FROM CAR_MAKERS AS T1 JOIN MODEL_LIST AS T2 ON T1.Id  =  T2.Maker GROUP BY T1.Id HAVING count(*)  >  3;","SELECT maker_id, first_name || ' ' || last_name AS full_name FROM makers GROUP BY maker_id HAVING COUNT(model_id) > 3;"
car_1,What are the names and ids of all makers with more than 3 models?,"SELECT T1.FullName ,  T1.Id FROM CAR_MAKERS AS T1 JOIN MODEL_LIST AS T2 ON T1.Id  =  T2.Maker GROUP BY T1.Id HAVING count(*)  >  3;","SELECT maker.id, maker.name FROM maker JOIN model ON maker.id = model.maker_id GROUP BY maker.id HAVING COUNT(*) > 3;"
car_1,Which distinctive models are produced by maker with the full name General Motors or weighing more than 3500?,SELECT DISTINCT T2.Model FROM CAR_NAMES AS T1 JOIN MODEL_LIST AS T2 ON T1.Model  =  T2.Model JOIN CAR_MAKERS AS T3 ON T2.Maker  =  T3.Id JOIN CARS_DATA AS T4 ON T1.MakeId  =  T4.Id WHERE T3.FullName  =  'General Motors' OR T4.weight  >  3500;,SELECT DISTINCT model FROM cars WHERE maker = 'General Motors' OR weight > 3500;
car_1,What are the different models created by either the car maker General Motors or weighed more than 3500?,SELECT DISTINCT T2.Model FROM CAR_NAMES AS T1 JOIN MODEL_LIST AS T2 ON T1.Model  =  T2.Model JOIN CAR_MAKERS AS T3 ON T2.Maker  =  T3.Id JOIN CARS_DATA AS T4 ON T1.MakeId  =  T4.Id WHERE T3.FullName  =  'General Motors' OR T4.weight  >  3500;,SELECT DISTINCT model FROM cars WHERE maker = 'General Motors' OR weight > 3500;
car_1,In which years cars were produced weighing no less than 3000 and no more than 4000 ?,select distinct year from cars_data where weight between 3000 and 4000;,SELECT DISTINCT year FROM cars WHERE weight BETWEEN 3000 AND 4000;
car_1,What are the different years in which there were cars produced that weighed less than 4000 and also cars that weighted more than 3000 ?,select distinct year from cars_data where weight between 3000 and 4000;,SELECT DISTINCT year FROM cars WHERE weight > 3000 AND weight < 4000 ORDER BY year;
car_1,What is the horsepower of the car with the largest accelerate?,SELECT T1.horsepower FROM CARS_DATA AS T1 ORDER BY T1.accelerate DESC LIMIT 1;,SELECT horsepower FROM cars ORDER BY accelerate DESC LIMIT 1;
car_1,What is the horsepower of the car with the greatest accelerate?,SELECT T1.horsepower FROM CARS_DATA AS T1 ORDER BY T1.accelerate DESC LIMIT 1;,SELECT horsepower FROM cars ORDER BY accelerate DESC LIMIT 1;
car_1,"For model volvo, how many cylinders does the car with the least accelerate have?",SELECT T1.cylinders FROM CARS_DATA AS T1 JOIN CAR_NAMES AS T2 ON T1.Id  =  T2.MakeId WHERE T2.Model  =  'volvo' ORDER BY T1.accelerate ASC LIMIT 1;,SELECT cylinders FROM cars WHERE model = 'volvo' ORDER BY accelerate ASC LIMIT 1;
car_1,"For a volvo model, how many cylinders does the version with least accelerate have?",SELECT T1.cylinders FROM CARS_DATA AS T1 JOIN CAR_NAMES AS T2 ON T1.Id  =  T2.MakeId WHERE T2.Model  =  'volvo' ORDER BY T1.accelerate ASC LIMIT 1;,SELECT cylinders FROM cars WHERE brand = 'Volvo' ORDER BY acceleration ASC LIMIT 1;
car_1,How many cars have a larger accelerate than the car with the largest horsepower?,SELECT COUNT(*) FROM CARS_DATA WHERE Accelerate  >  ( SELECT Accelerate FROM CARS_DATA ORDER BY Horsepower DESC LIMIT 1 );,SELECT COUNT(*) FROM cars WHERE acceleration > (SELECT acceleration FROM cars WHERE horsepower = (SELECT MAX(horsepower) FROM cars))
car_1,What is the number of cars with a greater accelerate than the one with the most horsepower?,SELECT COUNT(*) FROM CARS_DATA WHERE Accelerate  >  ( SELECT Accelerate FROM CARS_DATA ORDER BY Horsepower DESC LIMIT 1 );,SELECT COUNT(*) FROM cars WHERE accelerate > (SELECT accelerate FROM cars ORDER BY horsepower DESC LIMIT 1);
car_1,How many countries has more than 2 car makers ?,select count(*) from countries as t1 join car_makers as t2 on t1.countryid  =  t2.country group by t1.countryid having count(*)  >  2,SELECT COUNT(*) FROM (SELECT country FROM car_makers GROUP BY country HAVING COUNT(*)>2)
car_1,What is the number of countries with more than 2 car makers ?,select count(*) from countries as t1 join car_makers as t2 on t1.countryid  =  t2.country group by t1.countryid having count(*)  >  2,SELECT COUNT(*) FROM (SELECT country FROM car_makers GROUP BY country HAVING COUNT(*) > 2)
car_1,How many cars has over 6 cylinders?,SELECT COUNT(*) FROM CARS_DATA WHERE Cylinders  >  6;,SELECT COUNT(*) FROM cars WHERE cylinders > 6;
car_1,What is the number of carsw ith over 6 cylinders?,SELECT COUNT(*) FROM CARS_DATA WHERE Cylinders  >  6;,SELECT COUNT(*) FROM cars WHERE cylinders > 6;
car_1,"For the cars with 4 cylinders, which model has the largest horsepower?",SELECT T1.Model FROM CAR_NAMES AS T1 JOIN CARS_DATA AS T2 ON T1.MakeId  =  T2.Id WHERE T2.Cylinders  =  4 ORDER BY T2.horsepower DESC LIMIT 1;,SELECT model FROM cars WHERE cylinders = 4 ORDER BY horsepower DESC LIMIT 1;
car_1,"For all of the 4 cylinder cars, which model has the most horsepower?",SELECT T1.Model FROM CAR_NAMES AS T1 JOIN CARS_DATA AS T2 ON T1.MakeId  =  T2.Id WHERE T2.Cylinders  =  4 ORDER BY T2.horsepower DESC LIMIT 1;,SELECT model FROM cars WHERE cylinders = 4 ORDER BY horsepower DESC LIMIT 1;
car_1,"Among the cars with more than lowest horsepower, which ones do not have more than 3 cylinders? List the car makeid and make name.","SELECT T2.MakeId ,  T2.Make FROM CARS_DATA AS T1 JOIN CAR_NAMES AS T2 ON T1.Id  =  T2.MakeId WHERE T1.Horsepower  >  (SELECT min(Horsepower) FROM CARS_DATA) AND T1.Cylinders  <=  3;","SELECT makeid, make_name FROM cars JOIN makes USING (makeid) WHERE horsepower > (SELECT MIN(horsepower) FROM cars) AND cylinders <= 3;"
car_1,"Among the cars that do not have the minimum horsepower , what are the make ids and names of all those with less than 4 cylinders ?","select t2.makeid ,  t2.make from cars_data as t1 join car_names as t2 on t1.id  =  t2.makeid where t1.horsepower  >  (select min(horsepower) from cars_data) and t1.cylinders  <  4;","SELECT make_id, make_name FROM cars WHERE horsepower > (SELECT MIN(horsepower) FROM cars) AND cylinders < 4;"
car_1,What is the maximum miles per gallon of the car with 8 cylinders or produced before 1980 ?,select max(mpg) from cars_data where cylinders  =  8 or year  <  1980,SELECT MAX(mpg) FROM cars WHERE cylinders = 8 OR year < 1980;
car_1,What is the maximum mpg of the cars that had 8 cylinders or that were produced before 1980 ?,select max(mpg) from cars_data where cylinders  =  8 or year  <  1980,SELECT MAX(mpg) FROM cars WHERE cylinders = 8 OR year < 1980;
car_1,Which models are lighter than 3500 but not built by the 'Ford Motor Company'?,SELECT DISTINCT T1.model FROM MODEL_LIST AS T1 JOIN CAR_NAMES AS T2 ON T1.Model  =  T2.Model JOIN CARS_DATA AS T3 ON T2.MakeId  =  T3.Id JOIN CAR_MAKERS AS T4 ON T1.Maker  =  T4.Id WHERE T3.weight  <  3500 AND T4.FullName != 'Ford Motor Company';,SELECT model FROM Models WHERE weight < 3500 AND manufacturer != 'Ford Motor Company';
car_1,What are the different models wthat are lighter than 3500 but were not built by the Ford Motor Company?,SELECT DISTINCT T1.model FROM MODEL_LIST AS T1 JOIN CAR_NAMES AS T2 ON T1.Model  =  T2.Model JOIN CARS_DATA AS T3 ON T2.MakeId  =  T3.Id JOIN CAR_MAKERS AS T4 ON T1.Maker  =  T4.Id WHERE T3.weight  <  3500 AND T4.FullName != 'Ford Motor Company';,SELECT DISTINCT model FROM vehicles WHERE weight < 3500 AND manufacturer != 'Ford Motor Company';
car_1,What are the name of the countries where there is not a single car maker?,SELECT CountryName FROM countries EXCEPT SELECT T1.CountryName FROM countries AS T1 JOIN CAR_MAKERS AS T2 ON T1.countryId  =  T2.Country;,SELECT name FROM countries WHERE name NOT IN (SELECT DISTINCT country FROM car_makers);
car_1,What are the names of the countries with no car makers?,SELECT CountryName FROM countries EXCEPT SELECT T1.CountryName FROM countries AS T1 JOIN CAR_MAKERS AS T2 ON T1.countryId  =  T2.Country;,SELECT name FROM country WHERE name NOT IN (SELECT DISTINCT country FROM car_maker)
car_1,Which are the car makers which produce at least 2 models and more than 3 car makers ? List the id and the maker .,"select t1.id ,  t1.maker from car_makers as t1 join model_list as t2 on t1.id  =  t2.maker group by t1.id having count(*)  >=  2 intersect select t1.id ,  t1.maker from car_makers as t1 join model_list as t2 on t1.id  =  t2.maker join car_names as t3 on t2.model  =  t3.model group by t1.id having count(*)  >  3;","SELECT id, maker FROM cars GROUP BY maker HAVING COUNT(model) >= 2 AND COUNT(model) > 3;"
car_1,What are the ids and makers of all car makers that produce at least 2 models and make more than 3 cars?,"SELECT T1.Id ,  T1.Maker FROM CAR_MAKERS AS T1 JOIN MODEL_LIST AS T2 ON T1.Id  =  T2.Maker GROUP BY T1.Id HAVING count(*)  >=  2 INTERSECT SELECT T1.Id ,  T1.Maker FROM CAR_MAKERS AS T1 JOIN MODEL_LIST AS T2 ON T1.Id  =  T2.Maker JOIN CAR_NAMES AS T3 ON T2.model  =  T3.model GROUP BY T1.Id HAVING count(*)  >  3;","SELECT maker_id, maker_name FROM makers GROUP BY maker_id HAVING COUNT(DISTINCT model_id) >= 2 AND (SELECT COUNT(*) FROM cars WHERE cars.maker_id = makers.maker_id) > 3;"
car_1,What are the id and names of the countries which have more than 3 car makers or produce the 'fiat' model?,"SELECT T1.countryId ,  T1.CountryName FROM Countries AS T1 JOIN CAR_MAKERS AS T2 ON T1.CountryId  =  T2.Country GROUP BY T1.countryId HAVING count(*)  >  3 UNION SELECT T1.countryId ,  T1.CountryName FROM Countries AS T1 JOIN CAR_MAKERS AS T2 ON T1.CountryId  =  T2.Country JOIN MODEL_LIST AS T3 ON T2.Id  =  T3.Maker WHERE T3.Model  =  'fiat';","SELECT c.id, c.name FROM countries c JOIN car_makers m ON c.id = m.country_id GROUP BY c.id, c.name HAVING COUNT(DISTINCT m.id) > 3 OR c.id IN (SELECT country_id FROM car_makers WHERE id IN (SELECT maker_id FROM models WHERE model_name = 'fiat'))"
car_1,What are the ids and names of all countries that either have more than 3 car makers or produce fiat model ?,"select t1.countryid ,  t1.countryname from countries as t1 join car_makers as t2 on t1.countryid  =  t2.country group by t1.countryid having count(*)  >  3 union select t1.countryid ,  t1.countryname from countries as t1 join car_makers as t2 on t1.countryid  =  t2.country join model_list as t3 on t2.id  =  t3.maker where t3.model  =  'fiat';","SELECT CountryID, CountryName FROM Countries WHERE CountryID IN (SELECT CountryID FROM CarMakers GROUP BY CountryID HAVING COUNT(DISTINCT MakerID) > 3) UNION SELECT DISTINCT CountryID, CountryName FROM Countries JOIN CarMakers ON Countries.CountryID = CarMakers.CountryID JOIN Models ON CarMakers.MakerID = Models.MakerID WHERE Models.ModelName = 'Fiat'"
flight_2,"Which country does Airline ""JetBlue Airways"" belong to?","SELECT Country FROM AIRLINES WHERE Airline  =  ""JetBlue Airways""",SELECT country FROM airlines WHERE name = 'JetBlue Airways' LIMIT 1;
flight_2,What country is Jetblue Airways affiliated with?,"SELECT Country FROM AIRLINES WHERE Airline  =  ""JetBlue Airways""","SELECT country FROM airlines WHERE airline_name = ""Jetblue Airways"" LIMIT 1;"
flight_2,"What is the abbreviation of Airline ""JetBlue Airways""?","SELECT Abbreviation FROM AIRLINES WHERE Airline  =  ""JetBlue Airways""",SELECT abbreviation FROM airlines WHERE name = 'JetBlue Airways' LIMIT 1;
flight_2,Which abbreviation corresponds to Jetblue Airways?,"SELECT Abbreviation FROM AIRLINES WHERE Airline  =  ""JetBlue Airways""",SELECT abbreviation FROM airlines WHERE name = 'Jetblue Airways' LIMIT 1;
flight_2,"List all airline names and their abbreviations in ""USA"".","SELECT Airline ,  Abbreviation FROM AIRLINES WHERE Country  =  ""USA""","SELECT name, abbreviation FROM airlines WHERE country = 'USA';"
flight_2,What are the airline names and abbreviations for airlines in the USA?,"SELECT Airline ,  Abbreviation FROM AIRLINES WHERE Country  =  ""USA""",SELECT 'STILL ERROR: name 'clean_sql_output' is not defined'
flight_2,List the airport code and name in the city of Anthony.,"SELECT AirportCode ,  AirportName FROM AIRPORTS WHERE city  =  ""Anthony""","SELECT airport_code, airport_name FROM airports WHERE city = 'Anthony';"
flight_2,Give the airport code and airport name corresonding to the city Anthony.,"SELECT AirportCode ,  AirportName FROM AIRPORTS WHERE city  =  ""Anthony""","SELECT airport_code, airport_name FROM airports WHERE city = 'Anthony';"
flight_2,How many airlines do we have?,SELECT count(*) FROM AIRLINES,SELECT COUNT(*) FROM airlines;
flight_2,What is the total number of airlines?,SELECT count(*) FROM AIRLINES,SELECT COUNT(*) FROM airlines;
flight_2,How many airports do we have?,SELECT count(*) FROM AIRPORTS,SELECT COUNT(*) FROM airports;
flight_2,Return the number of  airports.,SELECT count(*) FROM AIRPORTS,SELECT COUNT(*) FROM airports;
flight_2,How many flights do we have?,SELECT count(*) FROM FLIGHTS,SELECT COUNT(*) FROM flights;
flight_2,Return the number of flights.,SELECT count(*) FROM FLIGHTS,SELECT COUNT(*) FROM flights;
flight_2,Which airline has abbreviation 'UAL'?,"SELECT Airline FROM AIRLINES WHERE Abbreviation  =  ""UAL""",SELECT airline_name FROM airlines WHERE code = 'UAL';
flight_2,Give the airline with abbreviation 'UAL'.,"SELECT Airline FROM AIRLINES WHERE Abbreviation  =  ""UAL""",SELECT name FROM airlines WHERE abbreviation = 'UAL';
flight_2,How many airlines are from USA?,"SELECT count(*) FROM AIRLINES WHERE Country  =  ""USA""",SELECT COUNT(*) FROM airlines WHERE country = 'USA';
flight_2,Return the number of airlines in the USA.,"SELECT count(*) FROM AIRLINES WHERE Country  =  ""USA""",SELECT COUNT(*) FROM airlines WHERE country = 'USA';
flight_2,Which city and country is the Alton airport at?,"SELECT City ,  Country FROM AIRPORTS WHERE AirportName  =  ""Alton""","SELECT city, country FROM airports WHERE name = 'Alton';"
flight_2,Give the city and country for the Alton airport.,"SELECT City ,  Country FROM AIRPORTS WHERE AirportName  =  ""Alton""","SELECT city, country FROM airports WHERE name = 'Alton';"
flight_2,What is the airport name for airport 'AKO'?,"SELECT AirportName FROM AIRPORTS WHERE AirportCode  =  ""AKO""",SELECT airport_name FROM airports WHERE airport_code = 'AKO';
flight_2,Return the name of the airport with code 'AKO'.,"SELECT AirportName FROM AIRPORTS WHERE AirportCode  =  ""AKO""",SELECT name FROM airports WHERE code = 'AKO';
flight_2,What are airport names at City 'Aberdeen'?,"SELECT AirportName FROM AIRPORTS WHERE City = ""Aberdeen""",SELECT name FROM airports WHERE city = 'Aberdeen';
flight_2,What are the names of airports in Aberdeen?,"SELECT AirportName FROM AIRPORTS WHERE City = ""Aberdeen""",SELECT name FROM airports WHERE city = 'Aberdeen';
flight_2,How many flights depart from 'APG'?,"SELECT count(*) FROM FLIGHTS WHERE SourceAirport  =  ""APG""",SELECT COUNT(*) FROM flights WHERE origin = 'APG';
flight_2,Count the number of flights departing from 'APG'.,"SELECT count(*) FROM FLIGHTS WHERE SourceAirport  =  ""APG""",SELECT COUNT(*) FROM flights WHERE origin = 'APG';
flight_2,How many flights have destination ATO?,"SELECT count(*) FROM FLIGHTS WHERE DestAirport  =  ""ATO""",SELECT COUNT(*) FROM flights WHERE destination = 'ATO';
flight_2,Count the number of flights into ATO.,"SELECT count(*) FROM FLIGHTS WHERE DestAirport  =  ""ATO""",SELECT COUNT(*) FROM flights WHERE destination = 'ATO';
flight_2,How many flights depart from City Aberdeen?,"SELECT count(*) FROM FLIGHTS AS T1 JOIN AIRPORTS AS T2 ON T1.SourceAirport  =  T2.AirportCode WHERE T2.City  =  ""Aberdeen""",SELECT COUNT(*) FROM flights WHERE departure_city = 'Aberdeen';
flight_2,Return the number of flights departing from Aberdeen.,"SELECT count(*) FROM FLIGHTS AS T1 JOIN AIRPORTS AS T2 ON T1.SourceAirport  =  T2.AirportCode WHERE T2.City  =  ""Aberdeen""",SELECT COUNT(*) FROM flights WHERE origin = 'Aberdeen';
flight_2,How many flights arriving in Aberdeen city?,"SELECT count(*) FROM FLIGHTS AS T1 JOIN AIRPORTS AS T2 ON T1.DestAirport  =  T2.AirportCode WHERE T2.City  =  ""Aberdeen""",SELECT COUNT(*) FROM flights WHERE arrival_city = 'Aberdeen';
flight_2,Return the number of flights arriving in Aberdeen.,"SELECT count(*) FROM FLIGHTS AS T1 JOIN AIRPORTS AS T2 ON T1.DestAirport  =  T2.AirportCode WHERE T2.City  =  ""Aberdeen""",SELECT COUNT(*) FROM flights WHERE arrival_city = 'Aberdeen';
flight_2,How many flights depart from City 'Aberdeen' and have destination City 'Ashley'?,"SELECT count(*) FROM FLIGHTS AS T1 JOIN AIRPORTS AS T2 ON T1.DestAirport  =  T2.AirportCode JOIN AIRPORTS AS T3 ON T1.SourceAirport  =  T3.AirportCode WHERE T2.City  =  ""Ashley"" AND T3.City  =  ""Aberdeen""",SELECT COUNT(*) FROM flights WHERE origin_city = 'Aberdeen' AND destination_city = 'Ashley';
flight_2,How many flights fly from Aberdeen to Ashley?,"SELECT count(*) FROM FLIGHTS AS T1 JOIN AIRPORTS AS T2 ON T1.DestAirport  =  T2.AirportCode JOIN AIRPORTS AS T3 ON T1.SourceAirport  =  T3.AirportCode WHERE T2.City  =  ""Ashley"" AND T3.City  =  ""Aberdeen""",SELECT COUNT(*) FROM flights WHERE origin_city = 'Aberdeen' AND destination_city = 'Ashley';
flight_2,How many flights does airline 'JetBlue Airways' have?,"SELECT count(*) FROM FLIGHTS AS T1 JOIN AIRLINES AS T2 ON T1.Airline  =  T2.uid WHERE T2.Airline = ""JetBlue Airways""",SELECT COUNT(*) FROM flights WHERE airline = 'JetBlue Airways'
flight_2,Give the number of Jetblue Airways flights.,"SELECT count(*) FROM FLIGHTS AS T1 JOIN AIRLINES AS T2 ON T1.Airline  =  T2.uid WHERE T2.Airline = ""JetBlue Airways""",SELECT COUNT(*) FROM flights WHERE airline = 'Jetblue Airways';
flight_2,How many 'United Airlines' flights go to Airport 'ASY'?,"SELECT count(*) FROM AIRLINES AS T1 JOIN FLIGHTS AS T2 ON T2.Airline  =  T1.uid WHERE T1.Airline  =  ""United Airlines"" AND T2.DestAirport  =  ""ASY""",SELECT COUNT(*) FROM flights WHERE airline = 'United Airlines' AND destination = 'ASY';
flight_2,Count the number of United Airlines flights arriving in ASY Airport.,"SELECT count(*) FROM AIRLINES AS T1 JOIN FLIGHTS AS T2 ON T2.Airline  =  T1.uid WHERE T1.Airline  =  ""United Airlines"" AND T2.DestAirport  =  ""ASY""",SELECT COUNT(*) FROM flights WHERE airline = 'United Airlines' AND arrival_airport = 'ASY';
flight_2,How many 'United Airlines' flights depart from Airport 'AHD'?,"SELECT count(*) FROM AIRLINES AS T1 JOIN FLIGHTS AS T2 ON T2.Airline  =  T1.uid WHERE T1.Airline  =  ""United Airlines"" AND T2.SourceAirport  =  ""AHD""",SELECT COUNT(*) FROM flights WHERE airline = 'United Airlines' AND departure_airport = 'AHD';
flight_2,Return the number of United Airlines flights leaving from AHD Airport.,"SELECT count(*) FROM AIRLINES AS T1 JOIN FLIGHTS AS T2 ON T2.Airline  =  T1.uid WHERE T1.Airline  =  ""United Airlines"" AND T2.SourceAirport  =  ""AHD""",SELECT COUNT(*) FROM flights WHERE airline = 'United Airlines' AND origin = 'AHD';
flight_2,How many United Airlines flights go to City 'Aberdeen'?,"SELECT count(*) FROM FLIGHTS AS T1 JOIN AIRPORTS AS T2 ON T1.DestAirport  =  T2.AirportCode JOIN AIRLINES AS T3 ON T3.uid  =  T1.Airline WHERE T2.City  =  ""Aberdeen"" AND T3.Airline  =  ""United Airlines""",SELECT COUNT(*) FROM flights WHERE airline = 'United Airlines' AND destination_city = 'Aberdeen';
flight_2,Count the number of United Airlines flights that arrive in Aberdeen.,"SELECT count(*) FROM FLIGHTS AS T1 JOIN AIRPORTS AS T2 ON T1.DestAirport  =  T2.AirportCode JOIN AIRLINES AS T3 ON T3.uid  =  T1.Airline WHERE T2.City  =  ""Aberdeen"" AND T3.Airline  =  ""United Airlines""",SELECT COUNT(*) FROM flights WHERE airline = 'United Airlines' AND destination = 'Aberdeen';
flight_2,Which city has most number of arriving flights?,SELECT T1.City FROM AIRPORTS AS T1 JOIN FLIGHTS AS T2 ON T1.AirportCode  =  T2.DestAirport GROUP BY T1.City ORDER BY count(*) DESC LIMIT 1,"SELECT destination_city, COUNT(*) AS arrival_count FROM flights GROUP BY destination_city ORDER BY arrival_count DESC LIMIT 1;"
flight_2,Which city has the most frequent destination airport?,SELECT T1.City FROM AIRPORTS AS T1 JOIN FLIGHTS AS T2 ON T1.AirportCode  =  T2.DestAirport GROUP BY T1.City ORDER BY count(*) DESC LIMIT 1,SELECT city FROM flights GROUP BY city ORDER BY COUNT(*) DESC LIMIT 1;
flight_2,Which city has most number of departing flights?,SELECT T1.City FROM AIRPORTS AS T1 JOIN FLIGHTS AS T2 ON T1.AirportCode  =  T2.SourceAirport GROUP BY T1.City ORDER BY count(*) DESC LIMIT 1,SELECT origin_city FROM flights GROUP BY origin_city ORDER BY COUNT(*) DESC LIMIT 1;
flight_2,Which city is the most frequent source airport?,SELECT T1.City FROM AIRPORTS AS T1 JOIN FLIGHTS AS T2 ON T1.AirportCode  =  T2.SourceAirport GROUP BY T1.City ORDER BY count(*) DESC LIMIT 1,SELECT city FROM airports GROUP BY city ORDER BY COUNT(*) DESC LIMIT 1;
flight_2,What is the code of airport that has the highest number of flights?,SELECT T1.AirportCode FROM AIRPORTS AS T1 JOIN FLIGHTS AS T2 ON T1.AirportCode  =  T2.DestAirport OR T1.AirportCode  =  T2.SourceAirport GROUP BY T1.AirportCode ORDER BY count(*) DESC LIMIT 1,SELECT code FROM (SELECT origin_airport_code AS code FROM flights UNION ALL SELECT destination_airport_code AS code FROM flights) GROUP BY code ORDER BY COUNT(*) DESC LIMIT 1;
flight_2,What is the airport code of the airport with the most flights?,SELECT T1.AirportCode FROM AIRPORTS AS T1 JOIN FLIGHTS AS T2 ON T1.AirportCode  =  T2.DestAirport OR T1.AirportCode  =  T2.SourceAirport GROUP BY T1.AirportCode ORDER BY count(*) DESC LIMIT 1,SELECT airport_code FROM (SELECT departure_airport AS airport_code FROM flights UNION ALL SELECT arrival_airport AS airport_code FROM flights) GROUP BY airport_code ORDER BY COUNT(*) DESC LIMIT 1;
flight_2,What is the code of airport that has fewest number of flights?,SELECT T1.AirportCode FROM AIRPORTS AS T1 JOIN FLIGHTS AS T2 ON T1.AirportCode  =  T2.DestAirport OR T1.AirportCode  =  T2.SourceAirport GROUP BY T1.AirportCode ORDER BY count(*) LIMIT 1,SELECT airport_code FROM (SELECT origin AS airport_code FROM flights UNION ALL SELECT destination AS airport_code FROM flights) GROUP BY airport_code ORDER BY COUNT(*) ASC LIMIT 1;
flight_2,Give the code of the airport with the least flights.,SELECT T1.AirportCode FROM AIRPORTS AS T1 JOIN FLIGHTS AS T2 ON T1.AirportCode  =  T2.DestAirport OR T1.AirportCode  =  T2.SourceAirport GROUP BY T1.AirportCode ORDER BY count(*) LIMIT 1,SELECT airport_code FROM (SELECT origin_airport_code AS airport_code FROM flights UNION ALL SELECT destination_airport_code AS airport_code FROM flights) GROUP BY airport_code ORDER BY COUNT(*) ASC LIMIT 1;
flight_2,Which airline has most number of flights?,SELECT T1.Airline FROM AIRLINES AS T1 JOIN FLIGHTS AS T2 ON T1.uid  =  T2.Airline GROUP BY T1.Airline ORDER BY count(*) DESC LIMIT 1,"SELECT airline, COUNT(*) as flight_count FROM flights GROUP BY airline ORDER BY flight_count DESC LIMIT 1;"
flight_2,What airline serves the most flights?,SELECT T1.Airline FROM AIRLINES AS T1 JOIN FLIGHTS AS T2 ON T1.uid  =  T2.Airline GROUP BY T1.Airline ORDER BY count(*) DESC LIMIT 1,"SELECT airline, COUNT(*) AS flight_count FROM flights GROUP BY airline ORDER BY flight_count DESC LIMIT 1;"
flight_2,Find the abbreviation and country of the airline that has fewest number of flights?,"SELECT T1.Abbreviation ,  T1.Country FROM AIRLINES AS T1 JOIN FLIGHTS AS T2 ON T1.uid  =  T2.Airline GROUP BY T1.Airline ORDER BY count(*) LIMIT 1","SELECT abbreviation, country FROM airlines ORDER BY (SELECT COUNT(*) FROM flights WHERE flights.airline_id = airlines.id) ASC LIMIT 1;"
flight_2,What is the abbreviation of the airilne has the fewest flights and what country is it in?,"SELECT T1.Abbreviation ,  T1.Country FROM AIRLINES AS T1 JOIN FLIGHTS AS T2 ON T1.uid  =  T2.Airline GROUP BY T1.Airline ORDER BY count(*) LIMIT 1","SELECT a.abbreviation, a.country FROM airlines a JOIN flights f ON a.id = f.airline_id GROUP BY a.abbreviation, a.country ORDER BY COUNT(f.id) ASC LIMIT 1"
flight_2,What are airlines that have some flight departing from airport 'AHD'?,"SELECT T1.Airline FROM AIRLINES AS T1 JOIN FLIGHTS AS T2 ON T1.uid  =  T2.Airline WHERE T2.SourceAirport  =  ""AHD""",SELECT DISTINCT airline FROM flights WHERE departure_airport = 'AHD';
flight_2,Which airlines have a flight with source airport AHD?,"SELECT T1.Airline FROM AIRLINES AS T1 JOIN FLIGHTS AS T2 ON T1.uid  =  T2.Airline WHERE T2.SourceAirport  =  ""AHD""",SELECT DISTINCT airline FROM flights WHERE source_airport = 'AHD';
flight_2,What are airlines that have flights arriving at airport 'AHD'?,"SELECT T1.Airline FROM AIRLINES AS T1 JOIN FLIGHTS AS T2 ON T1.uid  =  T2.Airline WHERE T2.DestAirport  =  ""AHD""",SELECT DISTINCT airline FROM flights WHERE arrival_airport = 'AHD'
flight_2,Which airlines have a flight with destination airport AHD?,"SELECT T1.Airline FROM AIRLINES AS T1 JOIN FLIGHTS AS T2 ON T1.uid  =  T2.Airline WHERE T2.DestAirport  =  ""AHD""",SELECT DISTINCT airlines.name FROM airlines JOIN flights ON airlines.id = flights.airline_id WHERE flights.destination = 'AHD';
flight_2,Find all airlines that have flights from both airports 'APG' and 'CVO'.,"SELECT T1.Airline FROM AIRLINES AS T1 JOIN FLIGHTS AS T2 ON T1.uid  =  T2.Airline WHERE T2.SourceAirport  =  ""APG"" INTERSECT SELECT T1.Airline FROM AIRLINES AS T1 JOIN FLIGHTS AS T2 ON T1.uid  =  T2.Airline WHERE T2.SourceAirport  =  ""CVO""","SELECT airline FROM flights WHERE origin_airport IN ('APG','CVO') GROUP BY airline HAVING COUNT(DISTINCT origin_airport)=2;"
flight_2,Which airlines have departing flights from both APG and CVO airports?,"SELECT T1.Airline FROM AIRLINES AS T1 JOIN FLIGHTS AS T2 ON T1.uid  =  T2.Airline WHERE T2.SourceAirport  =  ""APG"" INTERSECT SELECT T1.Airline FROM AIRLINES AS T1 JOIN FLIGHTS AS T2 ON T1.uid  =  T2.Airline WHERE T2.SourceAirport  =  ""CVO""","SELECT airline FROM flights WHERE origin IN ('APG','CVO') GROUP BY airline HAVING COUNT(DISTINCT origin)=2;"
flight_2,Find all airlines that have flights from airport 'CVO' but not from 'APG'.,"SELECT T1.Airline FROM AIRLINES AS T1 JOIN FLIGHTS AS T2 ON T1.uid  =  T2.Airline WHERE T2.SourceAirport  =  ""CVO"" EXCEPT SELECT T1.Airline FROM AIRLINES AS T1 JOIN FLIGHTS AS T2 ON T1.uid  =  T2.Airline WHERE T2.SourceAirport  =  ""APG""",SELECT DISTINCT airline FROM flights WHERE origin = 'CVO' AND airline NOT IN (SELECT DISTINCT airline FROM flights WHERE origin = 'APG')
flight_2,Which airlines have departures from CVO but not from APG airports?,"SELECT T1.Airline FROM AIRLINES AS T1 JOIN FLIGHTS AS T2 ON T1.uid  =  T2.Airline WHERE T2.SourceAirport  =  ""CVO"" EXCEPT SELECT T1.Airline FROM AIRLINES AS T1 JOIN FLIGHTS AS T2 ON T1.uid  =  T2.Airline WHERE T2.SourceAirport  =  ""APG""",SELECT DISTINCT f1.airline FROM flights f1 WHERE f1.departure_airport = 'CVO' AND NOT EXISTS (SELECT 1 FROM flights f2 WHERE f2.airline = f1.airline AND f2.departure_airport = 'APG')
flight_2,Find all airlines that have at least 10 flights.,SELECT T1.Airline FROM AIRLINES AS T1 JOIN FLIGHTS AS T2 ON T1.uid  =  T2.Airline GROUP BY T1.Airline HAVING count(*)  >  10,SELECT airline FROM flights GROUP BY airline HAVING COUNT(*) >= 10;
flight_2,Which airlines have at least 10 flights?,SELECT T1.Airline FROM AIRLINES AS T1 JOIN FLIGHTS AS T2 ON T1.uid  =  T2.Airline GROUP BY T1.Airline HAVING count(*)  >  10,SELECT airline FROM flights GROUP BY airline HAVING COUNT(*) >= 10;
flight_2,Find all airlines that have fewer than 200 flights.,SELECT T1.Airline FROM AIRLINES AS T1 JOIN FLIGHTS AS T2 ON T1.uid  =  T2.Airline GROUP BY T1.Airline HAVING count(*)  <  200,SELECT airline_name FROM flights GROUP BY airline_name HAVING COUNT(*) < 200;
flight_2,Which airlines have less than 200 flights?,SELECT T1.Airline FROM AIRLINES AS T1 JOIN FLIGHTS AS T2 ON T1.uid  =  T2.Airline GROUP BY T1.Airline HAVING count(*)  <  200,SELECT airline_name FROM airlines JOIN flights ON airlines.airline_id = flights.airline_id GROUP BY airline_name HAVING COUNT(*) < 200;
flight_2,"What are flight numbers of Airline ""United Airlines""?","SELECT T1.FlightNo FROM FLIGHTS AS T1 JOIN AIRLINES AS T2 ON T2.uid  =  T1.Airline WHERE T2.Airline  =  ""United Airlines""",SELECT flight_number FROM flights WHERE airline = 'United Airlines';
flight_2,Which flight numbers correspond to United Airlines flights?,"SELECT T1.FlightNo FROM FLIGHTS AS T1 JOIN AIRLINES AS T2 ON T2.uid  =  T1.Airline WHERE T2.Airline  =  ""United Airlines""",SELECT flight_number FROM flights WHERE airline_code = 'UA';
flight_2,"What are flight numbers of flights departing from Airport ""APG""?","SELECT FlightNo FROM FLIGHTS WHERE SourceAirport  =  ""APG""",SELECT flight_number FROM flights WHERE origin_airport = 'APG';
flight_2,Give the flight numbers of flights leaving from APG.,"SELECT FlightNo FROM FLIGHTS WHERE SourceAirport  =  ""APG""",SELECT flight_number FROM flights WHERE origin = 'APG';
flight_2,"What are flight numbers of flights arriving at Airport ""APG""?","SELECT FlightNo FROM FLIGHTS WHERE DestAirport  =  ""APG""",SELECT flight_number FROM flights WHERE arrival_airport = 'APG';
flight_2,Give the flight numbers of flights landing at APG.,"SELECT FlightNo FROM FLIGHTS WHERE DestAirport  =  ""APG""",SELECT flight_number FROM flights WHERE arrival_airport = 'APG';
flight_2,"What are flight numbers of flights departing from City ""Aberdeen ""?","SELECT T1.FlightNo FROM FLIGHTS AS T1 JOIN AIRPORTS AS T2 ON T1.SourceAirport   =  T2.AirportCode WHERE T2.City  =  ""Aberdeen""",SELECT flight_number FROM flights WHERE origin_city = 'Aberdeen ';
flight_2,Give the flight numbers of flights leaving from Aberdeen.,"SELECT T1.FlightNo FROM FLIGHTS AS T1 JOIN AIRPORTS AS T2 ON T1.SourceAirport   =  T2.AirportCode WHERE T2.City  =  ""Aberdeen""",SELECT flight_number FROM flights WHERE origin = 'Aberdeen';
flight_2,"What are flight numbers of flights arriving at City ""Aberdeen""?","SELECT T1.FlightNo FROM FLIGHTS AS T1 JOIN AIRPORTS AS T2 ON T1.DestAirport   =  T2.AirportCode WHERE T2.City  =  ""Aberdeen""",SELECT flight_number FROM flights WHERE arrival_city = 'Aberdeen';
flight_2,Give the flight numbers of flights arriving in Aberdeen.,"SELECT T1.FlightNo FROM FLIGHTS AS T1 JOIN AIRPORTS AS T2 ON T1.DestAirport   =  T2.AirportCode WHERE T2.City  =  ""Aberdeen""",SELECT flight_number FROM flights WHERE arrival_city = 'Aberdeen';
flight_2,Find the number of flights landing in the city of Aberdeen or Abilene.,"SELECT count(*) FROM Flights AS T1 JOIN Airports AS T2 ON T1.DestAirport  =  T2.AirportCode WHERE T2.city  =  ""Aberdeen"" OR T2.city  =  ""Abilene""","SELECT COUNT(*) FROM flights WHERE arrival_city IN ('Aberdeen','Abilene')"
flight_2,How many flights land in Aberdeen or Abilene?,"SELECT count(*) FROM Flights AS T1 JOIN Airports AS T2 ON T1.DestAirport  =  T2.AirportCode WHERE T2.city  =  ""Aberdeen"" OR T2.city  =  ""Abilene""","SELECT COUNT(*) FROM flights WHERE arrival_city IN ('Aberdeen','Abilene');"
flight_2,Find the name of airports which do not have any flight in and out.,SELECT AirportName FROM Airports WHERE AirportCode NOT IN (SELECT SourceAirport FROM Flights UNION SELECT DestAirport FROM Flights),SELECT name FROM airports WHERE id NOT IN (SELECT origin_airport_id FROM flights UNION SELECT destination_airport_id FROM flights)
flight_2,Which airports do not have departing or arriving flights?,SELECT AirportName FROM Airports WHERE AirportCode NOT IN (SELECT SourceAirport FROM Flights UNION SELECT DestAirport FROM Flights),SELECT * FROM airports WHERE airport_code NOT IN (SELECT origin FROM flights UNION SELECT destination FROM flights);
employee_hire_evaluation,How many employees are there?,SELECT count(*) FROM employee,SELECT COUNT(*) FROM employees;
employee_hire_evaluation,Count the number of employees,SELECT count(*) FROM employee,SELECT COUNT(*) FROM employees;
employee_hire_evaluation,Sort employee names by their age in ascending order.,SELECT name FROM employee ORDER BY age,SELECT name FROM employees ORDER BY age ASC;
employee_hire_evaluation,List the names of employees and sort in ascending order of age.,SELECT name FROM employee ORDER BY age,SELECT name FROM employees ORDER BY age ASC;
employee_hire_evaluation,What is the number of employees from each city?,"SELECT count(*) ,  city FROM employee GROUP BY city","SELECT city, COUNT(*) FROM employees GROUP BY city;"
employee_hire_evaluation,Count the number of employees for each city.,"SELECT count(*) ,  city FROM employee GROUP BY city","SELECT city, COUNT(*) FROM employees GROUP BY city;"
employee_hire_evaluation,Which cities do more than one employee under age 30 come from?,SELECT city FROM employee WHERE age  <  30 GROUP BY city HAVING count(*)  >  1,SELECT city FROM employees WHERE age < 30 GROUP BY city HAVING COUNT(*) > 1;
employee_hire_evaluation,Find the cities that have more than one employee under age 30.,SELECT city FROM employee WHERE age  <  30 GROUP BY city HAVING count(*)  >  1,SELECT city FROM employees WHERE age < 30 GROUP BY city HAVING COUNT(*) > 1;
employee_hire_evaluation,Find the number of shops in each location.,"SELECT count(*) ,  LOCATION FROM shop GROUP BY LOCATION","SELECT location, COUNT(*) FROM shops GROUP BY location;"
employee_hire_evaluation,How many shops are there in each location?,"SELECT count(*) ,  LOCATION FROM shop GROUP BY LOCATION","SELECT location, COUNT(*) FROM shops GROUP BY location;"
employee_hire_evaluation,Find the manager name and district of the shop whose number of products is the largest.,"SELECT manager_name ,  district FROM shop ORDER BY number_products DESC LIMIT 1","SELECT s.manager_name, s.district FROM shops s JOIN products p ON s.shop_id = p.shop_id GROUP BY s.shop_id ORDER BY COUNT(p.product_id) DESC LIMIT 1"
employee_hire_evaluation,What are the manager name and district of the shop that sells the largest number of products?,"SELECT manager_name ,  district FROM shop ORDER BY number_products DESC LIMIT 1","SELECT s.manager_name, s.district FROM shops s JOIN products p ON s.shop_id = p.shop_id GROUP BY s.shop_id ORDER BY COUNT(p.product_id) DESC LIMIT 1;"
employee_hire_evaluation,find the minimum and maximum number of products of all stores.,"SELECT min(Number_products) ,  max(Number_products) FROM shop","SELECT MIN(product_count) AS min_products, MAX(product_count) AS max_products FROM (SELECT store_id, COUNT(*) AS product_count FROM products GROUP BY store_id) AS counts;"
employee_hire_evaluation,What are the minimum and maximum number of products across all the shops?,"SELECT min(Number_products) ,  max(Number_products) FROM shop","SELECT MIN(product_count) AS min_products, MAX(product_count) AS max_products FROM (SELECT shop_id, COUNT(*) AS product_count FROM products GROUP BY shop_id) AS counts;"
employee_hire_evaluation,"Return the name, location and district of all shops in descending order of number of products.","SELECT name ,  LOCATION ,  district FROM shop ORDER BY number_products DESC","SELECT name, location, district FROM shops LEFT JOIN products ON shops.shop_id = products.shop_id GROUP BY shops.shop_id ORDER BY COUNT(products.product_id) DESC;"
employee_hire_evaluation,"Sort all the shops by number products in descending order, and return the name, location and district of each shop.","SELECT name ,  LOCATION ,  district FROM shop ORDER BY number_products DESC","SELECT name, location, district FROM shops LEFT JOIN products ON shops.id = products.shop_id GROUP BY name, location, district ORDER BY COUNT(products.id) DESC;"
employee_hire_evaluation,Find the names of stores whose number products is more than the average number of products.,SELECT name FROM shop WHERE number_products  >  (SELECT avg(number_products) FROM shop),"<think> Okay, let's see. The user wants to find the names of stores where the number of products is more than the average number of products. Hmm, but wait, the database schema isn't provided. Oh right, the user said to base on intuition about the names. So I need to assume the table structure.  First, I need to figure out what tables and columns are involved. Typically, there might be a 'stores' table and a 'products' table. Maybe each product is associated with a store. So the 'products' table might have a 'store_id' foreign key referencing the 'stores' table. The 'stores' table would have a 'name' column.   The goal is to find each store's product count and compare it to the average. So I need to calculate two things: the number of products per store and the overall average number of products across all stores.  To get the count per store, I can group the products by store_id and count them. Then, I need to compare each store's count to the average. But how do I get the average? The average would be the total number of products divided by the number of stores. Alternatively, I can compute the average using a subquery.  Wait, the average number of products per store. Let me think. Suppose there are multiple stores, each with their own product count. The average would be (sum of all products) / (number of stores). So if I have a subquery that calculates that average, then I can compare each store's product count to that value.  So the steps are:  1. Join the stores and products tables to get each store's product count. 2. Calculate the average product count across all stores. 3. Select the stores where their product count is greater than this average.  But how to structure the SQL. Let's outline the tables. Let's assume:  - stores table has store_id, name - products table has product_id, store_id, etc.  So first, for each store, count the number of products. That would be:  SELECT store_id, COUNT(*) as product_count FROM products GROUP BY store_id;  Then, the average would be (sum of all product counts) divided by the number of stores. But how to get that in a subquery?  Alternatively, the average can be calculated as (SELECT AVG(product_count) FROM (SELECT COUNT(*) as product_count FROM products GROUP BY store_id)).  Wait, but that's the average of the product counts per store, which is what we need. So the main query would be to get each store's product count and compare it to that average.  So putting it all together, the SQL would be:  SELECT s.name FROM stores s JOIN (     SELECT store_id, COUNT(*) as product_count     FROM products     GROUP BY store_id ) p ON s.store_id = p.store_id WHERE p.product_count > (     SELECT AVG(product_count)     FROM (         SELECT COUNT(*) as product_count         FROM products         GROUP BY store_id     ) );  But wait, maybe there's a more efficient way. Let me check. The subquery in the WHERE clause calculates the average product count per store. Then, the main query selects stores where their product count is higher than that average.  Alternatively, maybe the average is calculated as (total products) / (number of stores). Let's see. Suppose total_products is SUM(COUNT(*)) OVER() and number_of_stores is COUNT(DISTINCT store_id) FROM products. But if some stores have zero products, then the count of stores would be different. Hmm. But if the products table only includes products for stores that have at least one product, then maybe. But if there are stores with zero products, they would be in the stores table but not in the products table. So in that case, the average would be (total products) / (number of stores), including those with zero. But how to handle that?  But since the problem says ""number of products"" for each store, maybe stores with zero products would have a count of zero. However, if a store has no products, then it wouldn't appear in the products table. So when joining, those stores would not be considered. But the user's question is about stores whose number of products is more than average. If a store has zero products, it's possible that they are included in the average calculation, but since they have zero, they would be below average. But if the stores table includes stores with no products, then the average would be (total products) / (number of stores). However, in that case, the count for those stores would be zero. But if we're joining on products, those stores wouldn't be in the subquery. So maybe the average is calculated based on the product counts of existing stores. This is getting complicated.  But given that the schema isn't provided, I have to make assumptions. Let's proceed with the initial approach where the average is the average of product counts per store, considering all stores that have at least one product. Or maybe the average is calculated as total products divided by number of stores. Let me think again.  If the average is the average number of products per store, then it's (total number of products) divided by (number of stores). For example, if there are 100 products and 5 stores, average is 20. So stores with more than 20 products would be selected.  But how to calculate that in SQL. The total number of products is COUNT(*) FROM products. The number of stores is COUNT(*) FROM stores. So the average would be (SELECT (SELECT COUNT(*) FROM products) / (SELECT COUNT(*) FROM stores)).  But then, if some stores have zero products, they are still counted in the denominator. For example, if there are 5 stores, 3 with products and 2 without. The average would be total products / 5. But the stores with zero products would automatically be below average. However, if we're only considering stores that have products, then the average would be higher.  But the problem says ""the average number of products"". It's ambiguous. But given that the user is asking for stores whose number of products is more than average, it's possible that the average is calculated over all stores, including those with zero products. However, without knowing the schema, it's hard to tell. But since the products table is linked to stores via store_id, perhaps the stores with zero products are not present in the products table. Therefore, when we do a GROUP BY store_id in the products table, those stores with zero products are not included. Therefore, the average would be based only on stores that have at least one product.  But the problem is that the user might want to include all stores, even those with zero products. However, without knowing the schema, perhaps the correct approach is to assume that each store has at least one product. Therefore, the average is calculated as (total products) / (number of stores). But how to get the number of stores? If the stores table has all stores, then the number of stores is COUNT(*) FROM stores. But if the products table only includes stores with products, then the number of stores in the products table is COUNT(DISTINCT store_id) FROM products.  This is getting too complicated. Let's go back to the initial approach where the average is the average of the product counts per store. So for each store, count the products, then take the average of those counts. Then select the stores where their count is above that average.  So the SQL would be:  SELECT s.name FROM stores s INNER JOIN (     SELECT store_id, COUNT(*) AS num_products     FROM products     GROUP BY store_id ) p ON s.store_id = p.store_id WHERE p.num_products > (     SELECT AVG(num_products)     FROM (         SELECT COUNT(*) AS num_products         FROM products         GROUP BY store_id     ) );  But this assumes that every store has at least one product. If there are stores with zero products, they are not in the subquery, so they are excluded. However, if the average is calculated based only on stores with products, then the average could be higher. For example, if there are 3 stores: two with 10 products each and one with 0. The average of the two would be 10, so the stores with more than 10 would be none. But if the average is calculated as (10 + 10 + 0)/3 = 6.66, then the two stores with 10 would be above average. But since the store with 0 isn't in the products table, the average would be 10. So the answer depends on whether the average includes all stores or only those with products.  Given the ambiguity, but based on the problem statement, the user probably wants the average number of products per store, considering all stores. However, without knowing the schema, it's impossible to be certain. Since the schema isn't provided, I'll proceed with the initial approach where the average is calculated based on the product counts from the products table, which may exclude stores with zero products. Therefore, the SQL query would be as above.  But let's check if there's a way to include all stores. For example, if we left join products to stores, then count, but that would require a different approach. However, without knowing the schema, perhaps the user expects a simpler approach. Maybe the stores table has a column for the number of products, but that's unlikely. More likely, the products are in a separate table.  Another approach: calculate the average number of products per store as (total products) / (number of stores). So:  SELECT name FROM stores WHERE (     SELECT COUNT(*)      FROM products      WHERE products.store_id = stores.store_id"
employee_hire_evaluation,Which shops' number products is above the average? Give me the shop names.,SELECT name FROM shop WHERE number_products  >  (SELECT avg(number_products) FROM shop),"SELECT shop_name FROM (SELECT s.shop_name, COUNT(p.product_id) AS product_count FROM shops s JOIN products p ON s.shop_id = p.shop_id GROUP BY s.shop_id) WHERE product_count > (SELECT AVG(product_count) FROM (SELECT COUNT(product_id) AS product_count FROM products GROUP BY shop_id));"
employee_hire_evaluation,find the name of employee who was awarded the most times in the evaluation.,SELECT t1.name FROM employee AS t1 JOIN evaluation AS t2 ON t1.Employee_ID  =  t2.Employee_ID GROUP BY t2.Employee_ID ORDER BY count(*) DESC LIMIT 1,SELECT name FROM employees GROUP BY name ORDER BY COUNT(*) DESC LIMIT 1;
employee_hire_evaluation,Which employee received the most awards in evaluations? Give me the employee name.,SELECT t1.name FROM employee AS t1 JOIN evaluation AS t2 ON t1.Employee_ID  =  t2.Employee_ID GROUP BY t2.Employee_ID ORDER BY count(*) DESC LIMIT 1,SELECT name FROM employees ORDER BY (SELECT COUNT(*) FROM awards WHERE awards.employee_id = employees.employee_id) DESC LIMIT 1
employee_hire_evaluation,Find the name of the employee who got the highest one time bonus.,SELECT t1.name FROM employee AS t1 JOIN evaluation AS t2 ON t1.Employee_ID  =  t2.Employee_ID ORDER BY t2.bonus DESC LIMIT 1,SELECT e.name FROM employees e JOIN bonuses b ON e.id = b.employee_id WHERE b.type = 'one_time' ORDER BY b.amount DESC LIMIT 1;
employee_hire_evaluation,Which employee received the biggest bonus? Give me the employee name.,SELECT t1.name FROM employee AS t1 JOIN evaluation AS t2 ON t1.Employee_ID  =  t2.Employee_ID ORDER BY t2.bonus DESC LIMIT 1,SELECT name FROM employees ORDER BY bonus DESC LIMIT 1;
employee_hire_evaluation,Find the names of employees who never won any award in the evaluation.,SELECT name FROM employee WHERE Employee_ID NOT IN (SELECT Employee_ID FROM evaluation),SELECT name FROM employees WHERE id NOT IN (SELECT employee_id FROM awards);
employee_hire_evaluation,What are the names of the employees who never received any evaluation?,SELECT name FROM employee WHERE Employee_ID NOT IN (SELECT Employee_ID FROM evaluation),SELECT name FROM employees WHERE employee_id NOT IN (SELECT DISTINCT employee_id FROM evaluations)
employee_hire_evaluation,What is the name of the shop that is hiring the largest number of employees?,SELECT t2.name FROM hiring AS t1 JOIN shop AS t2 ON t1.shop_id  =  t2.shop_id GROUP BY t1.shop_id ORDER BY count(*) DESC LIMIT 1,SELECT name FROM shops ORDER BY (SELECT COUNT(*) FROM employees WHERE employees.shop_id = shops.id) DESC LIMIT 1;
employee_hire_evaluation,Which shop has the most employees? Give me the shop name.,SELECT t2.name FROM hiring AS t1 JOIN shop AS t2 ON t1.shop_id  =  t2.shop_id GROUP BY t1.shop_id ORDER BY count(*) DESC LIMIT 1,SELECT shop_name FROM shops ORDER BY (SELECT COUNT(*) FROM employees WHERE employees.shop_id = shops.shop_id) DESC LIMIT 1
employee_hire_evaluation,Find the name of the shops that do not hire any employee.,SELECT name FROM shop WHERE shop_id NOT IN (SELECT shop_id FROM hiring),SELECT name FROM shops LEFT JOIN employees ON shops.id = employees.shop_id WHERE employees.id IS NULL;
employee_hire_evaluation,Which shops run with no employees? Find the shop names,SELECT name FROM shop WHERE shop_id NOT IN (SELECT shop_id FROM hiring),SELECT name FROM shops WHERE NOT EXISTS (SELECT 1 FROM employees WHERE employees.shop_id = shops.shop_id)
employee_hire_evaluation,Find the number of employees hired in each shop; show the shop name as well.,"SELECT count(*) ,  t2.name FROM hiring AS t1 JOIN shop AS t2 ON t1.shop_id  =  t2.shop_id GROUP BY t2.name","SELECT shop_name, COUNT(*) FROM shops JOIN employees ON shops.shop_id = employees.shop_id GROUP BY shop_name;"
employee_hire_evaluation,"For each shop, return the number of employees working there and the name of the shop.","SELECT count(*) ,  t2.name FROM hiring AS t1 JOIN shop AS t2 ON t1.shop_id  =  t2.shop_id GROUP BY t2.name","SELECT shop_name, COUNT(*) FROM shops GROUP BY shop_id;"
employee_hire_evaluation,What is total bonus given in all evaluations?,SELECT sum(bonus) FROM evaluation,SELECT SUM(bonus) FROM evaluations;
employee_hire_evaluation,Find the total amount of bonus given in all the evaluations.,SELECT sum(bonus) FROM evaluation,SELECT SUM(bonus) FROM evaluations;
employee_hire_evaluation,Give me all the information about hiring.,SELECT * FROM hiring,SELECT * FROM hiring;
employee_hire_evaluation,What is all the information about hiring?,SELECT * FROM hiring,SELECT * FROM hiring;
employee_hire_evaluation,Which district has both stores with less than 3000 products and stores with more than 10000 products?,SELECT district FROM shop WHERE Number_products  <  3000 INTERSECT SELECT district FROM shop WHERE Number_products  >  10000,SELECT district FROM stores GROUP BY district HAVING MIN(products) < 3000 AND MAX(products) > 10000;
employee_hire_evaluation,Find the districts in which there are both shops selling less than 3000 products and shops selling more than 10000 products.,SELECT district FROM shop WHERE Number_products  <  3000 INTERSECT SELECT district FROM shop WHERE Number_products  >  10000,SELECT district FROM shops GROUP BY district HAVING MIN(products_sold) < 3000 AND MAX(products_sold) > 10000;
employee_hire_evaluation,How many different store locations are there?,SELECT count(DISTINCT LOCATION) FROM shop,SELECT COUNT(DISTINCT location) FROM stores;
employee_hire_evaluation,Count the number of distinct store locations.,SELECT count(DISTINCT LOCATION) FROM shop,SELECT COUNT(DISTINCT location) FROM stores;
cre_Doc_Template_Mgt,How many documents do we have?,SELECT count(*) FROM Documents,SELECT COUNT(id) FROM documents;
cre_Doc_Template_Mgt,Count the number of documents.,SELECT count(*) FROM Documents,SELECT COUNT(*) FROM documents;
cre_Doc_Template_Mgt,"List document IDs, document names, and document descriptions for all documents.","SELECT document_id ,  document_name ,  document_description FROM Documents","SELECT id, name, description FROM documents;"
cre_Doc_Template_Mgt,"What are the ids, names, and descriptions for all documents?","SELECT document_id ,  document_name ,  document_description FROM Documents","SELECT id, name, description FROM documents;"
cre_Doc_Template_Mgt,What is the document name and template id for document with description with the letter 'w' in it?,"SELECT document_name ,  template_id FROM Documents WHERE Document_Description LIKE ""%w%""","SELECT name, template_id FROM documents WHERE description LIKE '%w%'"
cre_Doc_Template_Mgt,Return the names and template ids for documents that contain the letter w in their description.,"SELECT document_name ,  template_id FROM Documents WHERE Document_Description LIKE ""%w%""","SELECT name, template_id FROM documents WHERE description LIKE '%w%';"
cre_Doc_Template_Mgt,"What is the document id, template id and description for document named ""Robbin CV""?","SELECT document_id ,  template_id ,  Document_Description FROM Documents WHERE document_name  =  ""Robbin CV""","SELECT document_id, template_id, description FROM documents WHERE name = 'Robbin CV';"
cre_Doc_Template_Mgt,"Return the document id, template id, and description for the document with the name Robbin CV.","SELECT document_id ,  template_id ,  Document_Description FROM Documents WHERE document_name  =  ""Robbin CV""","SELECT document_id, template_id, description FROM Documents WHERE name = ""Robbin CV"";"
cre_Doc_Template_Mgt,How many different templates do all document use?,SELECT count(DISTINCT template_id) FROM Documents,SELECT COUNT(DISTINCT template_id) FROM documents;
cre_Doc_Template_Mgt,Count the number of different templates used for documents.,SELECT count(DISTINCT template_id) FROM Documents,SELECT COUNT(DISTINCT template_id) FROM documents;
cre_Doc_Template_Mgt,How many documents are using the template with type code 'PPT'?,SELECT count(*) FROM Documents AS T1 JOIN Templates AS T2 ON T1.Template_ID  =  T2.Template_ID WHERE T2.Template_Type_Code  =  'PPT',SELECT COUNT(*) FROM Documents JOIN Templates ON Documents.template_id = Templates.id WHERE Templates.type_code = 'PPT';
cre_Doc_Template_Mgt,Count the number of documents that use the PPT template type.,SELECT count(*) FROM Documents AS T1 JOIN Templates AS T2 ON T1.Template_ID  =  T2.Template_ID WHERE T2.Template_Type_Code  =  'PPT',SELECT COUNT(*) FROM documents WHERE template_type = 'PPT';
cre_Doc_Template_Mgt,Show all template ids and number of documents using each template.,"SELECT template_id ,  count(*) FROM Documents GROUP BY template_id","SELECT template_id, COUNT(*) AS num_documents FROM documents GROUP BY template_id;"
cre_Doc_Template_Mgt,"What are all different template ids used for documents, and how many times were each of them used?","SELECT template_id ,  count(*) FROM Documents GROUP BY template_id","SELECT template_id, COUNT(*) FROM documents GROUP BY template_id;"
cre_Doc_Template_Mgt,What is the id and type code for the template used by the most documents?,"SELECT T1.template_id ,  T2.Template_Type_Code FROM Documents AS T1 JOIN Templates AS T2 ON T1.template_id  =  T2.template_id GROUP BY T1.template_id ORDER BY count(*) DESC LIMIT 1","SELECT templates.id, templates.type_code FROM documents INNER JOIN templates ON documents.template_id = templates.id GROUP BY templates.id ORDER BY COUNT(documents.id) DESC LIMIT 1;"
cre_Doc_Template_Mgt,Return the id and type code of the template that is used for the greatest number of documents.,"SELECT T1.template_id ,  T2.Template_Type_Code FROM Documents AS T1 JOIN Templates AS T2 ON T1.template_id  =  T2.template_id GROUP BY T1.template_id ORDER BY count(*) DESC LIMIT 1","SELECT templates.id, templates.type_code FROM templates INNER JOIN documents ON templates.id = documents.template_id GROUP BY templates.id ORDER BY COUNT(documents.id) DESC LIMIT 1;"
cre_Doc_Template_Mgt,Show ids for all templates that are used by more than one document.,SELECT template_id FROM Documents GROUP BY template_id HAVING count(*)  >  1,SELECT template_id FROM documents GROUP BY template_id HAVING COUNT(*) > 1;
cre_Doc_Template_Mgt,What are the template ids of any templates used in more than a single document?,SELECT template_id FROM Documents GROUP BY template_id HAVING count(*)  >  1,SELECT template_id FROM documents GROUP BY template_id HAVING COUNT(*) > 1;
cre_Doc_Template_Mgt,Show ids for all templates not used by any document.,SELECT template_id FROM Templates EXCEPT SELECT template_id FROM Documents,SELECT t.id FROM templates t LEFT JOIN documents d ON t.id = d.template_id WHERE d.template_id IS NULL;
cre_Doc_Template_Mgt,What are the ids for templates that are not used in any documents?,SELECT template_id FROM Templates EXCEPT SELECT template_id FROM Documents,SELECT t.id FROM templates t LEFT JOIN documents d ON t.id = d.template_id WHERE d.id IS NULL;
cre_Doc_Template_Mgt,How many templates do we have?,SELECT count(*) FROM Templates,SELECT COUNT(*) FROM templates;
cre_Doc_Template_Mgt,Count the number of templates.,SELECT count(*) FROM Templates,SELECT COUNT(*) FROM templates;
cre_Doc_Template_Mgt,"Show template ids, version numbers, and template type codes for all templates.","SELECT template_id ,  version_number ,  template_type_code FROM Templates","SELECT template_id, version_number, template_type_code FROM templates;"
cre_Doc_Template_Mgt,"What are the ids, version numbers, and type codes for each template?","SELECT template_id ,  version_number ,  template_type_code FROM Templates","SELECT id, version, type_code FROM templates;"
cre_Doc_Template_Mgt,Show all distinct template type codes for all templates.,SELECT DISTINCT template_type_code FROM Templates,SELECT DISTINCT template_type_code FROM templates;
cre_Doc_Template_Mgt,What are the different template type codes?,SELECT DISTINCT template_type_code FROM Templates,SELECT DISTINCT template_type_code FROM templates;
cre_Doc_Template_Mgt,What are the ids of templates with template type code PP or PPT?,"SELECT template_id FROM Templates WHERE template_type_code  =  ""PP"" OR template_type_code  =  ""PPT""","SELECT id FROM templates WHERE template_type_code IN ('PP', 'PPT');"
cre_Doc_Template_Mgt,Return the ids of templates that have the code PP or PPT.,"SELECT template_id FROM Templates WHERE template_type_code  =  ""PP"" OR template_type_code  =  ""PPT""","SELECT id FROM templates WHERE code IN ('PP', 'PPT');"
cre_Doc_Template_Mgt,How many templates have template type code CV?,"SELECT count(*) FROM Templates WHERE template_type_code  =  ""CV""",SELECT COUNT(*) FROM Templates WHERE TemplateTypeCode = 'CV';
cre_Doc_Template_Mgt,Count the number of templates of the type CV.,"SELECT count(*) FROM Templates WHERE template_type_code  =  ""CV""",SELECT COUNT(*) FROM templates WHERE type = 'CV';
cre_Doc_Template_Mgt,What is the version number and template type code for the template with version number later than 5?,"SELECT version_number ,  template_type_code FROM Templates WHERE version_number  >  5","SELECT version_number, template_type_code FROM Templates WHERE version_number > 5;"
cre_Doc_Template_Mgt,Return the version numbers and template type codes of templates with a version number greater than 5.,"SELECT version_number ,  template_type_code FROM Templates WHERE version_number  >  5","SELECT version, template_type_code FROM templates WHERE version > 5;"
cre_Doc_Template_Mgt,Show all template type codes and number of templates for each.,"SELECT template_type_code ,  count(*) FROM Templates GROUP BY template_type_code","SELECT template_type_code, COUNT(*) AS num_templates FROM templates GROUP BY template_type_code;"
cre_Doc_Template_Mgt,"What are the different template type codes, and how many templates correspond to each?","SELECT template_type_code ,  count(*) FROM Templates GROUP BY template_type_code","SELECT template_type_code, COUNT(*) FROM templates GROUP BY template_type_code;"
cre_Doc_Template_Mgt,Which template type code has most number of templates?,SELECT template_type_code FROM Templates GROUP BY template_type_code ORDER BY count(*) DESC LIMIT 1,SELECT type_code FROM templates GROUP BY type_code ORDER BY COUNT(*) DESC LIMIT 1;
cre_Doc_Template_Mgt,Return the type code of the template type that the most templates belong to.,SELECT template_type_code FROM Templates GROUP BY template_type_code ORDER BY count(*) DESC LIMIT 1,SELECT type_code FROM templates GROUP BY type_code ORDER BY COUNT(*) DESC LIMIT 1;
cre_Doc_Template_Mgt,Show all template type codes with less than three templates.,SELECT template_type_code FROM Templates GROUP BY template_type_code HAVING count(*)  <  3,SELECT type_code FROM templates GROUP BY type_code HAVING COUNT(*) < 3;
cre_Doc_Template_Mgt,What are the codes of template types that have fewer than 3 templates?,SELECT template_type_code FROM Templates GROUP BY template_type_code HAVING count(*)  <  3,SELECT template_type_code FROM templates GROUP BY template_type_code HAVING COUNT(*) < 3;
cre_Doc_Template_Mgt,What the smallest version number and its template type code?,"SELECT min(Version_Number) ,  template_type_code FROM Templates","SELECT version_number, template_type_code FROM templates WHERE version_number = (SELECT MIN(version_number) FROM templates) LIMIT 1;"
cre_Doc_Template_Mgt,"Return the lowest version number, along with its corresponding template type code.","SELECT min(Version_Number) ,  template_type_code FROM Templates","SELECT template_type_code, MIN(version_number) FROM templates GROUP BY template_type_code ORDER BY version_number ASC LIMIT 1;"
cre_Doc_Template_Mgt,"What is the template type code of the template used by document with the name ""Data base""?","SELECT T1.template_type_code FROM Templates AS T1 JOIN Documents AS T2 ON T1.template_id  =  T2.template_id WHERE T2.document_name  =  ""Data base""",SELECT template_type_code FROM templates WHERE id = (SELECT template_id FROM documents WHERE name = 'Data base')
cre_Doc_Template_Mgt,Return the template type code of the template that is used by a document named Data base.,"SELECT T1.template_type_code FROM Templates AS T1 JOIN Documents AS T2 ON T1.template_id  =  T2.template_id WHERE T2.document_name  =  ""Data base""",SELECT template_type_code FROM templates WHERE id = (SELECT template_id FROM documents WHERE document_name = 'Data base')
cre_Doc_Template_Mgt,Show all document names using templates with template type code BK.,"SELECT T2.document_name FROM Templates AS T1 JOIN Documents AS T2 ON T1.template_id  =  T2.template_id WHERE T1.template_type_code  =  ""BK""",SELECT document_name FROM documents WHERE template_type_code = 'BK';
cre_Doc_Template_Mgt,What are the names of documents that use templates with the code BK?,"SELECT T2.document_name FROM Templates AS T1 JOIN Documents AS T2 ON T1.template_id  =  T2.template_id WHERE T1.template_type_code  =  ""BK""",SELECT document_name FROM Documents WHERE template_code = 'BK';
cre_Doc_Template_Mgt,Show all template type codes and the number of documents using each type.,"SELECT T1.template_type_code ,  count(*) FROM Templates AS T1 JOIN Documents AS T2 ON T1.template_id  =  T2.template_id GROUP BY T1.template_type_code","SELECT TemplateTypeCode, COUNT(*) FROM Documents GROUP BY TemplateTypeCode;"
cre_Doc_Template_Mgt,"What are the different template type codes, and how many documents use each type?","SELECT T1.template_type_code ,  count(*) FROM Templates AS T1 JOIN Documents AS T2 ON T1.template_id  =  T2.template_id GROUP BY T1.template_type_code","SELECT template_type_code, COUNT(*) FROM documents GROUP BY template_type_code;"
cre_Doc_Template_Mgt,Which template type code is used by most number of documents?,SELECT T1.template_type_code FROM Templates AS T1 JOIN Documents AS T2 ON T1.template_id  =  T2.template_id GROUP BY T1.template_type_code ORDER BY count(*) DESC LIMIT 1,SELECT code FROM template_types ORDER BY (SELECT COUNT(*) FROM documents WHERE documents.template_type_id = template_types.id) DESC LIMIT 1;
cre_Doc_Template_Mgt,Return the code of the template type that is most commonly used in documents.,SELECT T1.template_type_code FROM Templates AS T1 JOIN Documents AS T2 ON T1.template_id  =  T2.template_id GROUP BY T1.template_type_code ORDER BY count(*) DESC LIMIT 1,SELECT template_type_code FROM documents GROUP BY template_type_code ORDER BY COUNT(*) DESC LIMIT 1;
cre_Doc_Template_Mgt,Show all template type codes that are not used by any document.,SELECT template_type_code FROM Templates EXCEPT SELECT template_type_code FROM Templates AS T1 JOIN Documents AS T2 ON T1.template_id  =  T2.template_id,SELECT template_type_code FROM templates WHERE template_type_code NOT IN (SELECT DISTINCT template_type_code FROM documents)
cre_Doc_Template_Mgt,What are the codes of template types that are not used for any document?,SELECT template_type_code FROM Templates EXCEPT SELECT template_type_code FROM Templates AS T1 JOIN Documents AS T2 ON T1.template_id  =  T2.template_id,SELECT code FROM template_types LEFT JOIN documents ON template_types.code = documents.template_type_code WHERE documents.id IS NULL;
cre_Doc_Template_Mgt,Show all template type codes and descriptions.,"SELECT template_type_code ,  template_type_description FROM Ref_template_types","SELECT code, description FROM template_type;"
cre_Doc_Template_Mgt,What are the type codes and descriptions for all template types?,"SELECT template_type_code ,  template_type_description FROM Ref_template_types","SELECT type_code, description FROM template_types;"
cre_Doc_Template_Mgt,"What is the template type descriptions for template type code ""AD"".","SELECT template_type_description FROM Ref_template_types WHERE template_type_code  =  ""AD""",SELECT description FROM template_types WHERE code = 'AD';
cre_Doc_Template_Mgt,Return the template type description of the template type with the code AD.,"SELECT template_type_description FROM Ref_template_types WHERE template_type_code  =  ""AD""",SELECT description FROM template_types WHERE code = 'AD';
cre_Doc_Template_Mgt,"What is the template type code for template type description ""Book"".","SELECT template_type_code FROM Ref_template_types WHERE template_type_description  =  ""Book""",SELECT TemplateTypeCode FROM TemplateTypes WHERE TemplateTypeDescription = 'Book';
cre_Doc_Template_Mgt,"Return the type code of the template type with the description ""Book"".","SELECT template_type_code FROM Ref_template_types WHERE template_type_description  =  ""Book""",SELECT type_code FROM template_types WHERE description = 'Book';
cre_Doc_Template_Mgt,What are the distinct template type descriptions for the templates ever used by any document?,SELECT DISTINCT T1.template_type_description FROM Ref_template_types AS T1 JOIN Templates AS T2 ON T1.template_type_code  = T2.template_type_code JOIN Documents AS T3 ON T2.Template_ID  =  T3.template_ID,SELECT DISTINCT TemplateTypeDescription FROM Templates WHERE TemplateID IN (SELECT TemplateID FROM Documents);
cre_Doc_Template_Mgt,Return the different descriptions for templates that have been used in a document.,SELECT DISTINCT T1.template_type_description FROM Ref_template_types AS T1 JOIN Templates AS T2 ON T1.template_type_code  = T2.template_type_code JOIN Documents AS T3 ON T2.Template_ID  =  T3.template_ID,SELECT DISTINCT t.description FROM templates t JOIN document_templates dt ON t.id = dt.template_id;
cre_Doc_Template_Mgt,"What are the template ids with template type description ""Presentation"".","SELECT T2.template_id FROM Ref_template_types AS T1 JOIN Templates AS T2 ON T1.template_type_code  = T2.template_type_code WHERE T1.template_type_description  =  ""Presentation""",SELECT template_id FROM templates WHERE template_type_description = 'Presentation';
cre_Doc_Template_Mgt,Return the ids corresponding to templates with the description 'Presentation'.,"SELECT T2.template_id FROM Ref_template_types AS T1 JOIN Templates AS T2 ON T1.template_type_code  = T2.template_type_code WHERE T1.template_type_description  =  ""Presentation""",SELECT id FROM templates WHERE description = 'Presentation';
cre_Doc_Template_Mgt,How many paragraphs in total?,SELECT count(*) FROM Paragraphs,SELECT COUNT(*) FROM content;
cre_Doc_Template_Mgt,Count the number of paragraphs.,SELECT count(*) FROM Paragraphs,SELECT COUNT(*) FROM paragraphs;
cre_Doc_Template_Mgt,How many paragraphs for the document with name 'Summer Show'?,SELECT count(*) FROM Paragraphs AS T1 JOIN Documents AS T2 ON T1.document_ID  =  T2.document_ID WHERE T2.document_name  =  'Summer Show',SELECT COUNT(*) FROM paragraphs WHERE document_id = (SELECT id FROM documents WHERE name = 'Summer Show')
cre_Doc_Template_Mgt,Count the number of paragraphs in the document named 'Summer Show'.,SELECT count(*) FROM Paragraphs AS T1 JOIN Documents AS T2 ON T1.document_ID  =  T2.document_ID WHERE T2.document_name  =  'Summer Show',SELECT COUNT(*) FROM paragraphs WHERE document_name = 'Summer Show';
cre_Doc_Template_Mgt,Show paragraph details for paragraph with text 'Korea ' .,select other_details from paragraphs where paragraph_text like 'korea',SELECT * FROM paragraphs WHERE text = 'Korea ';
cre_Doc_Template_Mgt,What are the details for the paragraph that includes the text 'Korea ' ?,select other_details from paragraphs where paragraph_text like 'korea',SELECT * FROM paragraphs WHERE text LIKE '%Korea%';
cre_Doc_Template_Mgt,Show all paragraph ids and texts for the document with name 'Welcome to NY'.,"SELECT T1.paragraph_id ,   T1.paragraph_text FROM Paragraphs AS T1 JOIN Documents AS T2 ON T1.document_id  =  T2.document_id WHERE T2.Document_Name  =  'Welcome to NY'","SELECT paragraph_id, text FROM paragraphs WHERE document_id = (SELECT id FROM documents WHERE name = 'Welcome to NY')"
cre_Doc_Template_Mgt,What are the ids and texts of paragraphs in the document titled 'Welcome to NY'?,"SELECT T1.paragraph_id ,   T1.paragraph_text FROM Paragraphs AS T1 JOIN Documents AS T2 ON T1.document_id  =  T2.document_id WHERE T2.Document_Name  =  'Welcome to NY'","SELECT paragraphs.id, paragraphs.text FROM paragraphs JOIN documents ON paragraphs.document_id = documents.id WHERE documents.title = 'Welcome to NY'"
cre_Doc_Template_Mgt,"Show all paragraph texts for the document ""Customer reviews"".","SELECT T1.paragraph_text FROM Paragraphs AS T1 JOIN Documents AS T2 ON T1.document_id  =  T2.document_id WHERE T2.document_name  =  ""Customer reviews""",SELECT p.text FROM paragraphs p INNER JOIN documents d ON p.document_id = d.id WHERE d.title = 'Customer reviews';
cre_Doc_Template_Mgt,What are the paragraph texts for the document with the name 'Customer reviews'?,"SELECT T1.paragraph_text FROM Paragraphs AS T1 JOIN Documents AS T2 ON T1.document_id  =  T2.document_id WHERE T2.document_name  =  ""Customer reviews""",SELECT paragraphs.text FROM paragraphs JOIN documents ON paragraphs.document_id = documents.id WHERE documents.name = 'Customer reviews';
cre_Doc_Template_Mgt,Show all document ids and the number of paragraphs in each document. Order by document id.,"SELECT document_id ,  count(*) FROM Paragraphs GROUP BY document_id ORDER BY document_id","SELECT document_id, COUNT(*) AS num_paragraphs FROM paragraphs GROUP BY document_id ORDER BY document_id;"
cre_Doc_Template_Mgt,"Return the different document ids along with the number of paragraphs corresponding to each, ordered by id.","SELECT document_id ,  count(*) FROM Paragraphs GROUP BY document_id ORDER BY document_id","SELECT document_id, COUNT(*) FROM paragraphs GROUP BY document_id ORDER BY document_id;"
cre_Doc_Template_Mgt,"Show all document ids, names and the number of paragraphs in each document.","SELECT T1.document_id ,  T2.document_name ,  count(*) FROM Paragraphs AS T1 JOIN Documents AS T2 ON T1.document_id  =  T2.document_id GROUP BY T1.document_id","SELECT documents.id, documents.name, COUNT(paragraphs.document_id) FROM documents LEFT JOIN paragraphs ON documents.id = paragraphs.document_id GROUP BY documents.id;"
cre_Doc_Template_Mgt,"What are the ids and names of each document, as well as the number of paragraphs in each?","SELECT T1.document_id ,  T2.document_name ,  count(*) FROM Paragraphs AS T1 JOIN Documents AS T2 ON T1.document_id  =  T2.document_id GROUP BY T1.document_id","SELECT d.id, d.name, COUNT(p.id) AS paragraph_count FROM documents d LEFT JOIN paragraphs p ON d.id = p.document_id GROUP BY d.id, d.name;"
cre_Doc_Template_Mgt,List all document ids with at least two paragraphs.,SELECT document_id FROM Paragraphs GROUP BY document_id HAVING count(*)  >=  2,SELECT document_id FROM paragraphs GROUP BY document_id HAVING COUNT(*) >= 2;
cre_Doc_Template_Mgt,What are the ids of documents that have 2 or more paragraphs?,SELECT document_id FROM Paragraphs GROUP BY document_id HAVING count(*)  >=  2,SELECT document_id FROM paragraphs GROUP BY document_id HAVING COUNT(*) >= 2;
cre_Doc_Template_Mgt,What is the document id and name with greatest number of paragraphs?,"SELECT T1.document_id ,  T2.document_name FROM Paragraphs AS T1 JOIN Documents AS T2 ON T1.document_id  =  T2.document_id GROUP BY T1.document_id ORDER BY count(*) DESC LIMIT 1","SELECT document_id, name FROM documents ORDER BY (SELECT COUNT(*) FROM paragraphs WHERE paragraphs.document_id = documents.document_id) DESC LIMIT 1"
cre_Doc_Template_Mgt,Return the id and name of the document with the most paragraphs.,"SELECT T1.document_id ,  T2.document_name FROM Paragraphs AS T1 JOIN Documents AS T2 ON T1.document_id  =  T2.document_id GROUP BY T1.document_id ORDER BY count(*) DESC LIMIT 1","SELECT id, name FROM documents ORDER BY (SELECT COUNT(*) FROM paragraphs WHERE paragraphs.document_id = documents.id) DESC LIMIT 1;"
cre_Doc_Template_Mgt,What is the document id with least number of paragraphs?,SELECT document_id FROM Paragraphs GROUP BY document_id ORDER BY count(*) ASC LIMIT 1,SELECT document_id FROM paragraphs GROUP BY document_id ORDER BY COUNT(*) ASC LIMIT 1;
cre_Doc_Template_Mgt,Return the id of the document with the fewest paragraphs.,SELECT document_id FROM Paragraphs GROUP BY document_id ORDER BY count(*) ASC LIMIT 1,SELECT document_id FROM paragraphs GROUP BY document_id ORDER BY COUNT(*) LIMIT 1;
cre_Doc_Template_Mgt,What is the document id with 1 to 2 paragraphs?,SELECT document_id FROM Paragraphs GROUP BY document_id HAVING count(*) BETWEEN 1 AND 2,SELECT document_id FROM paragraphs GROUP BY document_id HAVING COUNT(*) BETWEEN 1 AND 2;
cre_Doc_Template_Mgt,Give the ids of documents that have between one and two paragraphs.,SELECT document_id FROM Paragraphs GROUP BY document_id HAVING count(*) BETWEEN 1 AND 2,SELECT document_id FROM paragraphs GROUP BY document_id HAVING COUNT(*) BETWEEN 1 AND 2;
cre_Doc_Template_Mgt,Show the document id with paragraph text 'Brazil' and 'Ireland'.,SELECT document_id FROM Paragraphs WHERE paragraph_text  =  'Brazil' INTERSECT SELECT document_id FROM Paragraphs WHERE paragraph_text  =  'Ireland',"<think> Okay, let's tackle this problem. The user wants to find a document ID that has paragraphs containing both 'Brazil' and 'Ireland'. Since the schema isn't provided, I need to make educated guesses based on typical database structures.  First, I'll assume there's a table involved. Maybe it's named something like 'documents' or 'paragraphs'. If there's a 'paragraphs' table, it might have columns like 'paragraph_id', 'document_id', and 'text'. Alternatively, maybe there's a 'documents' table with 'document_id' and 'content' columns. But since the question mentions 'paragraph text', perhaps each paragraph is a separate entry in a table.  So, let's say there's a 'paragraphs' table with 'document_id' and 'text'. The user wants documents where at least one paragraph has 'Brazil' and another has 'Ireland'. Or maybe the same document has paragraphs containing both terms. Wait, the question says ""paragraph text 'Brazil' and 'Ireland'"". Does that mean a single paragraph containing both words, or two different paragraphs in the same document each containing one of the words?  The wording is a bit ambiguous. If it's a single paragraph with both words, then the query would check for paragraphs where the text includes both. If it's two separate paragraphs, then we need to find documents that have at least one paragraph with 'Brazil' and another with 'Ireland'.  Assuming the latter case, since the user might be looking for documents that mention both countries in different paragraphs. So, the approach would be to select document IDs where there exists a paragraph with 'Brazil' and another with 'Ireland'.  Using SQL, we can use EXISTS or IN clauses. Maybe a self-join on the paragraphs table where one instance has 'Brazil' and another has 'Ireland', both linked to the same document_id.  Alternatively, using two subqueries: one to get documents with 'Brazil' and another with 'Ireland', then intersecting them. But INTERSECT might not be the best here if there are multiple paragraphs.  Another approach is to use GROUP BY and HAVING with COUNT(DISTINCT ...). For example, group by document_id and check that there are at least two distinct paragraphs containing each term. Wait, but how to check for both terms?  Alternatively, use two conditions in the HAVING clause. But how to check for the presence of both terms in different rows.  Let me think. Suppose the table is called 'paragraphs' with columns 'document_id' and 'text'. The query would need to find document_ids that have at least one paragraph containing 'Brazil' and at least one (possibly different) paragraph containing 'Ireland'.  So, using two subqueries: one to find documents with 'Brazil' and another to find those with 'Ireland', then intersect them. But in SQLite, INTERSECT returns distinct rows that are present in both queries. So:  SELECT document_id FROM paragraphs WHERE text LIKE '%Brazil%' INTERSECT SELECT document_id FROM paragraphs WHERE text LIKE '%Ireland%';  But the user wants to show the document_id, so this would work. However, if the user wants to do it in a single query without using INTERSECT, maybe using a self-join.  Another way is to use EXISTS for both conditions. For example:  SELECT DISTINCT p1.document_id FROM paragraphs p1 WHERE EXISTS (     SELECT 1     FROM paragraphs p2     WHERE p2.document_id = p1.document_id     AND p2.text LIKE '%Brazil%' ) AND EXISTS (     SELECT 1     FROM paragraphs p3     WHERE p3.document_id = p1.document_id     AND p3.text LIKE '%Ireland%' );  But this might be more efficient. However, in SQLite, the first approach with INTERSECT is simpler.  But the user might not have an index on text, so performance could be an issue, but since the schema isn't given, we can't optimize for that.  Alternatively, using GROUP BY and HAVING with two conditions. For example:  SELECT document_id FROM paragraphs WHERE text LIKE '%Brazil%' OR text LIKE '%Ireland%' GROUP BY document_id HAVING COUNT(DISTINCT CASE WHEN text LIKE '%Brazil%' THEN 1 ELSE NULL END) > 0 AND COUNT(DISTINCT CASE WHEN text LIKE '%Ireland%' THEN 1 ELSE NULL END) > 0;  But this might not work as intended because the WHERE clause includes any row that has either term, and then the HAVING checks if there are rows with each term. However, COUNT(DISTINCT ...) might not be the right approach here. Maybe using SUM with a condition.  Alternatively, using two separate conditions in HAVING:  HAVING SUM(CASE WHEN text LIKE '%Brazil%' THEN 1 ELSE 0 END) > 0 AND SUM(CASE WHEN text LIKE '%Ireland%' THEN 1 ELSE 0 END) > 0  But this would require that in the grouped document_id, there are rows with each term. However, the WHERE clause in this case is already filtering to include only rows with either term, which might not be necessary. Wait, if we don't have a WHERE clause, but just group all documents and check for presence of both terms in their paragraphs.  So:  SELECT document_id FROM paragraphs GROUP BY document_id HAVING      SUM(CASE WHEN text LIKE '%Brazil%' THEN 1 ELSE 0 END) > 0     AND      SUM(CASE WHEN text LIKE '%Ireland%' THEN 1 ELSE 0 END) > 0;  This would group all documents and check if any of their paragraphs have Brazil and any have Ireland. That's probably the most efficient way.  But how to structure this in SQLite. Let me test this logic.  Assuming the table is called 'paragraphs' with 'document_id' and 'text' columns.  So the final query would be:  SELECT document_id FROM paragraphs GROUP BY document_id HAVING SUM(CASE WHEN text LIKE '%Brazil%' THEN 1 ELSE 0 END) > 0 AND SUM(CASE WHEN text LIKE '%Ireland%' THEN 1 ELSE 0 END) > 0;  Alternatively, using the INTERSECT method.  But which one is better? The GROUP BY approach might be more efficient as it's a single scan of the table, whereas INTERSECT would require two scans. But without knowing the actual schema and indexes, it's hard to say.  But the user's question says ""Show the document id with paragraph text 'Brazil' and 'Ireland'."" So maybe they want documents where a single paragraph contains both words. In that case, the query would be:  SELECT document_id FROM paragraphs WHERE text LIKE '%Brazil%' AND text LIKE '%Ireland%';  But the question isn't clear. The user might mean either case. Since the user wrote ""paragraph text 'Brazil' and 'Ireland'"", maybe they mean a single paragraph containing both. But that's ambiguous. However, given that the user might not have considered that, perhaps the safer approach is to assume that the document has paragraphs containing each term, possibly in different paragraphs.  But without more context, it's hard to tell. Since the user is asking for a document that has both terms, perhaps in any of its paragraphs. So the GROUP BY approach would cover both cases: if a single paragraph has both, or two different paragraphs.  But if the user wants documents where at least one paragraph has both terms, then the query would be simpler. However, given the ambiguity, perhaps the best approach is to present the GROUP BY method as it covers both scenarios.  So, putting it all together, the SQL query would be:  SELECT document_id FROM paragraphs GROUP BY document_id HAVING SUM(CASE WHEN text LIKE '%Brazil%' THEN 1 ELSE 0 END) > 0 AND SUM(CASE WHEN text LIKE '%Ireland%' THEN 1 ELSE 0 END) > 0;  Alternatively, using INTERSECT:  SELECT document_id FROM paragraphs WHERE text LIKE '%Brazil%' INTERSECT SELECT document_id FROM paragraphs WHERE text LIKE '%Ireland%';  But which one is more likely? Since the user is a data engineer, maybe they prefer the INTERSECT approach. However, in SQLite, both are valid.  But the problem says to return the SQL code in a single line. Let me check the syntax for INTERSECT. The INTERSECT operator combines two queries. So the query would be:  SELECT document_id FROM paragraphs WHERE text LIKE '%Brazil%' INTERSECT SELECT document_id FROM paragraphs WHERE text LIKE '%Ireland%';  But this would return documents that have at least one paragraph with Brazil and at least one (could be same or different) with Ireland. So it's equivalent to the GROUP BY approach.  Which one is better? The INTERSECT version might be more straightforward. However, if the table is large, the GROUP BY approach might be more efficient as it scans the table once. But again, without knowing the schema, it's hard to say.  Given that the user wants a single line, the INTERSECT version is shorter. But perhaps the GROUP BY is better. However, the user might not be familiar with INTERSECT. But since the question is about SQLite, which supports INTERSECT, it's acceptable.  But the user's question says ""Show the document id with paragraph text 'Brazil' and 'Ireland'."" If they mean a single paragraph that contains both, then the correct query is:  SELECT document_id FROM paragraphs WHERE text LIKE '%Brazil%' AND text LIKE '%Ireland%';  But if they mean the document has paragraphs with each term, possibly different ones, then the INTERSECT or GROUP BY approach.  Since the question is ambiguous, but given that the user wrote ""paragraph text 'Brazil' and 'Ireland'"", maybe they mean a single paragraph. However, the wording is a bit unclear"
cre_Doc_Template_Mgt,What are the ids of documents that contain the paragraph text 'Brazil' and 'Ireland'?,SELECT document_id FROM Paragraphs WHERE paragraph_text  =  'Brazil' INTERSECT SELECT document_id FROM Paragraphs WHERE paragraph_text  =  'Ireland',SELECT id FROM documents WHERE text LIKE '%Brazil%' AND text LIKE '%Ireland%';
course_teach,How many teachers are there?,SELECT count(*) FROM teacher,SELECT COUNT(*) FROM teachers;
course_teach,What is the total count of teachers?,SELECT count(*) FROM teacher,SELECT COUNT(*) FROM teachers;
course_teach,List the names of teachers in ascending order of age.,SELECT Name FROM teacher ORDER BY Age ASC,SELECT name FROM teachers ORDER BY age ASC;
course_teach,What are the names of the teachers ordered by ascending age?,SELECT Name FROM teacher ORDER BY Age ASC,SELECT name FROM teachers ORDER BY age ASC;
course_teach,What are the age and hometown of teachers?,"SELECT Age ,  Hometown FROM teacher","SELECT age, hometown FROM teachers;"
course_teach,What is the age and hometown of every teacher?,"SELECT Age ,  Hometown FROM teacher","SELECT age, hometown FROM teachers;"
course_teach,List the name of teachers whose hometown is not `` Little Lever Urban District '' .,"select name from teacher where hometown != ""little lever urban district""",SELECT name FROM teachers WHERE hometown != 'Little Lever Urban District';
course_teach,What are the names of the teachers whose hometown is not `` Little Lever Urban District '' ?,"select name from teacher where hometown != ""little lever urban district""",SELECT name FROM teachers WHERE hometown != 'Little Lever Urban District';
course_teach,Show the name of teachers aged either 32 or 33?,SELECT Name FROM teacher WHERE Age  =  32 OR Age  =  33,"SELECT name FROM teachers WHERE age IN (32, 33);"
course_teach,What are the names of the teachers who are aged either 32 or 33?,SELECT Name FROM teacher WHERE Age  =  32 OR Age  =  33,"SELECT name FROM teachers WHERE age IN (32, 33);"
course_teach,What is the hometown of the youngest teacher?,SELECT Hometown FROM teacher ORDER BY Age ASC LIMIT 1,SELECT hometown FROM teachers WHERE age = (SELECT MIN(age) FROM teachers) LIMIT 1;
course_teach,Where is the youngest teacher from?,SELECT Hometown FROM teacher ORDER BY Age ASC LIMIT 1,SELECT origin FROM teachers ORDER BY age ASC LIMIT 1;
course_teach,Show different hometown of teachers and the number of teachers from each hometown.,"SELECT Hometown ,  COUNT(*) FROM teacher GROUP BY Hometown","SELECT hometown, COUNT(*) FROM teachers GROUP BY hometown;"
course_teach,"For each hometown, how many teachers are there?","SELECT Hometown ,  COUNT(*) FROM teacher GROUP BY Hometown","SELECT hometown, COUNT(*) FROM teachers GROUP BY hometown;"
course_teach,List the most common hometown of teachers.,SELECT Hometown FROM teacher GROUP BY Hometown ORDER BY COUNT(*) DESC LIMIT 1,"SELECT hometown, COUNT(*) FROM teachers GROUP BY hometown ORDER BY COUNT(*) DESC LIMIT 1;"
course_teach,What is the most commmon hometowns for teachers?,SELECT Hometown FROM teacher GROUP BY Hometown ORDER BY COUNT(*) DESC LIMIT 1,"SELECT hometown, COUNT(*) AS count FROM teachers GROUP BY hometown ORDER BY count DESC;"
course_teach,Show the hometowns shared by at least two teachers.,SELECT Hometown FROM teacher GROUP BY Hometown HAVING COUNT(*)  >=  2,SELECT hometown FROM teachers GROUP BY hometown HAVING COUNT(*) >= 2;
course_teach,What are the towns from which at least two teachers come from?,SELECT Hometown FROM teacher GROUP BY Hometown HAVING COUNT(*)  >=  2,SELECT town FROM teachers GROUP BY town HAVING COUNT(*) >= 2;
course_teach,Show names of teachers and the courses they are arranged to teach.,"SELECT T3.Name ,  T2.Course FROM course_arrange AS T1 JOIN course AS T2 ON T1.Course_ID  =  T2.Course_ID JOIN teacher AS T3 ON T1.Teacher_ID  =  T3.Teacher_ID","SELECT teachers.name, courses.name FROM teachers JOIN courses ON teachers.id = courses.teacher_id;"
course_teach,What is the name of each teacher and what course they teach?,"SELECT T3.Name ,  T2.Course FROM course_arrange AS T1 JOIN course AS T2 ON T1.Course_ID  =  T2.Course_ID JOIN teacher AS T3 ON T1.Teacher_ID  =  T3.Teacher_ID","SELECT teachers.name, courses.course_name FROM teachers INNER JOIN courses ON teachers.id = courses.teacher_id;"
course_teach,Show names of teachers and the courses they are arranged to teach in ascending alphabetical order of the teacher's name.,"SELECT T3.Name ,  T2.Course FROM course_arrange AS T1 JOIN course AS T2 ON T1.Course_ID  =  T2.Course_ID JOIN teacher AS T3 ON T1.Teacher_ID  =  T3.Teacher_ID ORDER BY T3.Name","SELECT teachers.name, courses.course_name FROM teachers INNER JOIN courses ON teachers.id = courses.teacher_id ORDER BY teachers.name ASC;"
course_teach,What are the names of the teachers and the courses they teach in ascending alphabetical order by the name of the teacher?,"SELECT T3.Name ,  T2.Course FROM course_arrange AS T1 JOIN course AS T2 ON T1.Course_ID  =  T2.Course_ID JOIN teacher AS T3 ON T1.Teacher_ID  =  T3.Teacher_ID ORDER BY T3.Name","SELECT teachers.name, courses.name FROM teachers JOIN teaches ON teachers.id = teaches.teacher_id JOIN courses ON teaches.course_id = courses.id ORDER BY teachers.name ASC;"
course_teach,Show the name of the teacher for the math course.,"SELECT T3.Name FROM course_arrange AS T1 JOIN course AS T2 ON T1.Course_ID  =  T2.Course_ID JOIN teacher AS T3 ON T1.Teacher_ID  =  T3.Teacher_ID WHERE T2.Course  =  ""Math""",SELECT name FROM teachers WHERE subject = 'math';
course_teach,What are the names of the people who teach math courses?,"SELECT T3.Name FROM course_arrange AS T1 JOIN course AS T2 ON T1.Course_ID  =  T2.Course_ID JOIN teacher AS T3 ON T1.Teacher_ID  =  T3.Teacher_ID WHERE T2.Course  =  ""Math""",SELECT name FROM teachers WHERE subject = 'Math';
course_teach,Show names of teachers and the number of courses they teach.,"SELECT T2.Name ,  COUNT(*) FROM course_arrange AS T1 JOIN teacher AS T2 ON T1.Teacher_ID  =  T2.Teacher_ID GROUP BY T2.Name","SELECT teachers.name, COUNT(courses.teacher_id) FROM teachers INNER JOIN courses ON teachers.id = courses.teacher_id GROUP BY teachers.id, teachers.name;"
course_teach,What are the names of the teachers and how many courses do they teach?,"SELECT T2.Name ,  COUNT(*) FROM course_arrange AS T1 JOIN teacher AS T2 ON T1.Teacher_ID  =  T2.Teacher_ID GROUP BY T2.Name","SELECT name, COUNT(*) FROM teachers JOIN courses ON teachers.id = courses.teacher_id GROUP BY teachers.id;"
course_teach,Show names of teachers that teach at least two courses.,SELECT T2.Name FROM course_arrange AS T1 JOIN teacher AS T2 ON T1.Teacher_ID  =  T2.Teacher_ID GROUP BY T2.Name HAVING COUNT(*)  >=  2,SELECT name FROM Teachers WHERE teacher_id IN (SELECT teacher_id FROM TeacherCourses GROUP BY teacher_id HAVING COUNT(course_id) >= 2)
course_teach,What are the names of the teachers who teach at least two courses?,SELECT T2.Name FROM course_arrange AS T1 JOIN teacher AS T2 ON T1.Teacher_ID  =  T2.Teacher_ID GROUP BY T2.Name HAVING COUNT(*)  >=  2,SELECT Name FROM Teachers WHERE TeacherID IN (SELECT TeacherID FROM Courses GROUP BY TeacherID HAVING COUNT(*) >= 2)
course_teach,List the names of teachers who have not been arranged to teach courses.,SELECT Name FROM teacher WHERE Teacher_id NOT IN (SELECT Teacher_id FROM course_arrange),SELECT Name FROM Teachers WHERE TeacherID NOT IN (SELECT TeacherID FROM TeacherCourses);
course_teach,What are the names of the teachers whose courses have not been arranged?,SELECT Name FROM teacher WHERE Teacher_id NOT IN (SELECT Teacher_id FROM course_arrange),SELECT DISTINCT t.name FROM Teachers t LEFT JOIN Courses c ON t.id = c.teacher_id WHERE c.arranged IS NULL OR c.arranged = 0;
museum_visit,How many visitors below age 30 are there?,SELECT count(*) FROM visitor WHERE age  <  30,SELECT COUNT(*) FROM visitors WHERE age < 30;
museum_visit,"Find the names of the visitors whose membership level is higher than 4, and order the results by the level from high to low.",SELECT name FROM visitor WHERE Level_of_membership  >  4 ORDER BY Level_of_membership DESC,SELECT name FROM visitors WHERE membership_level > 4 ORDER BY membership_level DESC;
museum_visit,What is the average age of the visitors whose membership level is not higher than 4?,SELECT avg(age) FROM visitor WHERE Level_of_membership  <=  4,SELECT AVG(age) FROM Visitors WHERE membership_level <= 4;
museum_visit,"Find the name and membership level of the visitors whose membership level is higher than 4, and sort by their age from old to young.","SELECT name ,  Level_of_membership FROM visitor WHERE Level_of_membership  >  4 ORDER BY age DESC","SELECT name, membership_level FROM visitors WHERE membership_level > 4 ORDER BY age DESC;"
museum_visit,Find the id and name of the museum that has the most staff members?,"SELECT museum_id ,  name FROM museum ORDER BY num_of_staff DESC LIMIT 1","SELECT id, name FROM museums ORDER BY (SELECT COUNT(*) FROM staff WHERE staff.museum_id = museums.id) DESC LIMIT 1"
museum_visit,Find the average number of staff working for the museums that were open before 2009.,SELECT avg(num_of_staff) FROM museum WHERE open_year  <  2009,"SELECT AVG(staff_count) FROM museums WHERE strftime('%Y', opening_date) < '2009';"
museum_visit,What are the opening year and staff number of the museum named Plaza Museum?,"SELECT Num_of_Staff ,  Open_Year FROM museum WHERE name  =  'Plaza Museum'","SELECT opening_year, staff_number FROM museums WHERE name = 'Plaza Museum';"
museum_visit,find the names of museums which have more staff than the minimum staff number of all museums opened after 2010.,SELECT name FROM museum WHERE num_of_staff  >  (SELECT min(num_of_staff) FROM museum WHERE open_year  >  2010),SELECT name FROM museums WHERE staff > (SELECT MIN(staff) FROM museums WHERE opened_year > 2010)
museum_visit,"find the id, name and age for visitors who visited some museums more than once.","SELECT t1.id ,  t1.name ,  t1.age FROM visitor AS t1 JOIN visit AS t2 ON t1.id  =  t2.visitor_id GROUP BY t1.id HAVING count(*)  >  1","SELECT v.id, v.name, v.age FROM visitors v WHERE v.id IN (SELECT visitor_id FROM visits GROUP BY visitor_id, museum_id HAVING COUNT(*) > 1);"
museum_visit,"What are the id, name and membership level of visitors who have spent the largest amount of money in total in all museum tickets?","SELECT t2.visitor_id ,  t1.name ,  t1.Level_of_membership FROM visitor AS t1 JOIN visit AS t2 ON t1.id  =  t2.visitor_id GROUP BY t2.visitor_id ORDER BY sum(t2.Total_spent) DESC LIMIT 1","SELECT id, name, membership_level FROM visitors WHERE id IN (SELECT visitor_id FROM (SELECT visitor_id, SUM(price) AS total FROM tickets GROUP BY visitor_id ORDER BY total DESC LIMIT 1))"
museum_visit,What are the id and name of the museum visited most times?,"SELECT t2.Museum_ID ,  t1.name FROM museum AS t1 JOIN visit AS t2 ON t1.Museum_ID  =  t2.Museum_ID GROUP BY t2.Museum_ID ORDER BY count(*) DESC LIMIT 1","SELECT m.id, m.name, COUNT(v.museum_id) AS visits FROM museums m JOIN visits v ON m.id = v.museum_id GROUP BY m.id ORDER BY visits DESC LIMIT 1"
museum_visit,What is the name of the museum that had no visitor yet?,SELECT name FROM museum WHERE Museum_ID NOT IN (SELECT museum_id FROM visit),SELECT name FROM museums LEFT JOIN visits ON museums.id = visits.museum_id WHERE visits.museum_id IS NULL;
museum_visit,Find the name and age of the visitor who bought the most tickets at once.,"SELECT t1.name ,  t1.age FROM visitor AS t1 JOIN visit AS t2 ON t1.id  =  t2.visitor_id ORDER BY t2.num_of_ticket DESC LIMIT 1","SELECT v.name, v.age FROM visitors v JOIN purchases p ON v.visitor_id = p.visitor_id WHERE p.quantity = (SELECT MAX(quantity) FROM purchases) LIMIT 1;"
museum_visit,What are the average and maximum number of tickets bought in all visits?,"SELECT avg(num_of_ticket) ,  max(num_of_ticket) FROM visit","SELECT AVG(ticket_count) AS average_tickets, MAX(ticket_count) AS max_tickets FROM (SELECT visit_id, COUNT(*) AS ticket_count FROM tickets GROUP BY visit_id)"
museum_visit,What is the total ticket expense of the visitors whose membership level is 1?,SELECT sum(t2.Total_spent) FROM visitor AS t1 JOIN visit AS t2 ON t1.id  =  t2.visitor_id WHERE t1.Level_of_membership  =  1,SELECT SUM(tickets.price) FROM visitors JOIN tickets ON visitors.visitor_id = tickets.visitor_id WHERE visitors.membership_level = 1;
museum_visit,What is the name of the visitor who visited both a museum opened before 2009 and a museum opened after 2011?,SELECT t1.name FROM visitor AS t1 JOIN visit AS t2 ON t1.id  =  t2.visitor_id JOIN museum AS t3 ON t3.Museum_ID  =  t2.Museum_ID WHERE t3.open_year  <  2009 INTERSECT SELECT t1.name FROM visitor AS t1 JOIN visit AS t2 ON t1.id  =  t2.visitor_id JOIN museum AS t3 ON t3.Museum_ID  =  t2.Museum_ID WHERE t3.open_year  >  2011,SELECT v.name FROM visitors v WHERE EXISTS (SELECT 1 FROM visits vt JOIN museums m ON vt.museum_id = m.museum_id WHERE vt.visitor_id = v.visitor_id AND m.opening_date < 2009) AND EXISTS (SELECT 1 FROM visits vt JOIN museums m ON vt.museum_id = m.museum_id WHERE vt.visitor_id = v.visitor_id AND m.opening_date > 2011)
museum_visit,Find the number of visitors who did not visit any museum opened after 2010.,SELECT count(*) FROM visitor WHERE id NOT IN (SELECT t2.visitor_id FROM museum AS t1 JOIN visit AS t2 ON t1.Museum_ID  =  t2.Museum_ID WHERE t1.open_year  >  2010),SELECT COUNT(*) FROM Visitors WHERE VisitorID NOT IN (SELECT VisitorID FROM Visits WHERE MuseumID IN (SELECT MuseumID FROM Museums WHERE OpenedYear > 2010));
museum_visit,How many museums were opened after 2013 or before 2008?,SELECT count(*) FROM museum WHERE open_year  >  2013 OR open_year  <  2008,"SELECT COUNT(*) FROM museums WHERE strftime('%Y', opening_date) < '2008' OR strftime('%Y', opening_date) > '2013';"
wta_1,Find the total number of players.,SELECT count(*) FROM players,SELECT COUNT(*) FROM players;
wta_1,How many players are there?,SELECT count(*) FROM players,SELECT COUNT(*) FROM players;
wta_1,Find the total number of matches.,SELECT count(*) FROM matches,SELECT COUNT(*) FROM matches;
wta_1,Count the number of matches.,SELECT count(*) FROM matches,SELECT COUNT(*) FROM matches;
wta_1,List the first name and birth date of all players from the country with code USA.,"SELECT first_name ,  birth_date FROM players WHERE country_code  =  'USA'","SELECT first_name, birth_date FROM players WHERE country_code = 'USA';"
wta_1,What are the first names and birth dates of players from the USA?,"SELECT first_name ,  birth_date FROM players WHERE country_code  =  'USA'","SELECT first_name, birth_date FROM players WHERE country = 'USA';"
wta_1,Find the average age of losers and winners of all matches.,"SELECT avg(loser_age) ,  avg(winner_age) FROM matches","SELECT AVG(w.age) AS avg_winner_age, AVG(l.age) AS avg_loser_age FROM matches m JOIN players w ON m.winner_id = w.player_id JOIN players l ON m.loser_id = l.player_id;"
wta_1,What are the average ages of losers and winners across matches?,"SELECT avg(loser_age) ,  avg(winner_age) FROM matches","SELECT AVG(winner_age) AS avg_winner_age, AVG(loser_age) AS avg_loser_age FROM (SELECT p1.age AS winner_age, p2.age AS loser_age FROM matches m JOIN players p1 ON m.winner_id = p1.player_id JOIN players p2 ON m.loser_id = p2.player_id);"
wta_1,Find the average rank of winners in all matches.,SELECT avg(winner_rank) FROM matches,SELECT AVG(winner_rank) FROM matches;
wta_1,What is the average rank for winners in all matches?,SELECT avg(winner_rank) FROM matches,SELECT AVG(winner_rank) FROM matches;
wta_1,Find the highest rank of losers in all matches.,SELECT min(loser_rank) FROM matches,SELECT MAX(loser_rank) FROM matches;
wta_1,What is the best rank of losers across all matches?,SELECT min(loser_rank) FROM matches,SELECT MIN(loser_rank) FROM matches;
wta_1,find the number of distinct country codes of all players.,SELECT count(DISTINCT country_code) FROM players,SELECT COUNT(DISTINCT country_code) FROM players;
wta_1,How many distinct countries do players come from?,SELECT count(DISTINCT country_code) FROM players,SELECT COUNT(DISTINCT country) FROM players;
wta_1,Find the number of distinct name of losers.,SELECT count(DISTINCT loser_name) FROM matches,SELECT COUNT(DISTINCT name) FROM losers;
wta_1,How many different loser names are there?,SELECT count(DISTINCT loser_name) FROM matches,SELECT COUNT(DISTINCT loser_name) FROM matches;
wta_1,Find the name of tourney that has more than 10 matches.,SELECT tourney_name FROM matches GROUP BY tourney_name HAVING count(*)  >  10,SELECT t.name FROM tournament t JOIN match m ON t.tourney_id = m.tourney_id GROUP BY t.tourney_id HAVING COUNT(m.match_id) > 10;
wta_1,What are the names of tournaments that have more than 10 matches?,SELECT tourney_name FROM matches GROUP BY tourney_name HAVING count(*)  >  10,SELECT name FROM tournaments WHERE (SELECT COUNT(*) FROM matches WHERE matches.tournament_id = tournaments.id) > 10;
wta_1,List the names of all winners who played in both 2013 and 2016.,SELECT winner_name FROM matches WHERE YEAR  =  2013 INTERSECT SELECT winner_name FROM matches WHERE YEAR  =  2016,"SELECT name FROM winners WHERE year IN (2013, 2016) GROUP BY name HAVING COUNT(DISTINCT year) = 2;"
wta_1,What are the names of players who won in both 2013 and 2016?,SELECT winner_name FROM matches WHERE YEAR  =  2013 INTERSECT SELECT winner_name FROM matches WHERE YEAR  =  2016,"SELECT name FROM results WHERE result = 'win' AND year IN (2013, 2016) GROUP BY name HAVING COUNT(DISTINCT year) = 2;"
wta_1,List the number of all matches who played in years of 2013 or 2016.,SELECT count(*) FROM matches WHERE YEAR  =  2013 OR YEAR  =  2016,"SELECT COUNT(*) FROM matches WHERE year IN (2013, 2016);"
wta_1,How many matches were played in 2013 or 2016?,SELECT count(*) FROM matches WHERE YEAR  =  2013 OR YEAR  =  2016,"SELECT COUNT(*) FROM matches WHERE year IN (2013, 2016);"
wta_1,What are the country code and first name of the players who won in both tourney WTA Championships and Australian Open?,"SELECT T1.country_code ,  T1.first_name FROM players AS T1 JOIN matches AS T2 ON T1.player_id  =  T2.winner_id WHERE T2.tourney_name  =  'WTA Championships' INTERSECT SELECT T1.country_code ,  T1.first_name FROM players AS T1 JOIN matches AS T2 ON T1.player_id  =  T2.winner_id WHERE T2.tourney_name  =  'Australian Open'","SELECT country_code, first_name FROM players WHERE player_id IN (SELECT player_id FROM tournament_winners WHERE tournament_name = 'WTA Championships' INTERSECT SELECT player_id FROM tournament_winners WHERE tournament_name = 'Australian Open')"
wta_1,What are the first names and country codes for players who won both the WTA Championships and the Australian Open?,"SELECT T1.country_code ,  T1.first_name FROM players AS T1 JOIN matches AS T2 ON T1.player_id  =  T2.winner_id WHERE T2.tourney_name  =  'WTA Championships' INTERSECT SELECT T1.country_code ,  T1.first_name FROM players AS T1 JOIN matches AS T2 ON T1.player_id  =  T2.winner_id WHERE T2.tourney_name  =  'Australian Open'","SELECT first_name, country_code FROM player_tournaments WHERE tournament_name = 'WTA Championships' INTERSECT SELECT first_name, country_code FROM player_tournaments WHERE tournament_name = 'Australian Open'"
wta_1,Find the first name and country code of the oldest player.,"SELECT first_name ,  country_code FROM players ORDER BY birth_date LIMIT 1","SELECT first_name, country_code FROM players ORDER BY age DESC LIMIT 1;"
wta_1,What is the first name and country code of the oldest player?,"SELECT first_name ,  country_code FROM players ORDER BY birth_date LIMIT 1","SELECT first_name, country_code FROM players ORDER BY age DESC LIMIT 1;"
wta_1,List the first and last name of all players in the order of birth date.,"SELECT first_name ,  last_name FROM players ORDER BY birth_date","SELECT first_name, last_name FROM players ORDER BY birth_date;"
wta_1,"What are the full names of all players, sorted by birth date?","SELECT first_name ,  last_name FROM players ORDER BY birth_date",SELECT first_name || ' ' || last_name AS full_name FROM players ORDER BY birth_date;
wta_1,List the first and last name of all players who are left / L hand in the order of birth date.,"SELECT first_name ,  last_name FROM players WHERE hand  =  'L' ORDER BY birth_date","SELECT first_name, last_name FROM players WHERE hand IN ('Left', 'L') ORDER BY birth_date;"
wta_1,"What are the full names of all left handed players, in order of birth date?","SELECT first_name ,  last_name FROM players WHERE hand  =  'L' ORDER BY birth_date",SELECT first_name || ' ' || last_name AS full_name FROM players WHERE handedness = 'left' ORDER BY birth_date;
wta_1,Find the first name and country code of the player who did the most number of tours.,"SELECT T1.country_code ,  T1.first_name FROM players AS T1 JOIN rankings AS T2 ON T1.player_id  =  T2.player_id ORDER BY T2.tours DESC LIMIT 1","SELECT p.first_name, p.country_code FROM players p JOIN player_tours pt ON p.player_id = pt.player_id GROUP BY p.player_id ORDER BY COUNT(pt.tour_id) DESC LIMIT 1;"
wta_1,What is the first name and country code of the player with the most tours?,"SELECT T1.country_code ,  T1.first_name FROM players AS T1 JOIN rankings AS T2 ON T1.player_id  =  T2.player_id ORDER BY T2.tours DESC LIMIT 1","SELECT first_name, country_code FROM players ORDER BY (SELECT COUNT(*) FROM tours WHERE tours.player_id = players.player_id) DESC LIMIT 1;"
wta_1,Find the year that has the most number of matches.,SELECT YEAR FROM matches GROUP BY YEAR ORDER BY count(*) DESC LIMIT 1,SELECT year FROM matches GROUP BY year ORDER BY COUNT(*) DESC LIMIT 1;
wta_1,Which year had the most matches?,SELECT YEAR FROM matches GROUP BY YEAR ORDER BY count(*) DESC LIMIT 1,SELECT year FROM matches GROUP BY year ORDER BY COUNT(*) DESC LIMIT 1;
wta_1,Find the name and rank points of the winner who won the most times.,"SELECT winner_name ,  winner_rank_points FROM matches GROUP BY winner_name ORDER BY count(*) DESC LIMIT 1","SELECT name, rank_points FROM winners ORDER BY wins DESC LIMIT 1;"
wta_1,"What is the name of the winner who has won the most matches, and how many rank points does this player have?","SELECT winner_name ,  winner_rank_points FROM matches GROUP BY winner_name ORDER BY count(*) DESC LIMIT 1","SELECT name, rank_points FROM players WHERE id = (SELECT winner_id FROM matches GROUP BY winner_id ORDER BY COUNT(*) DESC LIMIT 1)"
wta_1,Find the name of the winner who has the highest rank points and participated in the Australian Open tourney.,SELECT winner_name FROM matches WHERE tourney_name  =  'Australian Open' ORDER BY winner_rank_points DESC LIMIT 1,SELECT p.name FROM players p JOIN results r ON p.player_id = r.player_id JOIN tournaments t ON r.tourney_id = t.tourney_id WHERE t.name = 'Australian Open' AND r.position = 'Winner' ORDER BY p.rank_points DESC LIMIT 1;
wta_1,What is the name of the winner with the most rank points who participated in the Australian Open tournament?,SELECT winner_name FROM matches WHERE tourney_name  =  'Australian Open' ORDER BY winner_rank_points DESC LIMIT 1,SELECT name FROM winners WHERE tournament = 'Australian Open' ORDER BY rank_points DESC LIMIT 1;
wta_1,find the names of loser and winner who played in the match with greatest number of minutes.,"SELECT winner_name ,  loser_name FROM matches ORDER BY minutes DESC LIMIT 1","SELECT winner_name, loser_name FROM matches ORDER BY minutes_played DESC LIMIT 1"
wta_1,What are the names of the winner and loser who played in the longest match?,"SELECT winner_name ,  loser_name FROM matches ORDER BY minutes DESC LIMIT 1","SELECT p1.name AS winner, p2.name AS loser FROM matches m JOIN players p1 ON m.winner_id = p1.id JOIN players p2 ON m.loser_id = p2.id ORDER BY m.duration DESC LIMIT 1;"
wta_1,Find the average ranking for each player and their first name.,"SELECT avg(ranking) ,  T1.first_name FROM players AS T1 JOIN rankings AS T2 ON T1.player_id  =  T2.player_id GROUP BY T1.first_name","SELECT first_name, AVG(ranking) FROM players GROUP BY player_id, first_name;"
wta_1,"What are the first names of all players, and their average rankings?","SELECT avg(ranking) ,  T1.first_name FROM players AS T1 JOIN rankings AS T2 ON T1.player_id  =  T2.player_id GROUP BY T1.first_name","SELECT first_name, AVG(ranking) FROM players GROUP BY first_name;"
wta_1,Find the total ranking points for each player and their first name.,"SELECT sum(ranking_points) ,  T1.first_name FROM players AS T1 JOIN rankings AS T2 ON T1.player_id  =  T2.player_id GROUP BY T1.first_name","SELECT first_name, SUM(ranking_points) FROM players GROUP BY player_id;"
wta_1,"What are the first names of all players, and their total ranking points?","SELECT sum(ranking_points) ,  T1.first_name FROM players AS T1 JOIN rankings AS T2 ON T1.player_id  =  T2.player_id GROUP BY T1.first_name","SELECT first_name, total_ranking_points FROM players;"
wta_1,find the number of players for each country.,"SELECT count(*) ,  country_code FROM players GROUP BY country_code","SELECT country, COUNT(*) as num_players FROM players GROUP BY country;"
wta_1,How many players are from each country?,"SELECT count(*) ,  country_code FROM players GROUP BY country_code","SELECT country, COUNT(*) FROM players GROUP BY country;"
wta_1,find the code of the country where has the greatest number of players.,SELECT country_code FROM players GROUP BY country_code ORDER BY count(*) DESC LIMIT 1,SELECT code FROM countries JOIN players ON countries.code = players.country_code GROUP BY code ORDER BY COUNT(players.id) DESC LIMIT 1;
wta_1,What is the code of the country with the most players?,SELECT country_code FROM players GROUP BY country_code ORDER BY count(*) DESC LIMIT 1,SELECT country_code FROM players GROUP BY country_code ORDER BY COUNT(*) DESC LIMIT 1;
wta_1,Find the codes of countries that have more than 50 players.,SELECT country_code FROM players GROUP BY country_code HAVING count(*)  >  50,SELECT country_code FROM players GROUP BY country_code HAVING COUNT(*) > 50;
wta_1,What are the codes of countries with more than 50 players?,SELECT country_code FROM players GROUP BY country_code HAVING count(*)  >  50,SELECT country_code FROM players GROUP BY country_code HAVING COUNT(*) > 50;
wta_1,Find the total number of tours for each ranking date.,"SELECT sum(tours) ,  ranking_date FROM rankings GROUP BY ranking_date","SELECT ranking_date, COUNT(*) FROM tours GROUP BY ranking_date;"
wta_1,How many total tours were there for each ranking date?,"SELECT sum(tours) ,  ranking_date FROM rankings GROUP BY ranking_date","SELECT ranking_date, COUNT(*) FROM tours GROUP BY ranking_date;"
wta_1,Find the number of matches happened in each year.,"SELECT count(*) ,  YEAR FROM matches GROUP BY YEAR","SELECT strftime('%Y', date) AS year, COUNT(*) FROM matches GROUP BY year;"
wta_1,How many matches were played in each year?,"SELECT count(*) ,  YEAR FROM matches GROUP BY YEAR","SELECT year, COUNT(*) FROM matches GROUP BY year;"
wta_1,Find the name and rank of the 3 youngest winners across all matches.,"SELECT DISTINCT winner_name ,  winner_rank FROM matches ORDER BY winner_age LIMIT 3","SELECT name, rank FROM winners ORDER BY age ASC LIMIT 3"
wta_1,What are the names and ranks of the three youngest winners across all matches?,"SELECT DISTINCT winner_name ,  winner_rank FROM matches ORDER BY winner_age LIMIT 3","SELECT name, rank FROM winners ORDER BY age ASC LIMIT 3;"
wta_1,How many different winners both participated in the WTA Championships and were left handed?,SELECT count(DISTINCT winner_name) FROM matches WHERE tourney_name  =  'WTA Championships' AND winner_hand  =  'L',SELECT COUNT(DISTINCT p.player_id) FROM players p JOIN wta_championships_winners w ON p.player_id = w.player_id WHERE p.handedness = 'left';
wta_1,Find the number of left handed winners who participated in the WTA Championships.,SELECT count(DISTINCT winner_name) FROM matches WHERE tourney_name  =  'WTA Championships' AND winner_hand  =  'L',SELECT COUNT(*) FROM players WHERE is_left_handed = 1 AND tournament = 'WTA Championships' AND result = 'Winner';
wta_1,"Find the first name, country code and birth date of the winner who has the highest rank points in all matches.","SELECT T1.first_name ,  T1.country_code ,  T1.birth_date FROM players AS T1 JOIN matches AS T2 ON T1.player_id  =  T2.winner_id ORDER BY T2.winner_rank_points DESC LIMIT 1","SELECT p.first_name, p.country_code, p.birth_date FROM players p JOIN (SELECT player_id, SUM(rank_points) AS total_points FROM match_results GROUP BY player_id) m ON p.player_id = m.player_id ORDER BY m.total_points DESC LIMIT 1;"
wta_1,"What is the first name, country code, and birth date of the player with the most winner rank points across all matches?","SELECT T1.first_name ,  T1.country_code ,  T1.birth_date FROM players AS T1 JOIN matches AS T2 ON T1.player_id  =  T2.winner_id ORDER BY T2.winner_rank_points DESC LIMIT 1","SELECT p.first_name, p.country_code, p.birth_date FROM players p JOIN matches m ON p.player_id = m.winner_id GROUP BY p.player_id ORDER BY SUM(m.rank_points) DESC LIMIT 1;"
wta_1,Find the number of players for each hand type.,"SELECT count(*) ,  hand FROM players GROUP BY hand","SELECT hand_type, COUNT(*) FROM players GROUP BY hand_type;"
wta_1,How many players are there for each hand type?,"SELECT count(*) ,  hand FROM players GROUP BY hand","SELECT hand_type, COUNT(*) FROM players GROUP BY hand_type;"
battle_death,How many ships ended up being 'Captured'?,SELECT count(*) FROM ship WHERE disposition_of_ship  =  'Captured',SELECT COUNT(*) FROM ships WHERE status = 'Captured';
battle_death,List the name and tonnage ordered by in descending alphaetical order for the names.,"SELECT name ,  tonnage FROM ship ORDER BY name DESC","SELECT name, tonnage FROM ships ORDER BY name DESC;"
battle_death,"List the name, date and result of each battle.","SELECT name ,  date FROM battle","SELECT name, date, result FROM battles;"
battle_death,What is maximum and minimum death toll caused each time?,"SELECT max(killed) ,  min(killed) FROM death","SELECT MAX(death_toll) AS max_death, MIN(death_toll) AS min_death FROM incidents;"
battle_death,What is the average number of injuries caused each time?,SELECT avg(injured) FROM death,SELECT AVG(injuries) FROM incidents;
battle_death,What are the death and injury situations caused by the ship with tonnage 't'?,"SELECT T1.killed ,  T1.injured FROM death AS T1 JOIN ship AS t2 ON T1.caused_by_ship_id  =  T2.id WHERE T2.tonnage  =  't'","SELECT deaths, injuries FROM ship_incidents WHERE tonnage = 't';"
battle_death,What are the name and results of the battles when the bulgarian commander is not 'Boril',"SELECT name ,  RESULT FROM battle WHERE bulgarian_commander != 'Boril'","SELECT battle_name, result FROM battles WHERE bulgarian_commander != 'Boril';"
battle_death,What are the different ids and names of the battles that lost any 'Brig' type shipes?,"SELECT DISTINCT T1.id ,  T1.name FROM battle AS T1 JOIN ship AS T2 ON T1.id  =  T2.lost_in_battle WHERE T2.ship_type  =  'Brig'","SELECT DISTINCT b.id, b.name FROM battles b JOIN ships s ON b.id = s.battle_id WHERE s.type = 'Brig' AND s.status = 'lost';"
battle_death,What are the ids and names of the battles that led to more than 10 people killed in total.,"SELECT T1.id ,  T1.name FROM battle AS T1 JOIN ship AS T2 ON T1.id  =  T2.lost_in_battle JOIN death AS T3 ON T2.id  =  T3.caused_by_ship_id GROUP BY T1.id HAVING sum(T3.killed)  >  10","SELECT battle_id, name FROM battles GROUP BY battle_id HAVING COUNT(*) > 10;"
battle_death,What is the ship id and name that caused most total injuries?,"SELECT T2.id ,  T2.name FROM death AS T1 JOIN ship AS t2 ON T1.caused_by_ship_id  =  T2.id GROUP BY T2.id ORDER BY count(*) DESC LIMIT 1","SELECT ship_id, ship_name FROM ships JOIN battles ON ships.ship_id = battles.ship_id GROUP BY ship_id ORDER BY SUM(injuries) DESC LIMIT 1;"
battle_death,What are the distinct battle names which are between bulgarian commander 'Kaloyan' and latin commander 'Baldwin I'?,SELECT name FROM battle WHERE bulgarian_commander  =  'Kaloyan' AND latin_commander  =  'Baldwin I',SELECT DISTINCT b1.battle_name FROM battles b1 JOIN commanders c1 ON b1.commander_id = c1.id JOIN battles b2 ON b1.battle_name = b2.battle_name JOIN commanders c2 ON b2.commander_id = c2.id WHERE c1.name = 'Kaloyan' AND c1.nationality = 'Bulgarian' AND c2.name = 'Baldwin I' AND c2.nationality = 'Latin'
battle_death,How many different results are there for the battles?,SELECT count(DISTINCT RESULT) FROM battle,SELECT COUNT(DISTINCT result) FROM battles;
battle_death,How many battles did not lose any ship with tonnage '225'?,SELECT count(*) FROM battle WHERE id NOT IN ( SELECT lost_in_battle FROM ship WHERE tonnage  =  '225' );,SELECT COUNT(*) FROM Battles WHERE battle_id NOT IN (SELECT battle_id FROM LostShips JOIN Ships ON LostShips.ship_id = Ships.ship_id WHERE Ships.tonnage = '225')
battle_death,List the name and date the battle that has lost the ship named 'Lettice' and the ship named 'HMS Atalanta',"SELECT T1.name ,  T1.date FROM battle AS T1 JOIN ship AS T2 ON T1.id  =  T2.lost_in_battle WHERE T2.name  =  'Lettice' INTERSECT SELECT T1.name ,  T1.date FROM battle AS T1 JOIN ship AS T2 ON T1.id  =  T2.lost_in_battle WHERE T2.name  =  'HMS Atalanta'","SELECT battle_name, battle_date FROM battles WHERE ship_name IN ('Lettice', 'HMS Atalanta') AND result = 'lost' GROUP BY battle_name HAVING COUNT(DISTINCT ship_name) = 2;"
battle_death,"Show names, results and bulgarian commanders of the battles with no ships lost in the 'English Channel'.","SELECT name ,  RESULT ,  bulgarian_commander FROM battle EXCEPT SELECT T1.name ,  T1.result ,  T1.bulgarian_commander FROM battle AS T1 JOIN ship AS T2 ON T1.id  =  T2.lost_in_battle WHERE T2.location  =  'English Channel'","SELECT name, result, commander FROM battles WHERE location = 'English Channel' AND ships_lost = 0 AND commander IN (SELECT name FROM commanders WHERE country = 'Bulgaria');"
battle_death,What are the notes of the death events which has substring 'East'?,SELECT note FROM death WHERE note LIKE '%East%',SELECT notes FROM death_events WHERE notes LIKE '%East%';
student_transcripts_tracking,what are all the addresses including line 1 and line 2?,"SELECT line_1 ,  line_2 FROM addresses","SELECT address_line1, address_line2 FROM addresses;"
student_transcripts_tracking,What is the first and second line for all addresses?,"SELECT line_1 ,  line_2 FROM addresses","SELECT address_line1, address_line2 FROM addresses;"
student_transcripts_tracking,How many courses in total are listed?,SELECT count(*) FROM Courses,SELECT COUNT(*) FROM courses;
student_transcripts_tracking,How many courses are there?,SELECT count(*) FROM Courses,SELECT COUNT(*) FROM courses;
student_transcripts_tracking,How is the math course described?,SELECT course_description FROM Courses WHERE course_name  =  'math',SELECT description FROM courses WHERE name = 'Math';
student_transcripts_tracking,What are the descriptions for all the math courses?,SELECT course_description FROM Courses WHERE course_name  =  'math',SELECT description FROM courses WHERE subject = 'Math';
student_transcripts_tracking,What is the zip code of the address in the city Port Chelsea?,SELECT zip_postcode FROM Addresses WHERE city  =  'Port Chelsea',SELECT zip_code FROM addresses WHERE city = 'Port Chelsea';
student_transcripts_tracking,What is the zip code for Port Chelsea?,SELECT zip_postcode FROM Addresses WHERE city  =  'Port Chelsea',SELECT zip_code FROM locations WHERE city = 'Port Chelsea';
student_transcripts_tracking,Which department offers the most number of degrees? List department name and id.,"SELECT T2.department_name ,  T1.department_id FROM Degree_Programs AS T1 JOIN Departments AS T2 ON T1.department_id  =  T2.department_id GROUP BY T1.department_id ORDER BY count(*) DESC LIMIT 1","SELECT departments.department_id, departments.department_name, COUNT(degrees.degree_id) AS degree_count FROM departments INNER JOIN degrees ON departments.department_id = degrees.department_id GROUP BY departments.department_id ORDER BY degree_count DESC LIMIT 1;"
student_transcripts_tracking,What is the name and id of the department with the most number of degrees ?,"select t2.department_name ,  t1.department_id from degree_programs as t1 join departments as t2 on t1.department_id  =  t2.department_id group by t1.department_id order by count(*) desc limit 1","SELECT department_id AS id, department_name AS name FROM departments ORDER BY (SELECT COUNT(*) FROM degrees WHERE degrees.department_id = departments.id) DESC LIMIT 1"
student_transcripts_tracking,How many departments offer any degree?,SELECT count(DISTINCT department_id) FROM Degree_Programs,SELECT COUNT(DISTINCT department_id) FROM degrees;
student_transcripts_tracking,How many different departments offer degrees?,SELECT count(DISTINCT department_id) FROM Degree_Programs,SELECT COUNT(DISTINCT department_id) FROM degrees;
student_transcripts_tracking,How many different degree names are offered?,SELECT count(DISTINCT degree_summary_name) FROM Degree_Programs,SELECT COUNT(DISTINCT degree_name) FROM degrees;
student_transcripts_tracking,How many different degrees are offered?,SELECT count(DISTINCT degree_summary_name) FROM Degree_Programs,SELECT COUNT(DISTINCT degree) FROM programs;
student_transcripts_tracking,How many degrees does the engineering department offer?,SELECT count(*) FROM Departments AS T1 JOIN Degree_Programs AS T2 ON T1.department_id  =  T2.department_id WHERE T1.department_name  =  'engineer',SELECT COUNT(*) FROM degrees JOIN departments ON degrees.department_id = departments.id WHERE departments.name = 'Engineering';
student_transcripts_tracking,How many degrees does the engineering department have?,SELECT count(*) FROM Departments AS T1 JOIN Degree_Programs AS T2 ON T1.department_id  =  T2.department_id WHERE T1.department_name  =  'engineer',SELECT COUNT(*) FROM degrees WHERE department_id = (SELECT id FROM departments WHERE name = 'Engineering');
student_transcripts_tracking,What are the names and descriptions of all the sections?,"SELECT section_name ,  section_description FROM Sections","SELECT name, description FROM sections;"
student_transcripts_tracking,What are the names and descriptions for all the sections?,"SELECT section_name ,  section_description FROM Sections","SELECT name, description FROM sections;"
student_transcripts_tracking,What are the names and id of courses having at most 2 sections?,"SELECT T1.course_name ,  T1.course_id FROM Courses AS T1 JOIN Sections AS T2 ON T1.course_id  =  T2.course_id GROUP BY T1.course_id HAVING count(*)  <=  2","SELECT course_id, course_name FROM courses LEFT JOIN sections ON courses.course_id = sections.course_id GROUP BY course_id, course_name HAVING COUNT(sections.section_id) <= 2;"
student_transcripts_tracking,What are the names and ids of every course with less than 2 sections?,"SELECT T1.course_name ,  T1.course_id FROM Courses AS T1 JOIN Sections AS T2 ON T1.course_id  =  T2.course_id GROUP BY T1.course_id HAVING count(*)  <=  2","SELECT course_id, course_name FROM courses LEFT JOIN sections ON courses.id = sections.course_id GROUP BY course_id HAVING COUNT(sections.id) < 2;"
student_transcripts_tracking,List the section_name in reversed lexicographical order.,SELECT section_name FROM Sections ORDER BY section_name DESC,SELECT section_name FROM sections ORDER BY section_name DESC;
student_transcripts_tracking,What are the names of the sections in reverse alphabetical order?,SELECT section_name FROM Sections ORDER BY section_name DESC,SELECT name FROM sections ORDER BY name DESC;
student_transcripts_tracking,What is the semester which most student registered in? Show both the name and the id.,"SELECT T1.semester_name ,  T1.semester_id FROM Semesters AS T1 JOIN Student_Enrolment AS T2 ON T1.semester_id  =  T2.semester_id GROUP BY T1.semester_id ORDER BY count(*) DESC LIMIT 1","SELECT s.id, s.name FROM registrations r JOIN semesters s ON r.semester_id = s.id GROUP BY s.id ORDER BY COUNT(*) DESC LIMIT 1;"
student_transcripts_tracking,"For each semester, what is the name and id of the one with the most students registered?","SELECT T1.semester_name ,  T1.semester_id FROM Semesters AS T1 JOIN Student_Enrolment AS T2 ON T1.semester_id  =  T2.semester_id GROUP BY T1.semester_id ORDER BY count(*) DESC LIMIT 1","SELECT s.id, s.name FROM semesters s JOIN registrations r ON s.id = r.semester_id GROUP BY s.id ORDER BY COUNT(r.student_id) DESC LIMIT 1;"
student_transcripts_tracking,What is the description of the department whose name has the substring the computer?,SELECT department_description FROM Departments WHERE department_name LIKE '%computer%',SELECT description FROM departments WHERE name LIKE '%the computer%';
student_transcripts_tracking,What is the department description for the one whose name has the word computer?,SELECT department_description FROM Departments WHERE department_name LIKE '%computer%',SELECT description FROM departments WHERE name LIKE '%computer%';
student_transcripts_tracking,"Who are enrolled in 2 degree programs in one semester? List the first name, middle name and last name and the id.","SELECT T1.first_name ,  T1.middle_name ,  T1.last_name ,  T1.student_id FROM Students AS T1 JOIN Student_Enrolment AS T2 ON T1.student_id  =  T2.student_id GROUP BY T1.student_id HAVING count(*)  =  2","SELECT first_name, middle_name, last_name, student_id FROM students WHERE student_id IN (SELECT student_id FROM enrollments GROUP BY student_id, semester HAVING COUNT(DISTINCT program_id) = 2)"
student_transcripts_tracking,"What are the first, middle, and last names, along with the ids, of all students who enrolled in 2 degree programs in one semester?","SELECT T1.first_name ,  T1.middle_name ,  T1.last_name ,  T1.student_id FROM Students AS T1 JOIN Student_Enrolment AS T2 ON T1.student_id  =  T2.student_id GROUP BY T1.student_id HAVING count(*)  =  2","SELECT s.StudentID, s.FirstName, s.MiddleName, s.LastName FROM Students s JOIN Enrollments e ON s.StudentID = e.StudentID GROUP BY s.StudentID, e.Semester HAVING COUNT(DISTINCT e.ProgramID) = 2;"
student_transcripts_tracking,"Who is enrolled in a Bachelor degree program? List the first name, middle name, last name.","SELECT DISTINCT T1.first_name ,  T1.middle_name ,  T1.last_name FROM Students AS T1 JOIN Student_Enrolment AS T2 ON T1.student_id  =  T2.student_id JOIN Degree_Programs AS T3 ON T2.degree_program_id  =  T3.degree_program_id WHERE T3.degree_summary_name  =  'Bachelor'","SELECT first_name, middle_name, last_name FROM students WHERE degree_program = 'Bachelor';"
student_transcripts_tracking,"What are the first, middle, and last names for everybody enrolled in a Bachelors program?","SELECT DISTINCT T1.first_name ,  T1.middle_name ,  T1.last_name FROM Students AS T1 JOIN Student_Enrolment AS T2 ON T1.student_id  =  T2.student_id JOIN Degree_Programs AS T3 ON T2.degree_program_id  =  T3.degree_program_id WHERE T3.degree_summary_name  =  'Bachelor'","SELECT first_name, middle_name, last_name FROM students WHERE student_id IN (SELECT student_id FROM enrollments WHERE program_type = 'Bachelors')"
student_transcripts_tracking,Find the kind of program which most number of students are enrolled in?,SELECT T1.degree_summary_name FROM Degree_Programs AS T1 JOIN Student_Enrolment AS T2 ON T1.degree_program_id  =  T2.degree_program_id GROUP BY T1.degree_summary_name ORDER BY count(*) DESC LIMIT 1,SELECT program_kind FROM enrollments GROUP BY program_kind ORDER BY COUNT(student_id) DESC LIMIT 1;
student_transcripts_tracking,What is the degree summary name that has the most number of students enrolled?,SELECT T1.degree_summary_name FROM Degree_Programs AS T1 JOIN Student_Enrolment AS T2 ON T1.degree_program_id  =  T2.degree_program_id GROUP BY T1.degree_summary_name ORDER BY count(*) DESC LIMIT 1,SELECT degree_name FROM students JOIN degrees ON students.degree_id = degrees.id GROUP BY degree_name ORDER BY COUNT(students.id) DESC LIMIT 1;
student_transcripts_tracking,Find the program which most number of students are enrolled in. List both the id and the summary.,"SELECT T1.degree_program_id ,  T1.degree_summary_name FROM Degree_Programs AS T1 JOIN Student_Enrolment AS T2 ON T1.degree_program_id  =  T2.degree_program_id GROUP BY T1.degree_program_id ORDER BY count(*) DESC LIMIT 1","SELECT p.id, p.summary, COUNT(s.student_id) AS num_students FROM students s JOIN programs p ON s.program_id = p.id GROUP BY p.id ORDER BY num_students DESC LIMIT 1;"
student_transcripts_tracking,What is the program id and the summary of the degree that has the most students enrolled?,"SELECT T1.degree_program_id ,  T1.degree_summary_name FROM Degree_Programs AS T1 JOIN Student_Enrolment AS T2 ON T1.degree_program_id  =  T2.degree_program_id GROUP BY T1.degree_program_id ORDER BY count(*) DESC LIMIT 1","SELECT p.program_id, p.summary FROM enrollments e JOIN programs p ON e.program_id = p.program_id GROUP BY p.program_id ORDER BY COUNT(e.student_id) DESC LIMIT 1;"
student_transcripts_tracking,"Which student has enrolled for the most times in any program? List the id, first name, middle name, last name, the number of enrollments and student id.","SELECT T1.student_id ,  T1.first_name ,  T1.middle_name ,  T1.last_name ,  count(*) ,  T1.student_id FROM Students AS T1 JOIN Student_Enrolment AS T2 ON T1.student_id  =  T2.student_id GROUP BY T1.student_id ORDER BY count(*) DESC LIMIT 1","SELECT s.id, s.first_name, s.middle_name, s.last_name, COUNT(e.student_id) AS num_enrollments, s.student_id FROM Students s JOIN Enrollments e ON s.id = e.student_id GROUP BY s.id ORDER BY num_enrollments DESC LIMIT 1;"
student_transcripts_tracking,"What is the first, middle, and last name, along with the id and number of enrollments, for the student who enrolled the most in any program?","SELECT T1.student_id ,  T1.first_name ,  T1.middle_name ,  T1.last_name ,  count(*) ,  T1.student_id FROM Students AS T1 JOIN Student_Enrolment AS T2 ON T1.student_id  =  T2.student_id GROUP BY T1.student_id ORDER BY count(*) DESC LIMIT 1","SELECT s.first_name, s.middle_name, s.last_name, s.id, COUNT(e.student_id) AS enrollments FROM Students s JOIN Enrollments e ON s.id = e.student_id GROUP BY s.id ORDER BY enrollments DESC LIMIT 1;"
student_transcripts_tracking,Which semesters do not have any student enrolled? List the semester name.,SELECT semester_name FROM Semesters WHERE semester_id NOT IN( SELECT semester_id FROM Student_Enrolment ),SELECT semester_name FROM semesters LEFT JOIN students ON semesters.id = students.semester_id WHERE students.semester_id IS NULL;
student_transcripts_tracking,What is the name of the semester with no students enrolled?,SELECT semester_name FROM Semesters WHERE semester_id NOT IN( SELECT semester_id FROM Student_Enrolment ),SELECT name FROM semesters WHERE id NOT IN (SELECT DISTINCT semester_id FROM enrollments);
student_transcripts_tracking,What are all the course names of the courses which ever have students enrolled in?,SELECT DISTINCT T1.course_name FROM Courses AS T1 JOIN Student_Enrolment_Courses AS T2 ON T1.course_id  =  T2.course_id,SELECT DISTINCT course_name FROM courses WHERE course_id IN (SELECT course_id FROM enrollments);
student_transcripts_tracking,What are the names of all courses that have some students enrolled?,SELECT DISTINCT T1.course_name FROM Courses AS T1 JOIN Student_Enrolment_Courses AS T2 ON T1.course_id  =  T2.course_id,SELECT DISTINCT course_name FROM courses WHERE course_id IN (SELECT course_id FROM students)
student_transcripts_tracking,What's the name of the course with most number of enrollments?,SELECT  T1.course_name FROM Courses AS T1 JOIN Student_Enrolment_Courses AS T2 ON T1.course_id  =  T2.course_id GROUP BY T1.course_name ORDER BY count(*) DESC LIMIT 1,SELECT c.name FROM courses c JOIN enrollments e ON c.id = e.course_id GROUP BY c.id ORDER BY COUNT(e.course_id) DESC LIMIT 1;
student_transcripts_tracking,What is the name of the course with the most students enrolled?,SELECT  T1.course_name FROM Courses AS T1 JOIN Student_Enrolment_Courses AS T2 ON T1.course_id  =  T2.course_id GROUP BY T1.course_name ORDER BY count(*) DESC LIMIT 1,SELECT course_name FROM courses JOIN enrollments ON courses.course_id = enrollments.course_id GROUP BY course_name ORDER BY COUNT(enrollments.student_id) DESC LIMIT 1;
student_transcripts_tracking,Find the last name of the students who currently live in the state of North Carolina but have not registered in any degree program.,SELECT T1.last_name FROM Students AS T1 JOIN Addresses AS T2 ON T1.current_address_id  =  T2.address_id WHERE T2.state_province_county  =  'NorthCarolina' EXCEPT SELECT DISTINCT T3.last_name FROM Students AS T3 JOIN Student_Enrolment AS T4 ON T3.student_id  =  T4.student_id,SELECT LastName FROM Students LEFT JOIN Registrations ON Students.StudentID = Registrations.StudentID WHERE Students.State = 'North Carolina' AND Registrations.StudentID IS NULL;
student_transcripts_tracking,What are the last name of the students who live in North Carolina but have not registered in any degree programs?,SELECT T1.last_name FROM Students AS T1 JOIN Addresses AS T2 ON T1.current_address_id  =  T2.address_id WHERE T2.state_province_county  =  'NorthCarolina' EXCEPT SELECT DISTINCT T3.last_name FROM Students AS T3 JOIN Student_Enrolment AS T4 ON T3.student_id  =  T4.student_id,SELECT LastName FROM Students WHERE State = 'North Carolina' AND StudentID NOT IN (SELECT StudentID FROM StudentDegrees)
student_transcripts_tracking,Show the date and id of the transcript with at least 2 course results.,"SELECT T2.transcript_date ,  T1.transcript_id FROM Transcript_Contents AS T1 JOIN Transcripts AS T2 ON T1.transcript_id  =  T2.transcript_id GROUP BY T1.transcript_id HAVING count(*)  >=  2","SELECT t.id, t.date FROM transcripts t JOIN course_results r ON t.id = r.transcript_id GROUP BY t.id, t.date HAVING COUNT(*) >= 2;"
student_transcripts_tracking,What is the date and id of the transcript with at least 2 courses listed?,"SELECT T2.transcript_date ,  T1.transcript_id FROM Transcript_Contents AS T1 JOIN Transcripts AS T2 ON T1.transcript_id  =  T2.transcript_id GROUP BY T1.transcript_id HAVING count(*)  >=  2","SELECT t.id, t.date FROM transcripts t JOIN courses c ON t.id = c.transcript_id GROUP BY t.id HAVING COUNT(c.id) >= 2;"
student_transcripts_tracking,What is the phone number of the man with the first name Timmothy and the last name Ward?,SELECT cell_mobile_number FROM Students WHERE first_name  =  'Timmothy' AND last_name  =  'Ward',SELECT phone_number FROM people WHERE first_name = 'Timmothy' AND last_name = 'Ward';
student_transcripts_tracking,What is the mobile phone number of the student named Timmothy Ward ?,select cell_mobile_number from students where first_name  =  'timmothy' and last_name  =  'ward',SELECT mobile_number FROM students WHERE first_name = 'Timmothy' AND last_name = 'Ward';
student_transcripts_tracking,"Who is the first student to register? List the first name, middle name and last name.","SELECT first_name ,  middle_name ,  last_name FROM Students ORDER BY date_first_registered ASC LIMIT 1","SELECT first_name, middle_name, last_name FROM students ORDER BY registration_date ASC LIMIT 1;"
student_transcripts_tracking,"What is the first, middle, and last name of the first student to register?","SELECT first_name ,  middle_name ,  last_name FROM Students ORDER BY date_first_registered ASC LIMIT 1","SELECT first_name, middle_name, last_name FROM students ORDER BY registration_date ASC LIMIT 1;"
student_transcripts_tracking,"Who is the earliest graduate of the school? List the first name, middle name and last name.","SELECT first_name ,  middle_name ,  last_name FROM Students ORDER BY date_left ASC LIMIT 1","SELECT first_name, middle_name, last_name FROM students ORDER BY graduation_date ASC LIMIT 1;"
student_transcripts_tracking,"What is the first, middle, and last name of the earliest school graduate?","SELECT first_name ,  middle_name ,  last_name FROM Students ORDER BY date_left ASC LIMIT 1","SELECT first_name, middle_name, last_name FROM students ORDER BY graduation_date ASC LIMIT 1;"
student_transcripts_tracking,Whose permanent address is different from his or her current address? List his or her first name.,SELECT first_name FROM Students WHERE current_address_id != permanent_address_id,SELECT first_name FROM users WHERE current_address != permanent_address;
student_transcripts_tracking,What is the first name of the student whose permanent address is different from his or her current one?,SELECT first_name FROM Students WHERE current_address_id != permanent_address_id,SELECT first_name FROM students WHERE current_address != permanent_address;
student_transcripts_tracking,Which address holds the most number of students currently? List the address id and all lines.,"SELECT T1.address_id ,  T1.line_1 ,  T1.line_2 FROM Addresses AS T1 JOIN Students AS T2 ON T1.address_id  =  T2.current_address_id GROUP BY T1.address_id ORDER BY count(*) DESC LIMIT 1","SELECT a.address_id, a.address_line1, a.address_line2, a.city, a.state, a.zip_code FROM addresses a INNER JOIN (SELECT address_id FROM students GROUP BY address_id ORDER BY COUNT(*) DESC LIMIT 1) m ON a.address_id = m.address_id;"
student_transcripts_tracking,"What is the id, line 1, and line 2 of the address with the most students?","SELECT T1.address_id ,  T1.line_1 ,  T1.line_2 FROM Addresses AS T1 JOIN Students AS T2 ON T1.address_id  =  T2.current_address_id GROUP BY T1.address_id ORDER BY count(*) DESC LIMIT 1","SELECT id, line1, line2 FROM addresses ORDER BY (SELECT COUNT(*) FROM students WHERE students.address_id = addresses.id) DESC LIMIT 1;"
student_transcripts_tracking,"On average, when were the transcripts printed?",SELECT avg(transcript_date) FROM Transcripts,"SELECT datetime(AVG(strftime('%s', printed_at))) FROM transcripts;"
student_transcripts_tracking,What is the average transcript date?,SELECT avg(transcript_date) FROM Transcripts,SELECT AVG(julianday(transcript_date)) FROM transcripts;
student_transcripts_tracking,When is the first transcript released? List the date and details.,"SELECT transcript_date ,  other_details FROM Transcripts ORDER BY transcript_date ASC LIMIT 1","SELECT date, details FROM transcripts ORDER BY date LIMIT 1;"
student_transcripts_tracking,"What is the earliest date of a transcript release, and what details can you tell me?","SELECT transcript_date ,  other_details FROM Transcripts ORDER BY transcript_date ASC LIMIT 1",SELECT * FROM transcripts ORDER BY release_date ASC LIMIT 1;
student_transcripts_tracking,How many transcripts are released?,SELECT count(*) FROM Transcripts,SELECT COUNT(*) FROM transcripts WHERE is_released = 1;
student_transcripts_tracking,How many transcripts are listed?,SELECT count(*) FROM Transcripts,SELECT COUNT(*) FROM transcripts;
student_transcripts_tracking,What is the last transcript release date?,SELECT transcript_date FROM Transcripts ORDER BY transcript_date DESC LIMIT 1,SELECT MAX(release_date) FROM transcripts;
student_transcripts_tracking,When was the last transcript released?,SELECT transcript_date FROM Transcripts ORDER BY transcript_date DESC LIMIT 1,SELECT MAX(release_date) FROM transcripts;
student_transcripts_tracking,How many times at most can a course enrollment result show in different transcripts? Also show the course enrollment id.,"SELECT count(*) ,  student_course_id FROM Transcript_Contents GROUP BY student_course_id ORDER BY count(*) DESC LIMIT 1","SELECT course_enrollment_id, COUNT(*) AS max_count FROM transcripts GROUP BY course_enrollment_id ORDER BY max_count DESC LIMIT 1;"
student_transcripts_tracking,What is the maximum number of times that a course shows up in different transcripts and what is that course's enrollment id?,"SELECT count(*) ,  student_course_id FROM Transcript_Contents GROUP BY student_course_id ORDER BY count(*) DESC LIMIT 1","SELECT course_id, COUNT(*) AS max_count FROM enrollments GROUP BY course_id ORDER BY max_count DESC LIMIT 1;"
student_transcripts_tracking,"Show the date of the transcript which shows the least number of results, also list the id.","SELECT T2.transcript_date ,  T1.transcript_id FROM Transcript_Contents AS T1 JOIN Transcripts AS T2 ON T1.transcript_id  =  T2.transcript_id GROUP BY T1.transcript_id ORDER BY count(*) ASC LIMIT 1","SELECT id, date FROM transcripts ORDER BY (SELECT COUNT(*) FROM results WHERE results.transcript_id = transcripts.id) ASC LIMIT 1;"
student_transcripts_tracking,What is the date and id of the transcript with the least number of results?,"SELECT T2.transcript_date ,  T1.transcript_id FROM Transcript_Contents AS T1 JOIN Transcripts AS T2 ON T1.transcript_id  =  T2.transcript_id GROUP BY T1.transcript_id ORDER BY count(*) ASC LIMIT 1","SELECT t.id, t.date FROM transcripts t LEFT JOIN results r ON t.id = r.transcript_id GROUP BY t.id, t.date ORDER BY COUNT(r.id) ASC LIMIT 1;"
student_transcripts_tracking,Find the semester when both Master students and Bachelor students got enrolled in.,SELECT DISTINCT T2.semester_id FROM Degree_Programs AS T1 JOIN Student_Enrolment AS T2 ON T1.degree_program_id  =  T2.degree_program_id WHERE degree_summary_name  =  'Master' INTERSECT SELECT DISTINCT T2.semester_id FROM Degree_Programs AS T1 JOIN Student_Enrolment AS T2 ON T1.degree_program_id  =  T2.degree_program_id WHERE degree_summary_name  =  'Bachelor',SELECT semester FROM enrollments JOIN students ON enrollments.student_id = students.id GROUP BY semester HAVING SUM(CASE WHEN degree_type = 'Master' THEN 1 ELSE 0 END) > 0 AND SUM(CASE WHEN degree_type = 'Bachelor' THEN 1 ELSE 0 END) > 0;
student_transcripts_tracking,What is the id of the semester that had both Masters and Bachelors students enrolled?,SELECT DISTINCT T2.semester_id FROM Degree_Programs AS T1 JOIN Student_Enrolment AS T2 ON T1.degree_program_id  =  T2.degree_program_id WHERE degree_summary_name  =  'Master' INTERSECT SELECT DISTINCT T2.semester_id FROM Degree_Programs AS T1 JOIN Student_Enrolment AS T2 ON T1.degree_program_id  =  T2.degree_program_id WHERE degree_summary_name  =  'Bachelor',SELECT semester_id FROM enrollments GROUP BY semester_id HAVING COUNT(DISTINCT CASE WHEN degree_level = 'Masters' THEN 1 WHEN degree_level = 'Bachelors' THEN 2 END) = 2;
student_transcripts_tracking,How many different addresses do the students currently live?,SELECT count(DISTINCT current_address_id) FROM Students,SELECT COUNT(DISTINCT address) FROM students;
student_transcripts_tracking,What are the different addresses that have students living there?,SELECT count(DISTINCT current_address_id) FROM Students,SELECT DISTINCT Address FROM Students;
student_transcripts_tracking,List all the student details in reversed lexicographical order.,SELECT other_student_details FROM Students ORDER BY other_student_details DESC,SELECT * FROM students ORDER BY name DESC;
student_transcripts_tracking,What other details can you tell me about students in reverse alphabetical order?,SELECT other_student_details FROM Students ORDER BY other_student_details DESC,SELECT * FROM students ORDER BY name DESC;
student_transcripts_tracking,Describe the section h.,SELECT section_description FROM Sections WHERE section_name  =  'h',SELECT * FROM section WHERE name = 'h';
student_transcripts_tracking,What is the description for the section named h?,SELECT section_description FROM Sections WHERE section_name  =  'h',SELECT description FROM sections WHERE name = 'h';
student_transcripts_tracking,Find the first name of the students who permanently live in the country Haiti or have the cell phone number 09700166582 .,select t1.first_name from students as t1 join addresses as t2 on t1.permanent_address_id  =  t2.address_id where t2.country  =  'haiti' or t1.cell_mobile_number  =  '09700166582',SELECT first_name FROM students WHERE country = 'Haiti' OR cell_phone = '09700166582';
student_transcripts_tracking,What are the first names of the students who live in Haiti permanently or have the cell phone number 09700166582 ?,select t1.first_name from students as t1 join addresses as t2 on t1.permanent_address_id  =  t2.address_id where t2.country  =  'haiti' or t1.cell_mobile_number  =  '09700166582',SELECT first_name FROM students WHERE country = 'Haiti' OR phone_number = '09700166582';
tvshow,List the title of all cartoons in alphabetical order.,SELECT Title FROM Cartoon ORDER BY title,SELECT title FROM cartoons ORDER BY title ASC;
tvshow,What are the titles of the cartoons sorted alphabetically?,SELECT Title FROM Cartoon ORDER BY title,SELECT title FROM cartoons ORDER BY title;
tvshow,"List all cartoon directed by ""Ben Jones"".","SELECT Title FROM Cartoon WHERE Directed_by = ""Ben Jones"";",SELECT * FROM cartoons WHERE director = 'Ben Jones';
tvshow,What are the names of all cartoons directed by Ben Jones?,"SELECT Title FROM Cartoon WHERE Directed_by = ""Ben Jones"";",SELECT cartoons.name FROM cartoons JOIN cartoon_directors ON cartoons.id = cartoon_directors.cartoon_id JOIN directors ON cartoon_directors.director_id = directors.id WHERE directors.name = 'Ben Jones';
tvshow,"How many cartoons were written by ""Joseph Kuhr""?","SELECT count(*) FROM Cartoon WHERE Written_by = ""Joseph Kuhr"";",SELECT COUNT(*) FROM cartoons WHERE writer = 'Joseph Kuhr';
tvshow,What is the number of cartoones written by Joseph Kuhr?,"SELECT count(*) FROM Cartoon WHERE Written_by = ""Joseph Kuhr"";",SELECT COUNT(*) FROM cartoons WHERE writer = 'Joseph Kuhr';
tvshow,list all cartoon titles and their directors ordered by their air date,"SELECT title ,  Directed_by FROM Cartoon ORDER BY Original_air_date","SELECT title, director, air_date FROM cartoons ORDER BY air_date;"
tvshow,What is the name and directors of all the cartoons that are ordered by air date?,"SELECT title ,  Directed_by FROM Cartoon ORDER BY Original_air_date","SELECT name, directors FROM cartoons ORDER BY air_date;"
tvshow,"List the title of all cartoon directed by ""Ben Jones"" or ""Brandon Vietti"".","SELECT Title FROM Cartoon WHERE Directed_by = ""Ben Jones"" OR Directed_by = ""Brandon Vietti"";","SELECT title FROM cartoons WHERE director IN ('Ben Jones', 'Brandon Vietti');"
tvshow,What are the titles of all cartoons directed by Ben Jones or Brandon Vietti?,"SELECT Title FROM Cartoon WHERE Directed_by = ""Ben Jones"" OR Directed_by = ""Brandon Vietti"";","SELECT title FROM cartoons WHERE director IN ('Ben Jones', 'Brandon Vietti');"
tvshow,Which country has the most of TV Channels? List the country and number of TV Channels it has.,"SELECT Country ,  count(*) FROM TV_Channel GROUP BY Country ORDER BY count(*) DESC LIMIT 1;","SELECT country, COUNT(*) FROM tv_channels GROUP BY country ORDER BY COUNT(*) DESC LIMIT 1;"
tvshow,What is the country with the most number of TV Channels and how many does it have?,"SELECT Country ,  count(*) FROM TV_Channel GROUP BY Country ORDER BY count(*) DESC LIMIT 1;","SELECT country, COUNT(*) FROM tv_channels GROUP BY country ORDER BY COUNT(*) DESC LIMIT 1;"
tvshow,List the number of different series names and contents in the TV Channel table.,"SELECT count(DISTINCT series_name) ,  count(DISTINCT content) FROM TV_Channel;","SELECT COUNT(DISTINCT series_name) AS distinct_series, COUNT(DISTINCT content) AS distinct_contents FROM TV_Channel;"
tvshow,How many different series and contents are listed in the TV Channel table?,"SELECT count(DISTINCT series_name) ,  count(DISTINCT content) FROM TV_Channel;","SELECT COUNT(DISTINCT series) AS distinct_series, COUNT(DISTINCT content) AS distinct_contents FROM ""TV Channel"";"
tvshow,"What is the content of TV Channel with serial name ""Sky Radio""?","SELECT Content FROM TV_Channel WHERE series_name = ""Sky Radio"";",SELECT Content FROM TVChannel WHERE SerialName = 'Sky Radio';
tvshow,What is the content of the series Sky Radio?,"SELECT Content FROM TV_Channel WHERE series_name = ""Sky Radio"";",SELECT content FROM series WHERE title = 'Sky Radio';
tvshow,"What is the Package Option of TV Channel with serial name ""Sky Radio""?","SELECT Package_Option FROM TV_Channel WHERE series_name = ""Sky Radio"";",SELECT PackageOption FROM TVChannels WHERE SerialName = 'Sky Radio'
tvshow,What are the Package Options of the TV Channels whose series names are Sky Radio?,"SELECT Package_Option FROM TV_Channel WHERE series_name = ""Sky Radio"";",SELECT PackageOptions FROM TVChannels WHERE SeriesName = 'Sky Radio';
tvshow,How many TV Channel using language English?,"SELECT count(*) FROM TV_Channel WHERE LANGUAGE = ""English"";",SELECT COUNT(*) FROM tv_channels WHERE language = 'English';
tvshow,How many TV Channels use the English language?,"SELECT count(*) FROM TV_Channel WHERE LANGUAGE = ""English"";",SELECT COUNT(*) FROM tv_channels WHERE language = 'English';
tvshow,List the language used least number of TV Channel. List language and number of TV Channel.,"SELECT LANGUAGE ,  count(*) FROM TV_Channel GROUP BY LANGUAGE ORDER BY count(*) ASC LIMIT 1;","SELECT language, COUNT(*) AS num_channels FROM TV_Channel GROUP BY language ORDER BY num_channels ASC LIMIT 1;"
tvshow,What are the languages used by the least number of TV Channels and how many channels use it?,"SELECT LANGUAGE ,  count(*) FROM TV_Channel GROUP BY LANGUAGE ORDER BY count(*) ASC LIMIT 1;","SELECT language, COUNT(*) AS num_channels FROM channels GROUP BY language HAVING COUNT(*) = (SELECT MIN(channel_count) FROM (SELECT COUNT(*) AS channel_count FROM channels GROUP BY language)) ORDER BY num_channels;"
tvshow,List each language and the number of TV Channels using it.,"SELECT LANGUAGE ,  count(*) FROM TV_Channel GROUP BY LANGUAGE",SELECT 'STILL ERROR: name 'clean_sql_output' is not defined'
tvshow,"For each language, list the number of TV Channels that use it.","SELECT LANGUAGE ,  count(*) FROM TV_Channel GROUP BY LANGUAGE","SELECT Language, COUNT(*) FROM TVChannels GROUP BY Language;"
tvshow,"What is the TV Channel that shows the cartoon ""The Rise of the Blue Beetle!""? List the TV Channel's series name.","SELECT T1.series_name FROM TV_Channel AS T1 JOIN Cartoon AS T2 ON T1.id = T2.Channel WHERE T2.Title = ""The Rise of the Blue Beetle!"";",SELECT tv_channels.name FROM tv_channels JOIN series ON tv_channels.id = series.channel_id WHERE series.title = 'The Rise of the Blue Beetle!' AND series.cartoon = 1;
tvshow,"What is the series name of the TV Channel that shows the cartoon ""The Rise of the Blue Beetle""?","SELECT T1.series_name FROM TV_Channel AS T1 JOIN Cartoon AS T2 ON T1.id = T2.Channel WHERE T2.Title = ""The Rise of the Blue Beetle!"";",SELECT tv_channels.series_name FROM tv_channels JOIN shows ON tv_channels.id = shows.channel_id JOIN cartoons ON shows.cartoon_id = cartoons.id WHERE cartoons.title = 'The Rise of the Blue Beetle';
tvshow,"List the title of all  Cartoons showed on TV Channel with series name ""Sky Radio"".","SELECT T2.Title FROM TV_Channel AS T1 JOIN Cartoon AS T2 ON T1.id = T2.Channel WHERE T1.series_name = ""Sky Radio"";",SELECT title FROM Cartoons JOIN TVChannels ON Cartoons.channel_id = TVChannels.id WHERE TVChannels.series_name = 'Sky Radio';
tvshow,"What is the title of all the cartools that are on the TV Channel with the series name ""Sky Radio""?","SELECT T2.Title FROM TV_Channel AS T1 JOIN Cartoon AS T2 ON T1.id = T2.Channel WHERE T1.series_name = ""Sky Radio"";",SELECT title FROM cartools WHERE tv_channel_id = (SELECT id FROM tv_channels WHERE series_name = 'Sky Radio');
tvshow,List the Episode of all TV series sorted by rating.,SELECT Episode FROM TV_series ORDER BY rating,SELECT * FROM episodes ORDER BY rating DESC;
tvshow,What are all of the episodes ordered by ratings?,SELECT Episode FROM TV_series ORDER BY rating,SELECT * FROM episodes ORDER BY rating DESC;
tvshow,List top 3 highest Rating  TV series. List the TV series's Episode and Rating.,"SELECT Episode ,  Rating FROM TV_series ORDER BY Rating DESC LIMIT 3;","SELECT title, episodes, rating FROM tv_series ORDER BY rating DESC LIMIT 3;"
tvshow,What are 3 most highly rated episodes in the TV series table and what were those ratings?,"SELECT Episode ,  Rating FROM TV_series ORDER BY Rating DESC LIMIT 3;","SELECT title, rating FROM episodes ORDER BY rating DESC LIMIT 3;"
tvshow,What is minimum and maximum share of TV series?,"SELECT max(SHARE) , min(SHARE) FROM TV_series;","SELECT MIN(share), MAX(share) FROM tv_series;"
tvshow,What is the maximum and minimum share for the TV series?,"SELECT max(SHARE) , min(SHARE) FROM TV_series;","SELECT MAX(Share), MIN(Share) FROM TVSeries;"
tvshow,"What is the air date of TV series with Episode ""A Love of a Lifetime""?","SELECT Air_Date FROM TV_series WHERE Episode = ""A Love of a Lifetime"";",SELECT series_air_date FROM tv_series JOIN episodes ON tv_series.id = episodes.series_id WHERE episodes.episode_title = 'A Love of a Lifetime';
tvshow,"When did the episode ""A Love of a Lifetime"" air?","SELECT Air_Date FROM TV_series WHERE Episode = ""A Love of a Lifetime"";",SELECT air_date FROM episodes WHERE title = 'A Love of a Lifetime';
tvshow,"What is Weekly Rank of TV series with Episode ""A Love of a Lifetime""?","SELECT Weekly_Rank FROM TV_series WHERE Episode = ""A Love of a Lifetime"";",SELECT weekly_rank FROM tv_series WHERE episode_title = 'A Love of a Lifetime' ORDER BY week DESC LIMIT 1;
tvshow,"What is the weekly rank for the episode ""A Love of a Lifetime""?","SELECT Weekly_Rank FROM TV_series WHERE Episode = ""A Love of a Lifetime"";",SELECT weekly_rank FROM episodes WHERE title = 'A Love of a Lifetime'
tvshow,"What is the TV Channel of TV series with Episode ""A Love of a Lifetime""? List the TV Channel's series name.","SELECT T1.series_name FROM TV_Channel AS T1 JOIN TV_series AS T2 ON T1.id = T2.Channel WHERE T2.Episode = ""A Love of a Lifetime"";","SELECT tv_channels.name, tv_series.name FROM episodes JOIN tv_series ON episodes.series_id = tv_series.id JOIN tv_channels ON tv_series.channel_id = tv_channels.id WHERE episodes.title = 'A Love of a Lifetime'"
tvshow,"What is the name of the series that has the episode ""A Love of a Lifetime""?","SELECT T1.series_name FROM TV_Channel AS T1 JOIN TV_series AS T2 ON T1.id = T2.Channel WHERE T2.Episode = ""A Love of a Lifetime"";",SELECT series.name FROM series INNER JOIN episodes ON series.id = episodes.series_id WHERE episodes.title = 'A Love of a Lifetime';
tvshow,"List the Episode of all  TV series showed on TV Channel with series name ""Sky Radio"".","SELECT T2.Episode FROM TV_Channel AS T1 JOIN TV_series AS T2 ON T1.id = T2.Channel WHERE T1.series_name = ""Sky Radio"";",SELECT Episode.title FROM Episode JOIN TV_Series ON Episode.series_id = TV_Series.series_id WHERE TV_Series.series_name = 'Sky Radio'
tvshow,"What is the episode for the TV series named ""Sky Radio""?","SELECT T2.Episode FROM TV_Channel AS T1 JOIN TV_series AS T2 ON T1.id = T2.Channel WHERE T1.series_name = ""Sky Radio"";",SELECT episode FROM tv_series WHERE name = 'Sky Radio';
tvshow,Find the number of cartoons directed by each of the listed directors.,"SELECT count(*) ,  Directed_by FROM cartoon GROUP BY Directed_by","SELECT director, COUNT(*) FROM Cartoons GROUP BY director;"
tvshow,How many cartoons did each director create?,"SELECT count(*) ,  Directed_by FROM cartoon GROUP BY Directed_by","SELECT director, COUNT(*) FROM cartoons GROUP BY director;"
tvshow,Find the production code and channel of the most recently aired cartoon .,"select production_code ,  channel from cartoon order by original_air_date desc limit 1","SELECT production_code, channel FROM cartoons ORDER BY air_date DESC LIMIT 1;"
tvshow,What is the produdction code and channel of the most recent cartoon ?,"select production_code ,  channel from cartoon order by original_air_date desc limit 1","SELECT production_code, channel FROM cartoons ORDER BY air_date DESC LIMIT 1;"
tvshow,Find the package choice and series name of the TV channel that has high definition TV.,"SELECT package_option ,  series_name FROM TV_Channel WHERE hight_definition_TV  =  ""yes""","SELECT package_choice, series_name FROM tv_channels WHERE high_definition = 1;"
tvshow,What are the package options and the name of the series for the TV Channel that supports high definition TV?,"SELECT package_option ,  series_name FROM TV_Channel WHERE hight_definition_TV  =  ""yes""","SELECT p.package_options, s.series_name FROM TV_Channel c JOIN Package_Options p ON c.channel_id = p.channel_id JOIN TV_Series s ON c.channel_id = s.channel_id WHERE c.hd_support = 1;"
tvshow,which countries' tv channels are playing some cartoon written by Todd Casey?,SELECT T1.country FROM TV_Channel AS T1 JOIN cartoon AS T2 ON T1.id = T2.Channel WHERE T2.written_by  =  'Todd Casey',SELECT DISTINCT country FROM tv_channels WHERE channel_id IN (SELECT channel_id FROM programs WHERE cartoon_id IN (SELECT cartoon_id FROM cartoons WHERE writer = 'Todd Casey'))
tvshow,What are the countries that have cartoons on TV that were written by Todd Casey?,SELECT T1.country FROM TV_Channel AS T1 JOIN cartoon AS T2 ON T1.id = T2.Channel WHERE T2.written_by  =  'Todd Casey',SELECT DISTINCT country FROM tv_shows WHERE genre = 'cartoon' AND writer = 'Todd Casey';
tvshow,which countries' tv channels are not playing any cartoon written by Todd Casey?,SELECT country FROM TV_Channel EXCEPT SELECT T1.country FROM TV_Channel AS T1 JOIN cartoon AS T2 ON T1.id = T2.Channel WHERE T2.written_by  =  'Todd Casey',SELECT CountryName FROM Countries WHERE CountryID NOT IN (SELECT CountryID FROM TVChannels WHERE ChannelID IN (SELECT ChannelID FROM CurrentlyPlaying WHERE CartoonID IN (SELECT CartoonID FROM Cartoons WHERE AuthorID = (SELECT AuthorID FROM Authors WHERE AuthorName = 'Todd Casey'))))
tvshow,What are the countries that are not playing cartoons written by Todd Casey?,SELECT country FROM TV_Channel EXCEPT SELECT T1.country FROM TV_Channel AS T1 JOIN cartoon AS T2 ON T1.id = T2.Channel WHERE T2.written_by  =  'Todd Casey',SELECT country_name FROM Countries WHERE country_id NOT IN (SELECT country_id FROM CountryCartoon WHERE cartoon_id IN (SELECT cartoon_id FROM Cartoons WHERE writer = 'Todd Casey'))
tvshow,Find the series name and country of the tv channel that is playing some cartoons directed by Ben Jones and Michael Chang?,"SELECT T1.series_name ,  T1.country FROM TV_Channel AS T1 JOIN cartoon AS T2 ON T1.id = T2.Channel WHERE T2.directed_by  =  'Michael Chang' INTERSECT SELECT T1.series_name ,  T1.country FROM TV_Channel AS T1 JOIN cartoon AS T2 ON T1.id = T2.Channel WHERE T2.directed_by  =  'Ben Jones'","SELECT s.name, c.country FROM series s JOIN tv_channels c ON s.channel_id = c.id JOIN series_directors sd ON s.id = sd.series_id JOIN directors d ON sd.director_id = d.id WHERE d.name IN ('Ben Jones', 'Michael Chang') GROUP BY s.id HAVING COUNT(DISTINCT d.name) = 2;"
tvshow,What is the series name and country of all TV channels that are playing cartoons directed by Ben Jones and cartoons directed by Michael Chang?,"SELECT T1.series_name ,  T1.country FROM TV_Channel AS T1 JOIN cartoon AS T2 ON T1.id = T2.Channel WHERE T2.directed_by  =  'Michael Chang' INTERSECT SELECT T1.series_name ,  T1.country FROM TV_Channel AS T1 JOIN cartoon AS T2 ON T1.id = T2.Channel WHERE T2.directed_by  =  'Ben Jones'","SELECT series_name, country FROM tv_channels WHERE director IN ('Ben Jones', 'Michael Chang');"
tvshow,find the pixel aspect ratio and nation of the tv channels that do not use English.,"SELECT Pixel_aspect_ratio_PAR ,  country FROM tv_channel WHERE LANGUAGE != 'English'","SELECT pixel_aspect_ratio, nation FROM tv_channels WHERE language != 'English';"
tvshow,What is the pixel aspect ratio and country of origin for all TV channels that do not use English?,"SELECT Pixel_aspect_ratio_PAR ,  country FROM tv_channel WHERE LANGUAGE != 'English'","SELECT pixel_aspect_ratio, country_of_origin FROM TVChannels WHERE language != 'English';"
tvshow,find id of the tv channels that from the countries where have more than two tv channels.,SELECT id FROM tv_channel GROUP BY country HAVING count(*)  >  2,SELECT id FROM tv_channels WHERE country IN (SELECT country FROM tv_channels GROUP BY country HAVING COUNT(*) > 2);
tvshow,What are the ids of all tv channels that have more than 2 TV channels?,SELECT id FROM tv_channel GROUP BY country HAVING count(*)  >  2,SELECT id FROM tv_channels WHERE id IN (SELECT parent_id FROM tv_channels GROUP BY parent_id HAVING COUNT(*) > 2);
tvshow,find the id of tv channels that do not play any cartoon directed by Ben Jones.,SELECT id FROM TV_Channel EXCEPT SELECT channel FROM cartoon WHERE directed_by  =  'Ben Jones',SELECT id FROM tv_channels WHERE id NOT IN (SELECT channel_id FROM channel_cartoons WHERE cartoon_id IN (SELECT id FROM cartoons WHERE director = 'Ben Jones'));
tvshow,What are the ids of the TV channels that do not have any cartoons directed by Ben Jones?,SELECT id FROM TV_Channel EXCEPT SELECT channel FROM cartoon WHERE directed_by  =  'Ben Jones',SELECT channel_id FROM TV_channels WHERE channel_id NOT IN (SELECT channel_id FROM Cartoons WHERE director = 'Ben Jones')
tvshow,find the package option of the tv channel that do not have any cartoon directed by Ben Jones.,SELECT package_option FROM TV_Channel WHERE id NOT IN (SELECT channel FROM cartoon WHERE directed_by  =  'Ben Jones'),SELECT Package_Option FROM TV_Channel WHERE Channel_ID NOT IN (SELECT Channel_ID FROM Cartoon WHERE Director = 'Ben Jones')
tvshow,What are the package options of all tv channels that are not playing any cartoons directed by Ben Jones?,SELECT package_option FROM TV_Channel WHERE id NOT IN (SELECT channel FROM cartoon WHERE directed_by  =  'Ben Jones'),SELECT package_options FROM tv_channels WHERE channel_id NOT IN (SELECT channel_id FROM channel_cartoons JOIN cartoons ON channel_cartoons.cartoon_id = cartoons.cartoon_id WHERE cartoons.director = 'Ben Jones')
poker_player,How many poker players are there?,SELECT count(*) FROM poker_player,SELECT COUNT(*) FROM poker_players;
poker_player,Count the number of poker players.,SELECT count(*) FROM poker_player,SELECT COUNT(*) FROM players;
poker_player,List the earnings of poker players in descending order.,SELECT Earnings FROM poker_player ORDER BY Earnings DESC,SELECT earnings FROM poker_players ORDER BY earnings DESC;
poker_player,"What are the earnings of poker players, ordered descending by value?",SELECT Earnings FROM poker_player ORDER BY Earnings DESC,SELECT earnings FROM poker_players ORDER BY earnings DESC;
poker_player,List the final tables made and the best finishes of poker players.,"SELECT Final_Table_Made ,  Best_Finish FROM poker_player","SELECT player_name, COUNT(*) AS final_tables_made, MIN(finish_position) AS best_finish FROM poker_results WHERE final_table = 1 GROUP BY player_name;"
poker_player,What are the final tables made and best finishes for all poker players?,"SELECT Final_Table_Made ,  Best_Finish FROM poker_player","SELECT player_name, COUNT(final_table) AS final_tables_made, MIN(best_finish) AS best_finish FROM poker_results WHERE final_table IS NOT NULL GROUP BY player_name;"
poker_player,What is the average earnings of poker players?,SELECT avg(Earnings) FROM poker_player,SELECT AVG(earnings) FROM poker_players;
poker_player,Return the average earnings across all poker players.,SELECT avg(Earnings) FROM poker_player,SELECT AVG(earnings) FROM poker_players;
poker_player,What is the money rank of the poker player with the highest earnings?,SELECT Money_Rank FROM poker_player ORDER BY Earnings DESC LIMIT 1,SELECT money_rank FROM poker_players ORDER BY earnings DESC LIMIT 1;
poker_player,Return the money rank of the player with the greatest earnings.,SELECT Money_Rank FROM poker_player ORDER BY Earnings DESC LIMIT 1,SELECT 1 AS money_rank;
poker_player,What is the maximum number of final tables made among poker players with earnings less than 200000?,SELECT max(Final_Table_Made) FROM poker_player WHERE Earnings  <  200000,SELECT MAX(final_tables) FROM players WHERE earnings < 200000;
poker_player,Return the maximum final tables made across all poker players who have earnings below 200000.,SELECT max(Final_Table_Made) FROM poker_player WHERE Earnings  <  200000,SELECT MAX(final_tables) FROM poker_players WHERE earnings < 200000;
poker_player,What are the names of poker players?,SELECT T1.Name FROM people AS T1 JOIN poker_player AS T2 ON T1.People_ID  =  T2.People_ID,SELECT name FROM players;
poker_player,Return the names of all the poker players.,SELECT T1.Name FROM people AS T1 JOIN poker_player AS T2 ON T1.People_ID  =  T2.People_ID,SELECT name FROM players;
poker_player,What are the names of poker players whose earnings is higher than 300000?,SELECT T1.Name FROM people AS T1 JOIN poker_player AS T2 ON T1.People_ID  =  T2.People_ID WHERE T2.Earnings  >  300000,SELECT name FROM poker_players WHERE earnings > 300000;
poker_player,Give the names of poker players who have earnings above 300000.,SELECT T1.Name FROM people AS T1 JOIN poker_player AS T2 ON T1.People_ID  =  T2.People_ID WHERE T2.Earnings  >  300000,SELECT name FROM players WHERE earnings > 300000;
poker_player,List the names of poker players ordered by the final tables made in ascending order.,SELECT T1.Name FROM people AS T1 JOIN poker_player AS T2 ON T1.People_ID  =  T2.People_ID ORDER BY T2.Final_Table_Made,"SELECT name, COUNT(*) AS final_tables FROM poker_players GROUP BY name ORDER BY final_tables ASC;"
poker_player,"What are the names of poker players, ordered ascending by the number of final tables they have made?",SELECT T1.Name FROM people AS T1 JOIN poker_player AS T2 ON T1.People_ID  =  T2.People_ID ORDER BY T2.Final_Table_Made,"<think> Okay, let's see. The user is asking for the names of poker players ordered by the number of final tables they've made, in ascending order. Since the database schema isn't provided, I have to rely on intuition about the table names and columns.  First, I need to figure out what tables and columns might exist. Typically, in a poker context, there might be a table called something like 'players' or 'poker_players' with columns like 'player_id', 'name', etc. Then, there might be another table related to final tables. Maybe a table called 'final_tables' or 'tournament_results' that links players to their final table participations.  Assuming there's a 'players' table with 'player_name' and a 'final_tables' table that has a 'player_id' foreign key. The 'final_tables' table might have a column like 'player_id' and maybe 'tournament_id' or something else. The count would be based on how many times a player appears in the final tables table.  So the SQL query would need to join these two tables, group by player, count the number of final tables, and order by that count ascending. Since the schema isn't given, I'll make some assumptions. Let's say the player table is 'players' with 'name' and 'player_id', and the final tables are in a table called 'final_table_participations' with 'player_id' as a foreign key.  The query would select the player's name, count the number of entries in the final table table, order by that count. Since the user wants ascending order, it's ORDER BY COUNT(*) ASC. But maybe the table names are different. Maybe the final tables are tracked in a table called 'final_tables' with a 'player_name' directly. But that's less likely. Usually, you'd have a foreign key.  Alternatively, maybe there's a single table with player names and a column indicating if they made the final table. But the question is about the number of final tables, so probably a separate table tracking each instance.  So the SQL would be something like:  SELECT p.name, COUNT(ft.player_id) as num_final_tables FROM players p JOIN final_tables ft ON p.player_id = ft.player_id GROUP BY p.player_id ORDER BY num_final_tables ASC;  But since the user wants only the names, ordered, maybe:  SELECT name FROM players JOIN final_tables ON players.id = final_tables.player_id GROUP BY players.id ORDER BY COUNT(final_tables.player_id) ASC;  But since the schema isn't given, I have to guess the table and column names. If the final tables are in a table called 'final_tables' with a 'player_name' column, then:  SELECT player_name, COUNT(*) as count FROM final_tables GROUP BY player_name ORDER BY count ASC;  But the user might have a players table and a separate table. Since the question is about poker players, maybe the table is named 'poker_players' and has a 'final_tables' column. But that's less likely. Without knowing the schema, the safest bet is to assume two tables: players and final_tables, with a foreign key. So the SQL would be as above. Also, need to handle players who might not have any final tables, but the question probably wants those first. Since the order is ascending, players with zero would come first. But if the JOIN excludes them, maybe a LEFT JOIN is needed. But again, without knowing the schema, maybe the user expects a simple table with player names and final tables count. So perhaps:  SELECT name, COUNT(*) as num_final FROM final_tables GROUP BY name ORDER BY num_final ASC;  But I'm not sure. Since the user says ""names of poker players"", maybe the table is called 'poker_players' and has a 'final_tables' column. Then the query would be:  SELECT name FROM poker_players ORDER BY final_tables ASC;  But that's a different approach. Since the question is about the number of final tables they have made, it's possible that the count is stored in a column. However, that's less normalized. More likely, it's a separate table tracking each final table appearance. So the JOIN approach is better. But without knowing the actual schema, it's a bit of a guess. The user might expect a specific answer based on common schema designs. Let's go with the JOIN approach, assuming two tables: players and final_tables. So the SQL would be:  SELECT players.name FROM players JOIN final_tables ON players.id = final_tables.player_id GROUP BY players.id ORDER BY COUNT(final_tables.player_id) ASC;  But maybe the players have multiple entries in final_tables. Also, need to include players with zero final tables? If the user wants all players, even those with zero, then a LEFT JOIN would be needed. But the question says ""the number of final tables they have made"", implying those who have at least one. But maybe not. Since the user didn't specify, perhaps the answer should include all players, including those with zero. But without knowing the schema, it's hard. Let's proceed with the initial approach. Also, the user wants the names ordered, so the SELECT should include the name, and the ORDER BY the count. So the final SQL would be as above. But since the user wants only the names, ordered, the query would select just the name. However, in the GROUP BY, when using an aggregate function in ORDER BY, some SQL versions require that the selected columns are in the GROUP BY. In SQLite, if you select a column not in GROUP BY, it's allowed but the value is arbitrary. So to be safe, maybe include the count in the SELECT. But the user wants only the names. Hmm. Alternatively, maybe the schema has a single table with a 'final_tables' count column. Then the query is simpler. But that's less likely. Given the ambiguity, I'll proceed with the JOIN approach, selecting the name and ordering by the count. So the SQL would be:  SELECT players.name FROM players INNER JOIN final_tables ON players.id = final_tables.player_id GROUP BY players.name ORDER BY COUNT(final_tables.id) ASC;  But again, table and column names are guessed. Maybe the final table count is in a column called 'final_tables' in the players table. Then the query would be:  SELECT name FROM players ORDER BY final_tables ASC;  But that's a different scenario. Since the user didn't provide the schema, I have to make assumptions. Given that, perhaps the most common approach is to have a separate table for final tables. So the answer would involve joining two tables. However, since the user wants only the SQL code in a single line, and without markdown, I'll write the SQL accordingly. Let's go with:  SELECT name FROM players ORDER BY (SELECT COUNT(*) FROM final_tables WHERE players.id = final_tables.player_id) ASC;  But that's a correlated subquery. Alternatively, using GROUP BY. Considering all possibilities, the most likely answer expected is:  SELECT name FROM players ORDER BY final_tables_count ASC;  But that assumes a column exists. Since the user is asking about the number of final tables made, it's possible that the count is stored in a column. However, in a normalized database, it's more likely to be a separate table. Given the ambiguity, but needing to provide a single-line SQL, perhaps the expected answer is:  SELECT name FROM players ORDER BY final_tables ASC;  Assuming there's a 'final_tables' column in the players table. But I'm not sure. Alternatively, using a GROUP BY with COUNT. Since the user might expect that, but without knowing the schema, it's tricky. Another approach is to think of a table called 'poker_players' with a 'final_tables' column. So:  SELECT name FROM poker_players ORDER BY final_tables ASC;  But again, guessing. Since the user is a Senior Data Engineer, maybe they expect a more complex query with joins. However, given the lack of schema, perhaps the simplest answer is expected. Let's go with the assumption that there's a 'players' table with a 'final_tables' column. So the SQL is:  SELECT name FROM players ORDER BY final_tables ASC;  But if the count is stored in a separate table, then the query would involve a JOIN. Since I can't be sure, but given that the question is about the number of final tables (a count), it's more likely that the count is derived from a separate table. Therefore, the correct approach would be to use a GROUP BY and COUNT. So the SQL would be:  SELECT name, COUNT(*) as count FROM final_tables GROUP BY name ORDER BY count ASC;  But the user wants only the names. However, in SQLite, if you select name without grouping, it's allowed but the count is per group. So maybe:  SELECT name FROM (SELECT name, COUNT(*) as count FROM final_tables GROUP BY name) ORDER BY count ASC;  But again, without knowing the schema. Alternatively, if the players are in a table and the final tables are in another, then:  SELECT p.name FROM players p JOIN final_tables ft ON p.id = ft.player_id GROUP BY p.name ORDER BY COUNT(ft.id) ASC;  But since the user wants it in a single line, and without explanations, the final answer would be:  SELECT name FROM players ORDER BY (SELECT COUNT(*) FROM final_tables WHERE player_id = players.id) ASC;  But again, this is a correlated subquery. Considering all possibilities, the most probable expected answer is:  SELECT name FROM players ORDER BY final_tables ASC;  Assuming a column exists. However, since the question is about the number of final tables made, which is a count, it's more likely that the count is derived from a separate table. Therefore, the correct SQL would involve a GROUP BY. But to return only"
poker_player,What is the birth date of the poker player with the lowest earnings?,SELECT T1.Birth_Date FROM people AS T1 JOIN poker_player AS T2 ON T1.People_ID  =  T2.People_ID ORDER BY T2.Earnings ASC LIMIT 1,SELECT birth_date FROM poker_players WHERE earnings = (SELECT MIN(earnings) FROM poker_players) LIMIT 1;
poker_player,Return the birth date of the poker player with the lowest earnings.,SELECT T1.Birth_Date FROM people AS T1 JOIN poker_player AS T2 ON T1.People_ID  =  T2.People_ID ORDER BY T2.Earnings ASC LIMIT 1,SELECT birth_date FROM players ORDER BY earnings ASC LIMIT 1;
poker_player,What is the money rank of the tallest poker player?,SELECT T2.Money_Rank FROM people AS T1 JOIN poker_player AS T2 ON T1.People_ID  =  T2.People_ID ORDER BY T1.Height DESC LIMIT 1,SELECT money_rank FROM poker_players WHERE height = (SELECT MAX(height) FROM poker_players) LIMIT 1;
poker_player,Return the money rank of the poker player with the greatest height.,SELECT T2.Money_Rank FROM people AS T1 JOIN poker_player AS T2 ON T1.People_ID  =  T2.People_ID ORDER BY T1.Height DESC LIMIT 1,SELECT (SELECT RANK() OVER (ORDER BY money DESC) FROM players ORDER BY height DESC LIMIT 1)
poker_player,What is the average earnings of poker players with height higher than 200?,SELECT avg(T2.Earnings) FROM people AS T1 JOIN poker_player AS T2 ON T1.People_ID  =  T2.People_ID WHERE T1.Height  >  200,SELECT AVG(earnings) FROM players WHERE height > 200;
poker_player,Give average earnings of poker players who are taller than 200.,SELECT avg(T2.Earnings) FROM people AS T1 JOIN poker_player AS T2 ON T1.People_ID  =  T2.People_ID WHERE T1.Height  >  200,SELECT AVG(earnings) FROM poker_players WHERE height > 200;
poker_player,What are the names of poker players in descending order of earnings?,SELECT T1.Name FROM people AS T1 JOIN poker_player AS T2 ON T1.People_ID  =  T2.People_ID ORDER BY T2.Earnings DESC,SELECT name FROM poker_players ORDER BY earnings DESC;
poker_player,Return the names of poker players sorted by their earnings descending.,SELECT T1.Name FROM people AS T1 JOIN poker_player AS T2 ON T1.People_ID  =  T2.People_ID ORDER BY T2.Earnings DESC,SELECT name FROM players ORDER BY earnings DESC;
poker_player,What are different nationalities of people and the corresponding number of people from each nation?,"SELECT Nationality ,  COUNT(*) FROM people GROUP BY Nationality","SELECT nationality, COUNT(*) FROM people GROUP BY nationality;"
poker_player,How many people are there of each nationality?,"SELECT Nationality ,  COUNT(*) FROM people GROUP BY Nationality","SELECT nationality, COUNT(*) FROM people GROUP BY nationality;"
poker_player,What is the most common nationality of people?,SELECT Nationality FROM people GROUP BY Nationality ORDER BY COUNT(*) DESC LIMIT 1,SELECT nationality FROM people GROUP BY nationality ORDER BY COUNT(*) DESC LIMIT 1;
poker_player,Give the nationality that is most common across all people.,SELECT Nationality FROM people GROUP BY Nationality ORDER BY COUNT(*) DESC LIMIT 1,SELECT nationality FROM people GROUP BY nationality ORDER BY COUNT(*) DESC LIMIT 1;
poker_player,What are the nationalities that are shared by at least two people?,SELECT Nationality FROM people GROUP BY Nationality HAVING COUNT(*)  >=  2,SELECT nationality FROM people GROUP BY nationality HAVING COUNT(*) >= 2;
poker_player,Return the nationalities for which there are two or more people.,SELECT Nationality FROM people GROUP BY Nationality HAVING COUNT(*)  >=  2,SELECT nationality FROM people GROUP BY nationality HAVING COUNT(*) >= 2;
poker_player,List the names and birth dates of people in ascending alphabetical order of name.,"SELECT Name ,  Birth_Date FROM people ORDER BY Name ASC","SELECT name, birth_date FROM people ORDER BY name ASC;"
poker_player,"What are the names and birth dates of people, ordered by their names in alphabetical order?","SELECT Name ,  Birth_Date FROM people ORDER BY Name ASC","SELECT name, birth_date FROM people ORDER BY name ASC;"
poker_player,"Show names of people whose nationality is not ""Russia"".","SELECT Name FROM people WHERE Nationality != ""Russia""",SELECT name FROM people WHERE nationality != 'Russia';
poker_player,What are the names of people who are not from Russia?,"SELECT Name FROM people WHERE Nationality != ""Russia""",SELECT name FROM people WHERE country != 'Russia';
poker_player,List the names of people that are not poker players.,SELECT Name FROM people WHERE People_ID NOT IN (SELECT People_ID FROM poker_player),SELECT name FROM people WHERE id NOT IN (SELECT player_id FROM poker_players);
poker_player,What are the names of people who do not play poker?,SELECT Name FROM people WHERE People_ID NOT IN (SELECT People_ID FROM poker_player),SELECT name FROM people WHERE person_id NOT IN (SELECT person_id FROM poker_players)
poker_player,How many distinct nationalities are there?,SELECT count(DISTINCT Nationality) FROM people,SELECT COUNT(DISTINCT nationality) FROM users;
poker_player,Count the number of different nationalities.,SELECT count(DISTINCT Nationality) FROM people,SELECT COUNT(DISTINCT nationality) FROM users;
voter_1,How many states are there?,SELECT count(*) FROM area_code_state,SELECT COUNT(*) FROM states;
voter_1,"List the contestant numbers and names, ordered by contestant name descending.","SELECT contestant_number ,  contestant_name FROM contestants ORDER BY contestant_name DESC","SELECT contestant_number, contestant_name FROM contestants ORDER BY contestant_name DESC;"
voter_1,"List the vote ids, phone numbers and states of all votes.","SELECT vote_id ,  phone_number ,  state FROM votes","SELECT vote_id, phone_number, state FROM votes;"
voter_1,What are the maximum and minimum values of area codes?,"SELECT max(area_code) ,  min(area_code) FROM area_code_state","SELECT MAX(area_code) AS max_area_code, MIN(area_code) AS min_area_code FROM customers;"
voter_1,What is last date created of votes from the state 'CA'?,SELECT max(created) FROM votes WHERE state  =  'CA',SELECT MAX(created_at) FROM votes WHERE state = 'CA';
voter_1,What are the names of the contestants whose names are not 'Jessie Alloway',SELECT contestant_name FROM contestants WHERE contestant_name != 'Jessie Alloway',SELECT name FROM contestants WHERE name != 'Jessie Alloway';
voter_1,What are the distinct states and create time of all votes?,"SELECT DISTINCT state ,  created FROM votes","SELECT DISTINCT state, create_time FROM votes;"
voter_1,What are the contestant numbers and names of the contestants who had at least two votes?,"SELECT T1.contestant_number , T1.contestant_name FROM contestants AS T1 JOIN votes AS T2 ON T1.contestant_number  =  T2.contestant_number GROUP BY T1.contestant_number HAVING count(*)  >=  2","SELECT contestant_number, name FROM contestants GROUP BY contestant_number HAVING COUNT(*) >= 2;"
voter_1,"Of all the contestants who got voted, what is the contestant number and name of the contestant who got least votes?","SELECT T1.contestant_number , T1.contestant_name FROM contestants AS T1 JOIN votes AS T2 ON T1.contestant_number  =  T2.contestant_number GROUP BY T1.contestant_number ORDER BY count(*) ASC LIMIT 1","SELECT contestant_number, name FROM contestants ORDER BY (SELECT COUNT(*) FROM votes WHERE votes.contestant_id = contestants.id) ASC LIMIT 1;"
voter_1,What are the number of votes from state 'NY' or 'CA'?,SELECT count(*) FROM votes WHERE state  =  'NY' OR state  =  'CA',"SELECT SUM(votes) FROM election_results WHERE state IN ('NY','CA');"
voter_1,How many contestants did not get voted?,SELECT count(*) FROM contestants WHERE contestant_number NOT IN ( SELECT contestant_number FROM votes ),SELECT COUNT(*) FROM Contestants LEFT JOIN Votes ON Contestants.contestant_id = Votes.contestant_id WHERE Votes.contestant_id IS NULL;
voter_1,What is the area code in which the most voters voted?,SELECT T1.area_code FROM area_code_state AS T1 JOIN votes AS T2 ON T1.state  =  T2.state GROUP BY T1.area_code ORDER BY count(*) DESC LIMIT 1,SELECT area_code FROM voters GROUP BY area_code ORDER BY COUNT(*) DESC LIMIT 1;
voter_1,"What are the create dates, states, and phone numbers of the votes that were for the contestant named 'Tabatha Gehling'?","SELECT T2.created ,  T2.state ,  T2.phone_number FROM contestants AS T1 JOIN votes AS T2 ON T1.contestant_number  =  T2.contestant_number WHERE T1.contestant_name  =  'Tabatha Gehling'","SELECT create_date, state, phone_number FROM votes WHERE contestant_name = 'Tabatha Gehling'"
voter_1,List the area codes in which voters voted both for the contestant 'Tabatha Gehling' and the contestant 'Kelly Clauss'.,SELECT T3.area_code FROM contestants AS T1 JOIN votes AS T2 ON T1.contestant_number  =  T2.contestant_number JOIN area_code_state AS T3 ON T2.state  =  T3.state WHERE T1.contestant_name  =  'Tabatha Gehling' INTERSECT SELECT T3.area_code FROM contestants AS T1 JOIN votes AS T2 ON T1.contestant_number  =  T2.contestant_number JOIN area_code_state AS T3 ON T2.state  =  T3.state WHERE T1.contestant_name  =  'Kelly Clauss',SELECT area_code FROM votes WHERE voter_id IN (SELECT voter_id FROM votes WHERE contestant_name = 'Tabatha Gehling' INTERSECT SELECT voter_id FROM votes WHERE contestant_name = 'Kelly Clauss') GROUP BY area_code;
voter_1,Return the names of the contestants whose names contain the substring 'Al' .,"select contestant_name from contestants where contestant_name like ""%al%""",SELECT name FROM contestants WHERE name LIKE '%Al%';
world_1,What are the names of all the countries that became independent after 1950?,SELECT Name FROM country WHERE IndepYear  >  1950,SELECT name FROM countries WHERE independence_year > 1950;
world_1,Give the names of the nations that were founded after 1950.,SELECT Name FROM country WHERE IndepYear  >  1950,SELECT name FROM nations WHERE founded_year > 1950;
world_1,How many countries have a republic as their form of government?,"SELECT count(*) FROM country WHERE GovernmentForm  =  ""Republic""",SELECT COUNT(*) FROM countries WHERE government_type = 'republic';
world_1,How many countries have governments that are republics?,"SELECT count(*) FROM country WHERE GovernmentForm  =  ""Republic""",SELECT COUNT(*) FROM countries WHERE government_type = 'republic';
world_1,What is the total surface area of the countries in the Caribbean region?,"SELECT sum(SurfaceArea) FROM country WHERE Region  =  ""Caribbean""",SELECT SUM(surface_area) FROM countries WHERE region = 'Caribbean';
world_1,How much surface area do the countires in the Carribean cover together?,"SELECT sum(SurfaceArea) FROM country WHERE Region  =  ""Caribbean""",SELECT SUM(surface_area) FROM countries WHERE region = 'Carribean';
world_1,Which continent is Anguilla in?,"SELECT Continent FROM country WHERE Name  =  ""Anguilla""",SELECT continent FROM countries WHERE country_name = 'Anguilla'
world_1,What is the continent name which Anguilla belongs to?,"SELECT Continent FROM country WHERE Name  =  ""Anguilla""",SELECT continent FROM countries WHERE country_name = 'Anguilla';
world_1,Which region is the city Kabul located in?,"SELECT Region FROM country AS T1 JOIN city AS T2 ON T1.Code  =  T2.CountryCode WHERE T2.Name  =  ""Kabul""",SELECT region FROM cities WHERE city_name = 'Kabul'
world_1,What region is Kabul in?,"SELECT Region FROM country AS T1 JOIN city AS T2 ON T1.Code  =  T2.CountryCode WHERE T2.Name  =  ""Kabul""",SELECT region FROM cities WHERE city = 'Kabul';
world_1,Which language is the most popular in Aruba?,"SELECT T2.Language FROM country AS T1 JOIN countrylanguage AS T2 ON T1.Code  =  T2.CountryCode WHERE T1.Name  =  ""Aruba"" ORDER BY Percentage DESC LIMIT 1","SELECT language, COUNT(*) AS popularity FROM languages WHERE country = 'Aruba' GROUP BY language ORDER BY popularity DESC LIMIT 1;"
world_1,What language is predominantly spoken in Aruba?,"SELECT T2.Language FROM country AS T1 JOIN countrylanguage AS T2 ON T1.Code  =  T2.CountryCode WHERE T1.Name  =  ""Aruba"" ORDER BY Percentage DESC LIMIT 1",SELECT language FROM countries WHERE country = 'Aruba';
world_1,What are the population and life expectancies in Brazil?,"SELECT Population ,  LifeExpectancy FROM country WHERE Name  =  ""Brazil""","SELECT population, life_expectancy FROM country_data WHERE country = 'Brazil';"
world_1,Give me Brazil’s population and life expectancies.,"SELECT Population ,  LifeExpectancy FROM country WHERE Name  =  ""Brazil""","SELECT population, life_expectancy FROM countries WHERE country_name = 'Brazil';"
world_1,What are the region and population of Angola?,"SELECT Population ,  Region FROM country WHERE Name  =  ""Angola""","SELECT region, population FROM countries WHERE country_name = 'Angola';"
world_1,What region does Angola belong to and what is its population?,"SELECT Population ,  Region FROM country WHERE Name  =  ""Angola""","SELECT region, population FROM countries WHERE name = 'Angola';"
world_1,What is the average expected life expectancy for countries in the region of Central Africa?,"SELECT avg(LifeExpectancy) FROM country WHERE Region  =  ""Central Africa""",SELECT AVG(expected_life_expectancy) FROM countries WHERE region = 'Central Africa';
world_1,How long is the people’s average life expectancy in Central Africa?,"SELECT avg(LifeExpectancy) FROM country WHERE Region  =  ""Central Africa""",SELECT AVG(life_expectancy) FROM country_data WHERE region = 'Central Africa';
world_1,What is the name of country that has the shortest life expectancy in Asia?,"SELECT Name FROM country WHERE Continent  =  ""Asia"" ORDER BY LifeExpectancy LIMIT 1",SELECT country_name FROM countries WHERE continent = 'Asia' ORDER BY life_expectancy ASC LIMIT 1;
world_1,Give the name of the country in Asia with the lowest life expectancy.,"SELECT Name FROM country WHERE Continent  =  ""Asia"" ORDER BY LifeExpectancy LIMIT 1",SELECT name FROM country WHERE continent = 'Asia' ORDER BY life_expectancy ASC LIMIT 1;
world_1,What is the total population and maximum GNP in Asia?,"SELECT sum(Population) ,  max(GNP) FROM country WHERE Continent  =  ""Asia""","SELECT SUM(population) AS total_population, MAX(gnp) AS max_gnp FROM country WHERE region = 'Asia';"
world_1,"How many people live in Asia, and what is the largest GNP among them?","SELECT sum(Population) ,  max(GNP) FROM country WHERE Continent  =  ""Asia""","SELECT SUM(population), MAX(gnp) FROM country WHERE continent = 'Asia';"
world_1,What is the average life expectancy in African countries that are republics?,"SELECT avg(LifeExpectancy) FROM country WHERE Continent  =  ""Africa"" AND GovernmentForm  =  ""Republic""",SELECT AVG(life_expectancy) FROM countries WHERE region = 'Africa' AND government_type = 'Republic';
world_1,Give the average life expectancy for countries in Africa which are republics?,"SELECT avg(LifeExpectancy) FROM country WHERE Continent  =  ""Africa"" AND GovernmentForm  =  ""Republic""",SELECT AVG(life_expectancy) FROM countries WHERE region = 'Africa' AND government_type = 'Republic';
world_1,What is the total surface area of the continents Asia and Europe?,"SELECT sum(SurfaceArea) FROM country WHERE Continent  =  ""Asia"" OR Continent  =  ""Europe""","SELECT SUM(area) FROM continents WHERE name IN ('Asia', 'Europe');"
world_1,Give the total surface area covered by countries in Asia or Europe.,"SELECT sum(SurfaceArea) FROM country WHERE Continent  =  ""Asia"" OR Continent  =  ""Europe""","SELECT SUM(surface_area) FROM countries WHERE continent IN ('Asia', 'Europe');"
world_1,How many people live in Gelderland district?,"SELECT sum(Population) FROM city WHERE District  =  ""Gelderland""",SELECT COUNT(*) FROM people WHERE district = 'Gelderland';
world_1,What is the total population of Gelderland district?,"SELECT sum(Population) FROM city WHERE District  =  ""Gelderland""",SELECT SUM(population) FROM districts WHERE name = 'Gelderland';
world_1,What is the average GNP and total population in all nations whose government is US territory?,"SELECT avg(GNP) ,  sum(population) FROM country WHERE GovernmentForm  =  ""US Territory""","SELECT AVG(gnp), SUM(population) FROM nations WHERE government = 'US territory';"
world_1,Give the mean GNP and total population of nations which are considered US territory.,"SELECT avg(GNP) ,  sum(population) FROM country WHERE GovernmentForm  =  ""US Territory""","SELECT AVG(GNP) AS mean_gnp, SUM(population) AS total_population FROM nations WHERE territory = 'US';"
world_1,How many unique languages are spoken in the world?,SELECT count(DISTINCT LANGUAGE) FROM countrylanguage,SELECT COUNT(DISTINCT language) FROM languages;
world_1,What is the number of distinct languages used around the world?,SELECT count(DISTINCT LANGUAGE) FROM countrylanguage,SELECT COUNT(DISTINCT language) FROM countries;
world_1,How many type of governments are in Africa?,"SELECT count(DISTINCT GovernmentForm) FROM country WHERE Continent  =  ""Africa""",SELECT COUNT(DISTINCT government_type) FROM africa;
world_1,How many different forms of governments are there in Africa?,"SELECT count(DISTINCT GovernmentForm) FROM country WHERE Continent  =  ""Africa""",SELECT COUNT(DISTINCT government_type) FROM countries WHERE continent = 'Africa';
world_1,What is the total number of languages used in Aruba?,"SELECT COUNT(T2.Language) FROM country AS T1 JOIN countrylanguage AS T2 ON T1.Code  =  T2.CountryCode WHERE T1.Name  =  ""Aruba""",SELECT COUNT(DISTINCT language) FROM languages WHERE country = 'Aruba';
world_1,How many languages are spoken in Aruba?,"SELECT COUNT(T2.Language) FROM country AS T1 JOIN countrylanguage AS T2 ON T1.Code  =  T2.CountryCode WHERE T1.Name  =  ""Aruba""",SELECT COUNT(*) FROM languages WHERE country = 'Aruba';
world_1,How many official languages does Afghanistan have?,"SELECT COUNT(*) FROM country AS T1 JOIN countrylanguage AS T2 ON T1.Code  =  T2.CountryCode WHERE T1.Name  =  ""Afghanistan"" AND IsOfficial  =  ""T""",SELECT COUNT(*) FROM official_languages WHERE country = 'Afghanistan';
world_1,How many official languages are spoken in Afghanistan?,"SELECT COUNT(*) FROM country AS T1 JOIN countrylanguage AS T2 ON T1.Code  =  T2.CountryCode WHERE T1.Name  =  ""Afghanistan"" AND IsOfficial  =  ""T""",SELECT COUNT(*) FROM official_languages WHERE country = 'Afghanistan';
world_1,What is name of the country that speaks the largest number of languages?,SELECT T1.Name FROM country AS T1 JOIN countrylanguage AS T2 ON T1.Code  =  T2.CountryCode GROUP BY T1.Name ORDER BY COUNT(*) DESC LIMIT 1,SELECT country_name FROM countries JOIN country_languages USING (country_id) GROUP BY country_id ORDER BY COUNT(language_id) DESC LIMIT 1;
world_1,Give the name of the nation that uses the greatest amount of languages.,SELECT T1.Name FROM country AS T1 JOIN countrylanguage AS T2 ON T1.Code  =  T2.CountryCode GROUP BY T1.Name ORDER BY COUNT(*) DESC LIMIT 1,SELECT name FROM nations ORDER BY (SELECT COUNT(*) FROM languages WHERE languages.nation_id = nations.id) DESC LIMIT 1;
world_1,Which continent has the most diverse languages?,SELECT T1.Continent FROM country AS T1 JOIN countrylanguage AS T2 ON T1.Code  =  T2.CountryCode GROUP BY T1.Continent ORDER BY COUNT(*) DESC LIMIT 1,"SELECT continent, COUNT(DISTINCT language) AS language_count FROM countries GROUP BY continent ORDER BY language_count DESC LIMIT 1;"
world_1,Which continent speaks the most languages?,SELECT T1.Continent FROM country AS T1 JOIN countrylanguage AS T2 ON T1.Code  =  T2.CountryCode GROUP BY T1.Continent ORDER BY COUNT(*) DESC LIMIT 1,"SELECT continent, COUNT(*) AS language_count FROM languages GROUP BY continent ORDER BY language_count DESC LIMIT 1;"
world_1,How many countries speak both English and Dutch?,"SELECT COUNT(*) FROM (SELECT T1.Name FROM country AS T1 JOIN countrylanguage AS T2 ON T1.Code  =  T2.CountryCode WHERE T2.Language  =  ""English"" INTERSECT SELECT T1.Name FROM country AS T1 JOIN countrylanguage AS T2 ON T1.Code  =  T2.CountryCode WHERE T2.Language  =  ""Dutch"")",SELECT COUNT(*) FROM (SELECT country_id FROM country_languages WHERE language = 'English' INTERSECT SELECT country_id FROM country_languages WHERE language = 'Dutch')
world_1,What is the number of nations that use English and Dutch?,"SELECT COUNT(*) FROM (SELECT T1.Name FROM country AS T1 JOIN countrylanguage AS T2 ON T1.Code  =  T2.CountryCode WHERE T2.Language  =  ""English"" INTERSECT SELECT T1.Name FROM country AS T1 JOIN countrylanguage AS T2 ON T1.Code  =  T2.CountryCode WHERE T2.Language  =  ""Dutch"")","SELECT COUNT(*) FROM (SELECT country_id FROM country_languages WHERE language_name IN ('English','Dutch') GROUP BY country_id HAVING COUNT(DISTINCT language_name)=2)"
world_1,What are the names of nations speak both English and French?,"SELECT T1.Name FROM country AS T1 JOIN countrylanguage AS T2 ON T1.Code  =  T2.CountryCode WHERE T2.Language  =  ""English"" INTERSECT SELECT T1.Name FROM country AS T1 JOIN countrylanguage AS T2 ON T1.Code  =  T2.CountryCode WHERE T2.Language  =  ""French""","SELECT country_name FROM languages WHERE language IN ('English', 'French') GROUP BY country_name HAVING COUNT(DISTINCT language) = 2;"
world_1,Give the names of nations that speak both English and French.,"SELECT T1.Name FROM country AS T1 JOIN countrylanguage AS T2 ON T1.Code  =  T2.CountryCode WHERE T2.Language  =  ""English"" INTERSECT SELECT T1.Name FROM country AS T1 JOIN countrylanguage AS T2 ON T1.Code  =  T2.CountryCode WHERE T2.Language  =  ""French""","SELECT country_name FROM country_languages WHERE language IN ('English','French') GROUP BY country_name HAVING COUNT(DISTINCT language)=2;"
world_1,What are the names of nations where both English and French are official languages?,"SELECT T1.Name FROM country AS T1 JOIN countrylanguage AS T2 ON T1.Code  =  T2.CountryCode WHERE T2.Language  =  ""English"" AND T2.IsOfficial  =  ""T"" INTERSECT SELECT T1.Name FROM country AS T1 JOIN countrylanguage AS T2 ON T1.Code  =  T2.CountryCode WHERE T2.Language  =  ""French"" AND T2.IsOfficial  =  ""T""","SELECT country_name FROM OfficialLanguages WHERE language IN ('English','French') GROUP BY country_name HAVING COUNT(DISTINCT language)=2;"
world_1,Give the names of countries with English and French as official languages.,"SELECT T1.Name FROM country AS T1 JOIN countrylanguage AS T2 ON T1.Code  =  T2.CountryCode WHERE T2.Language  =  ""English"" AND T2.IsOfficial  =  ""T"" INTERSECT SELECT T1.Name FROM country AS T1 JOIN countrylanguage AS T2 ON T1.Code  =  T2.CountryCode WHERE T2.Language  =  ""French"" AND T2.IsOfficial  =  ""T""","SELECT name FROM countries WHERE id IN (SELECT country_id FROM languages WHERE language IN ('English', 'French') GROUP BY country_id HAVING COUNT(DISTINCT language)=2);"
world_1,What is the number of distinct continents where Chinese is spoken?,"SELECT COUNT( DISTINCT Continent) FROM country AS T1 JOIN countrylanguage AS T2 ON T1.Code  =  T2.CountryCode WHERE T2.Language  =  ""Chinese""",SELECT COUNT(DISTINCT c.continent) FROM languages l JOIN countries c ON l.country_code = c.country_code WHERE l.language = 'Chinese';
world_1,How many continents speak Chinese?,"SELECT COUNT( DISTINCT Continent) FROM country AS T1 JOIN countrylanguage AS T2 ON T1.Code  =  T2.CountryCode WHERE T2.Language  =  ""Chinese""",SELECT COUNT(DISTINCT continent) FROM languages WHERE language = 'Chinese';
world_1,What are the regions that use English or Dutch?,"SELECT DISTINCT T1.Region FROM country AS T1 JOIN countrylanguage AS T2 ON T1.Code  =  T2.CountryCode WHERE T2.Language  =  ""English"" OR T2.Language  =  ""Dutch""","SELECT DISTINCT region FROM regions WHERE language IN ('English', 'Dutch')"
world_1,Which regions speak Dutch or English?,"SELECT DISTINCT T1.Region FROM country AS T1 JOIN countrylanguage AS T2 ON T1.Code  =  T2.CountryCode WHERE T2.Language  =  ""English"" OR T2.Language  =  ""Dutch""","SELECT region_name FROM regions WHERE language IN ('Dutch','English')"
world_1,What are the countries where either English or Dutch is the official language ?,"select t1.name from country as t1 join countrylanguage as t2 on t1.code  =  t2.countrycode where t2.language  =  ""english"" and isofficial  =  ""t"" union select t1.name from country as t1 join countrylanguage as t2 on t1.code  =  t2.countrycode where t2.language  =  ""dutch"" and isofficial  =  ""t""","SELECT country_name FROM countries WHERE official_language IN ('English','Dutch');"
world_1,Which countries have either English or Dutch as an official language?,"SELECT * FROM country AS T1 JOIN countrylanguage AS T2 ON T1.Code  =  T2.CountryCode WHERE T2.Language  =  ""English"" AND IsOfficial  =  ""T"" UNION SELECT * FROM country AS T1 JOIN countrylanguage AS T2 ON T1.Code  =  T2.CountryCode WHERE T2.Language  =  ""Dutch"" AND IsOfficial  =  ""T""","SELECT DISTINCT country.name FROM country JOIN country_language ON country.id = country_language.country_id JOIN language ON country_language.language_id = language.id WHERE language.name IN ('English', 'Dutch')"
world_1,Which language is the most popular on the Asian continent?,"SELECT T2.Language FROM country AS T1 JOIN countrylanguage AS T2 ON T1.Code  =  T2.CountryCode WHERE T1.Continent  =  ""Asia"" GROUP BY T2.Language ORDER BY COUNT (*) DESC LIMIT 1",SELECT language FROM languages JOIN countries ON languages.country = countries.country WHERE countries.continent = 'Asia' GROUP BY language ORDER BY COUNT(*) DESC LIMIT 1;
world_1,What is the language that is used by the largest number of Asian nations?,"SELECT T2.Language FROM country AS T1 JOIN countrylanguage AS T2 ON T1.Code  =  T2.CountryCode WHERE T1.Continent  =  ""Asia"" GROUP BY T2.Language ORDER BY COUNT (*) DESC LIMIT 1",SELECT lang.name FROM languages lang JOIN country_languages cl ON lang.id = cl.language_id JOIN countries c ON cl.country_id = c.id WHERE c.region = 'Asia' GROUP BY lang.name ORDER BY COUNT(*) DESC LIMIT 1;
world_1,Which languages are spoken by only one country in republic governments?,"SELECT T2.Language FROM country AS T1 JOIN countrylanguage AS T2 ON T1.Code  =  T2.CountryCode WHERE T1.GovernmentForm  =  ""Republic"" GROUP BY T2.Language HAVING COUNT(*)  =  1","SELECT language FROM (SELECT DISTINCT country.language AS language, country.name AS country FROM country INNER JOIN countrylanguage ON country.code = countrylanguage.countrycode INNER JOIN government ON country.code = government.countrycode WHERE government.type = 'Republic') GROUP BY language HAVING COUNT(country) = 1;"
world_1,What languages are only used by a single country with a republic government?,"SELECT T2.Language FROM country AS T1 JOIN countrylanguage AS T2 ON T1.Code  =  T2.CountryCode WHERE T1.GovernmentForm  =  ""Republic"" GROUP BY T2.Language HAVING COUNT(*)  =  1","SELECT language FROM (SELECT l.name AS language, COUNT(*) AS cnt FROM languages l JOIN country_languages cl ON l.language_id = cl.language_id JOIN countries c ON cl.country_id = c.country_id WHERE c.government = 'Republic' GROUP BY l.name) WHERE cnt = 1;"
world_1,Find the city with the largest population that uses English.,"SELECT T1.Name ,  T1.Population FROM city AS T1 JOIN countrylanguage AS T2 ON T1.CountryCode  =  T2.CountryCode WHERE T2.Language  =  ""English"" ORDER BY T1.Population DESC LIMIT 1",SELECT city_name FROM cities WHERE language = 'English' ORDER BY population DESC LIMIT 1;
world_1,What is the most populace city that speaks English?,"SELECT T1.Name ,  T1.Population FROM city AS T1 JOIN countrylanguage AS T2 ON T1.CountryCode  =  T2.CountryCode WHERE T2.Language  =  ""English"" ORDER BY T1.Population DESC LIMIT 1",SELECT name FROM cities WHERE language = 'English' ORDER BY population DESC LIMIT 1;
world_1,"Find the name, population and expected life length of asian country with the largest area?","SELECT Name ,  Population ,  LifeExpectancy FROM country WHERE Continent  =  ""Asia"" ORDER BY SurfaceArea DESC LIMIT 1","SELECT name,population,life_expectancy FROM countries WHERE region='Asia' ORDER BY area DESC LIMIT 1;"
world_1,"What are the name, population, and life expectancy of the largest Asian country by land?","SELECT Name ,  Population ,  LifeExpectancy FROM country WHERE Continent  =  ""Asia"" ORDER BY SurfaceArea DESC LIMIT 1","SELECT name, population, life_expectancy FROM countries WHERE continent = 'Asia' ORDER BY area DESC LIMIT 1;"
world_1,What is average life expectancy in the countries where English is not the official language?,"SELECT avg(LifeExpectancy) FROM country WHERE Name NOT IN (SELECT T1.Name FROM country AS T1 JOIN countrylanguage AS T2 ON T1.Code  =  T2.CountryCode WHERE T2.Language  =  ""English"" AND T2.IsOfficial  =  ""T"")",SELECT AVG(life_expectancy) FROM countries WHERE official_language != 'English';
world_1,Give the mean life expectancy of countries in which English is not the official language.,"SELECT avg(LifeExpectancy) FROM country WHERE Name NOT IN (SELECT T1.Name FROM country AS T1 JOIN countrylanguage AS T2 ON T1.Code  =  T2.CountryCode WHERE T2.Language  =  ""English"" AND T2.IsOfficial  =  ""T"")",SELECT AVG(life_expectancy) FROM countries WHERE official_language != 'English';
world_1,What is the total number of people living in the nations that do not use English?,"SELECT sum(Population) FROM country WHERE Name NOT IN (SELECT T1.Name FROM country AS T1 JOIN countrylanguage AS T2 ON T1.Code  =  T2.CountryCode WHERE T2.Language  =  ""English"")",SELECT SUM(population) FROM nations WHERE language NOT IN ('English') OR language IS NULL;
world_1,How many people live in countries that do not speak English?,"SELECT sum(Population) FROM country WHERE Name NOT IN (SELECT T1.Name FROM country AS T1 JOIN countrylanguage AS T2 ON T1.Code  =  T2.CountryCode WHERE T2.Language  =  ""English"")",SELECT SUM(population) FROM countries WHERE language NOT IN ('English');
world_1,What is the official language spoken in the country whose head of state is Beatrix?,"SELECT T2.Language FROM country AS T1 JOIN countrylanguage AS T2 ON T1.Code  =  T2.CountryCode WHERE T1.HeadOfState  =  ""Beatrix"" AND T2.IsOfficial  =  ""T""",SELECT official_language FROM countries WHERE head_of_state = 'Beatrix';
world_1,What is the official language used in the country the name of whose head of state is Beatrix.,"SELECT T2.Language FROM country AS T1 JOIN countrylanguage AS T2 ON T1.Code  =  T2.CountryCode WHERE T1.HeadOfState  =  ""Beatrix"" AND T2.IsOfficial  =  ""T""",SELECT official_language FROM country WHERE head_of_state = 'Beatrix';
world_1,What is the total number of unique official languages spoken in the countries that are founded before 1930?,"SELECT count(DISTINCT T2.Language) FROM country AS T1 JOIN countrylanguage AS T2 ON T1.Code  =  T2.CountryCode WHERE  IndepYear  <  1930 AND T2.IsOfficial  =  ""T""",SELECT COUNT(DISTINCT language) FROM country_languages JOIN countries ON country_languages.country_id = countries.id WHERE countries.founded < 1930;
world_1,"For the countries founded before 1930, what is the total number of distinct official languages?","SELECT count(DISTINCT T2.Language) FROM country AS T1 JOIN countrylanguage AS T2 ON T1.Code  =  T2.CountryCode WHERE  IndepYear  <  1930 AND T2.IsOfficial  =  ""T""",SELECT COUNT(DISTINCT language) FROM languages JOIN countries ON languages.country_id = countries.country_id WHERE countries.founded_year < 1930;
world_1,What are the countries that have greater surface area than any country in Europe?,"SELECT Name FROM country WHERE SurfaceArea  >  (SELECT min(SurfaceArea) FROM country WHERE Continent  =  ""Europe"")",SELECT name FROM countries WHERE surface_area > (SELECT MAX(surface_area) FROM countries WHERE continent = 'Europe') AND continent != 'Europe'
world_1,Which countries have greater area than that of any country in Europe?,"SELECT Name FROM country WHERE SurfaceArea  >  (SELECT min(SurfaceArea) FROM country WHERE Continent  =  ""Europe"")",SELECT name FROM country WHERE area > (SELECT MAX(area) FROM country WHERE continent = 'Europe') AND continent != 'Europe';
world_1,What are the African countries that have a  population less than any country in Asia?,"SELECT Name FROM country WHERE Continent  =  ""Africa""  AND population  <  (SELECT max(population) FROM country WHERE Continent  =  ""Asia"")",SELECT name FROM countries WHERE continent = 'Africa' AND population < ALL (SELECT population FROM countries WHERE continent = 'Asia')
world_1,Which African countries have a smaller population than that of any country in Asia?,"SELECT Name FROM country WHERE Continent  =  ""Africa""  AND population  <  (SELECT min(population) FROM country WHERE Continent  =  ""Asia"")",SELECT name FROM countries WHERE continent = 'Africa' AND population < ALL (SELECT population FROM countries WHERE continent = 'Asia')
world_1,Which Asian countries have a population that is larger than any country in Africa?,"SELECT Name FROM country WHERE Continent  =  ""Asia""  AND population  >  (SELECT max(population) FROM country WHERE Continent  =  ""Africa"")",SELECT name FROM countries WHERE continent = 'Asia' AND population > (SELECT MAX(population) FROM countries WHERE continent = 'Africa')
world_1,What are the Asian countries which have a population larger than that of any country in Africa?,"SELECT Name FROM country WHERE Continent  =  ""Asia""  AND population  >  (SELECT min(population) FROM country WHERE Continent  =  ""Africa"")",SELECT name FROM countries WHERE continent = 'Asia' AND population > ALL (SELECT population FROM countries WHERE continent = 'Africa')
world_1,What are the country codes for countries that do not speak English?,"SELECT CountryCode FROM countrylanguage EXCEPT SELECT CountryCode FROM countrylanguage WHERE LANGUAGE  =  ""English""",SELECT country_code FROM countries WHERE country_code NOT IN (SELECT country_code FROM country_language WHERE language_code = 'en')
world_1,Return the country codes for countries that do not speak English.,"SELECT CountryCode FROM countrylanguage EXCEPT SELECT CountryCode FROM countrylanguage WHERE LANGUAGE  =  ""English""",SELECT country_code FROM countries WHERE country_code NOT IN (SELECT country_code FROM languages WHERE language = 'English')
world_1,What are the country codes of countries where people use languages other than English?,"SELECT DISTINCT CountryCode FROM countrylanguage WHERE LANGUAGE != ""English""",SELECT DISTINCT country_code FROM country_languages WHERE language != 'English';
world_1,Give the country codes for countries in which people speak langauges that are not English.,"SELECT DISTINCT CountryCode FROM countrylanguage WHERE LANGUAGE != ""English""",SELECT DISTINCT country_code FROM country_languages WHERE language != 'English';
world_1,What are the codes of the countries that do not speak English and whose government forms are not Republic?,"SELECT Code FROM country WHERE GovernmentForm != ""Republic"" EXCEPT SELECT CountryCode FROM countrylanguage WHERE LANGUAGE  =  ""English""",SELECT code FROM countries WHERE language NOT LIKE '%English%' AND government_form != 'Republic';
world_1,Return the codes of countries that do not speak English and do not have Republics for governments.,"SELECT Code FROM country WHERE GovernmentForm != ""Republic"" EXCEPT SELECT CountryCode FROM countrylanguage WHERE LANGUAGE  =  ""English""",SELECT country_code FROM countries WHERE government_type != 'Republic' AND country_code NOT IN (SELECT country_code FROM languages WHERE language = 'English')
world_1,Which cities are in European countries where English is not the official language?,SELECT DISTINCT T2.Name FROM country AS T1 JOIN city AS T2 ON T2.CountryCode  =  T1.Code WHERE T1.Continent  =  'Europe' AND T1.Name NOT IN (SELECT T3.Name FROM country AS T3 JOIN countrylanguage AS T4 ON T3.Code  =  T4.CountryCode WHERE T4.IsOfficial  =  'T' AND T4.Language  =  'English'),"SELECT city FROM cities WHERE country IN (SELECT name FROM countries WHERE continent = 'Europe' AND language NOT IN ('English', 'eng', 'Eng'))"
world_1,What are the names of cities in Europe for which English is not the official language?,SELECT DISTINCT T2.Name FROM country AS T1 JOIN city AS T2 ON T2.CountryCode  =  T1.Code WHERE T1.Continent  =  'Europe' AND T1.Name NOT IN (SELECT T3.Name FROM country AS T3 JOIN countrylanguage AS T4 ON T3.Code  =  T4.CountryCode WHERE T4.IsOfficial  =  'T' AND T4.Language  =  'English'),SELECT city_name FROM cities WHERE continent = 'Europe' AND official_language != 'English';
world_1,Which unique cities are in Asian countries where Chinese is the official language ?,"select distinct t3.name from country as t1 join countrylanguage as t2 on t1.code  =  t2.countrycode join city as t3 on t1.code  =  t3.countrycode where t2.isofficial  =  't' and t2.language  =  'chinese' and t1.continent  =  ""asia""",SELECT DISTINCT city_name FROM cities JOIN countries ON cities.country_id = countries.id WHERE countries.continent = 'Asia' AND countries.official_language = 'Chinese';
world_1,Return the different names of cities that are in Asia and for which Chinese is the official language.,"SELECT DISTINCT T3.Name FROM country AS T1 JOIN countrylanguage AS T2 ON T1.Code  =  T2.CountryCode JOIN city AS T3 ON T1.Code  =  T3.CountryCode WHERE T2.IsOfficial  =  'T' AND T2.Language  =  'Chinese' AND T1.Continent  =  ""Asia""",SELECT DISTINCT city_name FROM cities JOIN countries ON cities.country_code = countries.country_code WHERE countries.region = 'Asia' AND countries.official_language = 'Chinese';
world_1,"What are the name, independence year, and surface area of the country with the smallest population?","SELECT Name ,  SurfaceArea ,  IndepYear FROM country ORDER BY Population LIMIT 1","SELECT name, independence_year, surface_area FROM countries ORDER BY population ASC LIMIT 1;"
world_1,"Give the name, year of independence, and surface area of the country that has the lowest population.","SELECT Name ,  SurfaceArea ,  IndepYear FROM country ORDER BY Population LIMIT 1","SELECT name, independence_year, surface_area FROM country ORDER BY population ASC LIMIT 1;"
world_1,"What are the population, name and leader of the country with the largest area?","SELECT Name ,  population ,  HeadOfState FROM country ORDER BY SurfaceArea DESC LIMIT 1","SELECT population, name, leader FROM countries ORDER BY area DESC LIMIT 1;"
world_1,"Give the name, population, and head of state for the country that has the largest area.","SELECT Name ,  population ,  HeadOfState FROM country ORDER BY SurfaceArea DESC LIMIT 1","SELECT name, population, head_of_state FROM country ORDER BY area DESC LIMIT 1;"
world_1,Return the country name and the numbers of languages spoken for each country that speaks at least 3 languages.,"SELECT COUNT(T2.Language) ,  T1.Name FROM country AS T1 JOIN countrylanguage AS T2 ON T1.Code  =  T2.CountryCode GROUP BY T1.Name HAVING COUNT(*)  >  2","SELECT country.name, COUNT(language.id) AS num_languages FROM country JOIN language ON country.code = language.country_code GROUP BY country.code HAVING num_languages >= 3;"
world_1,"What are the names of countries that speak more than 2 languages, as well as how many languages they speak?","SELECT COUNT(T2.Language) ,  T1.Name FROM country AS T1 JOIN countrylanguage AS T2 ON T1.Code  =  T2.CountryCode GROUP BY T1.Name HAVING COUNT(*)  >  2","SELECT country.name, COUNT(language.country_id) FROM country JOIN language ON country.id = language.country_id GROUP BY country.name HAVING COUNT(language.country_id) > 2;"
world_1,Find the number of cities in each district whose population is greater than the average population of cities?,"SELECT count(*) ,  District FROM city WHERE Population  >  (SELECT avg(Population) FROM city) GROUP BY District","SELECT district, COUNT(*) FROM cities WHERE population > (SELECT AVG(population) FROM cities) GROUP BY district;"
world_1,How many cities in each district have a population that is above the average population across all cities?,"SELECT count(*) ,  District FROM city WHERE Population  >  (SELECT avg(Population) FROM city) GROUP BY District","SELECT district, COUNT(*) FROM cities WHERE population > (SELECT AVG(population) FROM cities) GROUP BY district;"
world_1,Find the government form name and total population for each government form whose average life expectancy is longer than 72.,"SELECT sum(Population) ,  GovernmentForm FROM country GROUP BY GovernmentForm HAVING avg(LifeExpectancy)  >  72","SELECT government_form, SUM(population) AS total_population FROM country GROUP BY government_form HAVING AVG(life_expectancy) > 72;"
world_1,What are the different government forms and what is the total population of each for government forms that have an average life expectancy greater than 72?,"SELECT sum(Population) ,  GovernmentForm FROM country GROUP BY GovernmentForm HAVING avg(LifeExpectancy)  >  72","SELECT government_form, SUM(population) AS total_population FROM countries GROUP BY government_form HAVING AVG(life_expectancy) > 72;"
world_1,Find the average life expectancy and total population for each continent where the average life expectancy is shorter than 72?,"SELECT sum(Population) ,  avg(LifeExpectancy) ,  Continent FROM country GROUP BY Continent HAVING avg(LifeExpectancy)  <  72","SELECT continent, AVG(life_expectancy), SUM(population) FROM countries GROUP BY continent HAVING AVG(life_expectancy) < 72;"
world_1,"What are the different continents and the total popuation and average life expectancy corresponding to each, for continents that have an average life expectancy less than 72?","SELECT sum(Population) ,  avg(LifeExpectancy) ,  Continent FROM country GROUP BY Continent HAVING avg(LifeExpectancy)  <  72","SELECT continent, SUM(population), AVG(life_expectancy) FROM countries GROUP BY continent HAVING AVG(life_expectancy) < 72;"
world_1,What are the names and areas of countries with the top 5 largest area?,"SELECT Name ,  SurfaceArea FROM country ORDER BY SurfaceArea DESC LIMIT 5","SELECT name, area FROM countries ORDER BY area DESC LIMIT 5;"
world_1,Return the names and surface areas of the 5 largest countries.,"SELECT Name ,  SurfaceArea FROM country ORDER BY SurfaceArea DESC LIMIT 5","SELECT name, surface_area FROM country ORDER BY surface_area DESC LIMIT 5;"
world_1,What are names of countries with the top 3 largest population?,SELECT Name FROM country ORDER BY Population DESC LIMIT 3,SELECT name FROM countries ORDER BY population DESC LIMIT 3;
world_1,Return the names of the 3 most populated countries.,SELECT Name FROM country ORDER BY Population DESC LIMIT 3,SELECT name FROM country ORDER BY population DESC LIMIT 3;
world_1,What are the names of the nations with the 3 lowest populations?,SELECT Name FROM country ORDER BY Population ASC LIMIT 3,SELECT name FROM nations ORDER BY population ASC LIMIT 3
world_1,Return the names of the 3 countries with the fewest people.,SELECT Name FROM country ORDER BY Population ASC LIMIT 3,SELECT name FROM country ORDER BY population ASC LIMIT 3;
world_1,how many countries are in Asia?,"SELECT count(*) FROM country WHERE continent  =  ""Asia""",SELECT COUNT(*) FROM countries WHERE continent = 'Asia';
world_1,Count the number of countries in Asia.,"SELECT count(*) FROM country WHERE continent  =  ""Asia""",SELECT COUNT(*) FROM countries WHERE continent = 'Asia';
world_1,What are the names of the countries that are in the continent of Europe and have a population of 80000?,"SELECT Name FROM country WHERE continent  =  ""Europe"" AND Population  =  ""80000""",SELECT name FROM countries WHERE continent = 'Europe' AND population = 80000;
world_1,Give the names of countries that are in Europe and have a population equal to 80000.,"SELECT Name FROM country WHERE continent  =  ""Europe"" AND Population  =  ""80000""",SELECT country_name FROM countries WHERE continent = 'Europe' AND population = 80000;
world_1,What is the total population and average area of countries in the continent of North America whose area is bigger than 3000 ?,"select sum(population) ,  avg(surfacearea) from country where continent  =  ""north america"" and surfacearea  >  3000","SELECT SUM(population) AS total_population, AVG(area) AS average_area FROM countries WHERE continent = 'North America' AND area > 3000;"
world_1,Give the total population and average surface area corresponding to countries in North America that have a surface area greater than 3000 .,"select sum(population) ,  avg(surfacearea) from country where continent  =  ""north america"" and surfacearea  >  3000","SELECT SUM(population), AVG(surface_area) FROM countries WHERE region = 'North America' AND surface_area > 3000;"
world_1,What are the cities whose population is between 160000 and 900000?,SELECT name FROM city WHERE Population BETWEEN 160000 AND 900000,SELECT name FROM cities WHERE population BETWEEN 160000 AND 900000;
world_1,Return the names of cities that have a population between 160000 and 900000 .,select name from city where population between 160000 and 900000,SELECT name FROM city WHERE population BETWEEN 160000 AND 900000;
world_1,Which language is spoken by the largest number of countries?,SELECT LANGUAGE FROM countrylanguage GROUP BY LANGUAGE ORDER BY count(*) DESC LIMIT 1,"SELECT language, COUNT(*) AS country_count FROM country_languages GROUP BY language ORDER BY country_count DESC LIMIT 1;"
world_1,Give the language that is spoken in the most countries.,SELECT LANGUAGE FROM countrylanguage GROUP BY LANGUAGE ORDER BY count(*) DESC LIMIT 1,SELECT language FROM languages GROUP BY language ORDER BY COUNT(*) DESC LIMIT 1;
world_1,What is the language spoken by the largest percentage of people in each country?,"SELECT LANGUAGE ,  CountryCode ,  max(Percentage) FROM countrylanguage GROUP BY CountryCode","SELECT l1.country, l1.language, l1.percentage FROM languages l1 INNER JOIN (SELECT country, MAX(percentage) AS max_percentage FROM languages GROUP BY country) l2 ON l1.country = l2.country AND l1.percentage = l2.max_percentage;"
world_1,"What are the country codes of the different countries, and what are the languages spoken by the greatest percentage of people for each?","SELECT LANGUAGE ,  CountryCode ,  max(Percentage) FROM countrylanguage GROUP BY CountryCode","SELECT country_code, language FROM (SELECT country_code, language, percentage, RANK() OVER (PARTITION BY country_code ORDER BY percentage DESC) as rnk FROM country_languages) WHERE rnk=1;"
world_1,What is the total number of countries where Spanish is spoken by the largest percentage of people?,"SELECT count(*) ,   max(Percentage) FROM countrylanguage WHERE LANGUAGE  =  ""Spanish"" GROUP BY CountryCode",SELECT COUNT(DISTINCT cl1.country) FROM country_languages cl1 WHERE cl1.language = 'Spanish' AND NOT EXISTS (SELECT 1 FROM country_languages cl2 WHERE cl2.country = cl1.country AND cl2.percentage > cl1.percentage)
world_1,Count the number of countries for which Spanish is the predominantly spoken language.,"SELECT count(*) ,   max(Percentage) FROM countrylanguage WHERE LANGUAGE  =  ""Spanish"" GROUP BY CountryCode",SELECT COUNT(*) FROM countries WHERE language = 'Spanish';
world_1,What are the codes of countries where Spanish is spoken by the largest percentage of people?,"SELECT CountryCode ,  max(Percentage) FROM countrylanguage WHERE LANGUAGE  =  ""Spanish"" GROUP BY CountryCode",SELECT country_code FROM country_languages WHERE language = 'Spanish' AND percentage = (SELECT MAX(percentage) FROM country_languages WHERE language = 'Spanish')
world_1,Return the codes of countries for which Spanish is the predominantly spoken language.,"SELECT CountryCode ,  max(Percentage) FROM countrylanguage WHERE LANGUAGE  =  ""Spanish"" GROUP BY CountryCode",SELECT country_code FROM languages WHERE language = 'Spanish' AND is_official = 1;
orchestra,How many conductors are there?,SELECT count(*) FROM conductor,SELECT COUNT(*) FROM conductors;
orchestra,Count the number of conductors.,SELECT count(*) FROM conductor,SELECT COUNT(*) FROM conductors;
orchestra,List the names of conductors in ascending order of age.,SELECT Name FROM conductor ORDER BY Age ASC,SELECT name FROM conductors ORDER BY age ASC;
orchestra,"What are the names of conductors, ordered by age?",SELECT Name FROM conductor ORDER BY Age ASC,SELECT name FROM conductors ORDER BY age;
orchestra,"What are the names of conductors whose nationalities are not ""USA""?",SELECT Name FROM conductor WHERE Nationality != 'USA',SELECT name FROM conductors WHERE nationality != 'USA';
orchestra,"Return the names of conductors that do not have the nationality ""USA"".",SELECT Name FROM conductor WHERE Nationality != 'USA',SELECT name FROM conductors WHERE nationality != 'USA';
orchestra,What are the record companies of orchestras in descending order of years in which they were founded?,SELECT Record_Company FROM orchestra ORDER BY Year_of_Founded DESC,SELECT record_companies.name FROM orchestras JOIN record_companies ON orchestras.record_company_id = record_companies.id ORDER BY orchestras.founded_year DESC;
orchestra,"Return the record companies of orchestras, sorted descending by the years in which they were founded.",SELECT Record_Company FROM orchestra ORDER BY Year_of_Founded DESC,SELECT record_company FROM orchestras ORDER BY founded_year DESC;
orchestra,What is the average attendance of shows?,SELECT avg(Attendance) FROM SHOW,SELECT AVG(attendance) FROM shows;
orchestra,Return the average attendance across all shows.,SELECT avg(Attendance) FROM SHOW,SELECT AVG(attendance) FROM shows;
orchestra,"What are the maximum and minimum share of performances whose type is not ""Live final"".","SELECT max(SHARE) ,  min(SHARE) FROM performance WHERE TYPE != ""Live final""","SELECT MAX(share), MIN(share) FROM performances WHERE type != 'Live final';"
orchestra,"Return the maximum and minimum shares for performances that do not have the type ""Live final"".","SELECT max(SHARE) ,  min(SHARE) FROM performance WHERE TYPE != ""Live final""","SELECT MAX(shares), MIN(shares) FROM performances WHERE type != 'Live final';"
orchestra,How many different nationalities do conductors have?,SELECT count(DISTINCT Nationality) FROM conductor,SELECT COUNT(DISTINCT Nationality) FROM Conductors;
orchestra,Count the number of different nationalities of conductors.,SELECT count(DISTINCT Nationality) FROM conductor,SELECT COUNT(DISTINCT nationality) FROM conductors;
orchestra,List names of conductors in descending order of years of work.,SELECT Name FROM conductor ORDER BY Year_of_Work DESC,SELECT name FROM conductors ORDER BY years_of_work DESC;
orchestra,"What are the names of conductors, sorted descending by the number of years they have worked?",SELECT Name FROM conductor ORDER BY Year_of_Work DESC,"SELECT name FROM conductors ORDER BY (strftime('%Y', 'now') - strftime('%Y', start_date)) DESC;"
orchestra,List the name of the conductor with the most years of work.,SELECT Name FROM conductor ORDER BY Year_of_Work DESC LIMIT 1,SELECT name FROM conductors WHERE years_of_experience = (SELECT MAX(years_of_experience) FROM conductors) LIMIT 1;
orchestra,What is the name of the conductor who has worked the greatest number of years?,SELECT Name FROM conductor ORDER BY Year_of_Work DESC LIMIT 1,SELECT name FROM conductors ORDER BY years_worked DESC LIMIT 1;
orchestra,Show the names of conductors and the orchestras they have conducted.,"SELECT T1.Name ,  T2.Orchestra FROM conductor AS T1 JOIN orchestra AS T2 ON T1.Conductor_ID  =  T2.Conductor_ID","SELECT conductors.name, orchestras.name FROM conductors INNER JOIN conductor_orchestra ON conductors.id = conductor_orchestra.conductor_id INNER JOIN orchestras ON conductor_orchestra.orchestra_id = orchestras.id;"
orchestra,What are the names of conductors as well as the corresonding orchestras that they have conducted?,"SELECT T1.Name ,  T2.Orchestra FROM conductor AS T1 JOIN orchestra AS T2 ON T1.Conductor_ID  =  T2.Conductor_ID","SELECT Conductors.name, Orchestras.name FROM Conductors JOIN ConductorOrchestra ON Conductors.id = ConductorOrchestra.conductor_id JOIN Orchestras ON ConductorOrchestra.orchestra_id = Orchestras.id;"
orchestra,Show the names of conductors that have conducted more than one orchestras.,SELECT T1.Name FROM conductor AS T1 JOIN orchestra AS T2 ON T1.Conductor_ID  =  T2.Conductor_ID GROUP BY T2.Conductor_ID HAVING COUNT(*)  >  1,SELECT name FROM Conductors WHERE id IN (SELECT conductor_id FROM ConductorOrchestra GROUP BY conductor_id HAVING COUNT(DISTINCT orchestra_id) > 1);
orchestra,What are the names of conductors who have conducted at more than one orchestra?,SELECT T1.Name FROM conductor AS T1 JOIN orchestra AS T2 ON T1.Conductor_ID  =  T2.Conductor_ID GROUP BY T2.Conductor_ID HAVING COUNT(*)  >  1,SELECT name FROM conductors GROUP BY name HAVING COUNT(DISTINCT orchestra_id) > 1;
orchestra,Show the name of the conductor that has conducted the most number of orchestras.,SELECT T1.Name FROM conductor AS T1 JOIN orchestra AS T2 ON T1.Conductor_ID  =  T2.Conductor_ID GROUP BY T2.Conductor_ID ORDER BY COUNT(*) DESC LIMIT 1,SELECT conductor_name FROM conductors GROUP BY conductor_name ORDER BY COUNT(DISTINCT orchestra_id) DESC LIMIT 1;
orchestra,What is the name of the conductor who has conducted the most orchestras?,SELECT T1.Name FROM conductor AS T1 JOIN orchestra AS T2 ON T1.Conductor_ID  =  T2.Conductor_ID GROUP BY T2.Conductor_ID ORDER BY COUNT(*) DESC LIMIT 1,SELECT conductor_name FROM Conductors GROUP BY conductor_name ORDER BY COUNT(DISTINCT orchestra_id) DESC LIMIT 1;
orchestra,Please show the name of the conductor that has conducted orchestras founded after 2008.,SELECT T1.Name FROM conductor AS T1 JOIN orchestra AS T2 ON T1.Conductor_ID  =  T2.Conductor_ID WHERE Year_of_Founded  >  2008,SELECT DISTINCT conductor.name FROM conductor JOIN orchestra_conductor ON conductor.id = orchestra_conductor.conductor_id JOIN orchestra ON orchestra_conductor.orchestra_id = orchestra.id WHERE orchestra.founded_year > 2008;
orchestra,What are the names of conductors who have conducted orchestras founded after the year 2008?,SELECT T1.Name FROM conductor AS T1 JOIN orchestra AS T2 ON T1.Conductor_ID  =  T2.Conductor_ID WHERE Year_of_Founded  >  2008,SELECT DISTINCT c.name FROM Conductors c JOIN ConductorOrchestra co ON c.id = co.conductor_id JOIN Orchestras o ON co.orchestra_id = o.id WHERE o.founded_year > 2008;
orchestra,Please show the different record companies and the corresponding number of orchestras.,"SELECT Record_Company ,  COUNT(*) FROM orchestra GROUP BY Record_Company","SELECT record_company, COUNT(*) FROM orchestras GROUP BY record_company;"
orchestra,How many orchestras does each record company manage?,"SELECT Record_Company ,  COUNT(*) FROM orchestra GROUP BY Record_Company","SELECT record_company_id, COUNT(*) FROM orchestra GROUP BY record_company_id;"
orchestra,Please show the record formats of orchestras in ascending order of count.,SELECT Major_Record_Format FROM orchestra GROUP BY Major_Record_Format ORDER BY COUNT(*) ASC,"SELECT format, COUNT(*) AS count FROM orchestra_formats GROUP BY format ORDER BY count ASC;"
orchestra,"What are the major record formats of orchestras, sorted by their frequency?",SELECT Major_Record_Format FROM orchestra GROUP BY Major_Record_Format ORDER BY COUNT(*) ASC,"SELECT format, COUNT(*) AS frequency FROM records GROUP BY format ORDER BY frequency DESC;"
orchestra,List the record company shared by the most number of orchestras.,SELECT Record_Company FROM orchestra GROUP BY Record_Company ORDER BY COUNT(*) DESC LIMIT 1,SELECT record_company FROM orchestra GROUP BY record_company ORDER BY COUNT(*) DESC LIMIT 1;
orchestra,What is the record company used by the greatest number of orchestras?,SELECT Record_Company FROM orchestra GROUP BY Record_Company ORDER BY COUNT(*) DESC LIMIT 1,"SELECT record_company, COUNT(*) AS cnt FROM orchestras GROUP BY record_company ORDER BY cnt DESC LIMIT 1;"
orchestra,List the names of orchestras that have no performance.,SELECT Orchestra FROM orchestra WHERE Orchestra_ID NOT IN (SELECT Orchestra_ID FROM performance),SELECT orchestra_name FROM orchestras WHERE orchestra_id NOT IN (SELECT DISTINCT orchestra_id FROM performances);
orchestra,What are the orchestras that do not have any performances?,SELECT Orchestra FROM orchestra WHERE Orchestra_ID NOT IN (SELECT Orchestra_ID FROM performance),SELECT orchestra_id FROM orchestras LEFT JOIN performances ON orchestras.orchestra_id = performances.orchestra_id WHERE performances.performance_id IS NULL;
orchestra,Show the record companies shared by orchestras founded before 2003 and after 2003.,SELECT Record_Company FROM orchestra WHERE Year_of_Founded  <  2003 INTERSECT SELECT Record_Company FROM orchestra WHERE Year_of_Founded  >  2003,SELECT record_company FROM orchestra WHERE founded_year < 2003 INTERSECT SELECT record_company FROM orchestra WHERE founded_year > 2003;
orchestra,What are the record companies that are used by both orchestras founded before 2003 and those founded after 2003?,SELECT Record_Company FROM orchestra WHERE Year_of_Founded  <  2003 INTERSECT SELECT Record_Company FROM orchestra WHERE Year_of_Founded  >  2003,SELECT record_company FROM orchestra WHERE founded_year < 2003 INTERSECT SELECT record_company FROM orchestra WHERE founded_year > 2003;
orchestra,"Find the number of orchestras whose record format is ""CD"" or ""DVD"".","SELECT COUNT(*) FROM orchestra WHERE Major_Record_Format  =  ""CD"" OR Major_Record_Format  =  ""DVD""","SELECT COUNT(DISTINCT orchestra_id) FROM records WHERE format IN ('CD', 'DVD');"
orchestra,Count the number of orchestras that have CD or DVD as their record format.,"SELECT COUNT(*) FROM orchestra WHERE Major_Record_Format  =  ""CD"" OR Major_Record_Format  =  ""DVD""","SELECT COUNT(DISTINCT orchestra_id) FROM recordings WHERE format IN ('CD', 'DVD');"
orchestra,Show the years in which orchestras that have given more than one performance are founded.,SELECT Year_of_Founded FROM orchestra AS T1 JOIN performance AS T2 ON T1.Orchestra_ID  =  T2.Orchestra_ID GROUP BY T2.Orchestra_ID HAVING COUNT(*)  >  1,SELECT o.founded_year FROM orchestra o JOIN (SELECT orchestra_id FROM performance GROUP BY orchestra_id HAVING COUNT(*) > 1) p ON o.orchestra_id = p.orchestra_id;
orchestra,What are years of founding for orchestras that have had more than a single performance?,SELECT Year_of_Founded FROM orchestra AS T1 JOIN performance AS T2 ON T1.Orchestra_ID  =  T2.Orchestra_ID GROUP BY T2.Orchestra_ID HAVING COUNT(*)  >  1,"SELECT o.founding_year FROM orchestras o JOIN performances p ON o.orchestra_id = p.orchestra_id GROUP BY o.orchestra_id, o.founding_year HAVING COUNT(*) > 1;"
network_1,How many high schoolers are there?,SELECT count(*) FROM Highschooler,SELECT COUNT(*) FROM students WHERE level = 'high school';
network_1,Count the number of high schoolers.,SELECT count(*) FROM Highschooler,SELECT COUNT(*) FROM students WHERE education_level = 'high school';
network_1,Show the names and grades of each high schooler.,"SELECT name ,  grade FROM Highschooler","SELECT name, grade FROM high_schoolers;"
network_1,What are the names and grades for each high schooler?,"SELECT name ,  grade FROM Highschooler","SELECT name, grade FROM students;"
network_1,Show all the grades of the high schoolers.,SELECT grade FROM Highschooler,SELECT Grades.grade FROM Students JOIN Grades ON Students.student_id = Grades.student_id WHERE Students.grade_level BETWEEN 9 AND 12;
network_1,What is the grade of each high schooler?,SELECT grade FROM Highschooler,"SELECT name, grade FROM students;"
network_1,What grade is Kyle in?,"SELECT grade FROM Highschooler WHERE name  =  ""Kyle""",SELECT grade FROM students WHERE name = 'Kyle';
network_1,Return the grade for the high schooler named Kyle.,"SELECT grade FROM Highschooler WHERE name  =  ""Kyle""",SELECT grade FROM students WHERE name = 'Kyle';
network_1,Show the names of all high schoolers in grade 10.,SELECT name FROM Highschooler WHERE grade  =  10,SELECT name FROM high_schoolers WHERE grade = 10;
network_1,What are the names of all high schoolers in grade 10?,SELECT name FROM Highschooler WHERE grade  =  10,SELECT name FROM high_schoolers WHERE grade = 10;
network_1,Show the ID of the high schooler named Kyle.,"SELECT ID FROM Highschooler WHERE name  =  ""Kyle""",SELECT ID FROM HighSchooler WHERE Name = 'Kyle';
network_1,What is Kyle's id?,"SELECT ID FROM Highschooler WHERE name  =  ""Kyle""",SELECT id FROM users WHERE name = 'Kyle';
network_1,How many high schoolers are there in grade 9 or 10?,SELECT count(*) FROM Highschooler WHERE grade  =  9 OR grade  =  10,"SELECT COUNT(*) FROM students WHERE grade IN (9, 10);"
network_1,Count the number of high schoolers in grades 9 or 10.,SELECT count(*) FROM Highschooler WHERE grade  =  9 OR grade  =  10,"SELECT COUNT(*) FROM students WHERE grade IN (9, 10);"
network_1,Show the number of high schoolers for each grade.,"SELECT grade ,  count(*) FROM Highschooler GROUP BY grade","SELECT grade, COUNT(*) FROM high_schoolers GROUP BY grade ORDER BY grade;"
network_1,How many high schoolers are in each grade?,"SELECT grade ,  count(*) FROM Highschooler GROUP BY grade","SELECT grade, COUNT(*) FROM high_schoolers GROUP BY grade ORDER BY grade;"
network_1,Which grade has the most high schoolers?,SELECT grade FROM Highschooler GROUP BY grade ORDER BY count(*) DESC LIMIT 1,SELECT grade FROM students GROUP BY grade ORDER BY COUNT(*) DESC LIMIT 1;
network_1,Return the grade that has the greatest number of high schoolers.,SELECT grade FROM Highschooler GROUP BY grade ORDER BY count(*) DESC LIMIT 1,SELECT grade FROM students GROUP BY grade ORDER BY COUNT(*) DESC LIMIT 1;
network_1,Show me all grades that have at least 4 students.,SELECT grade FROM Highschooler GROUP BY grade HAVING count(*)  >=  4,SELECT grade FROM students GROUP BY grade HAVING COUNT(*) >= 4;
network_1,Which grades have 4 or more high schoolers?,SELECT grade FROM Highschooler GROUP BY grade HAVING count(*)  >=  4,SELECT grade FROM high_schoolers GROUP BY grade HAVING COUNT(*) >= 4;
network_1,Show the student IDs and numbers of friends corresponding to each.,"SELECT student_id ,  count(*) FROM Friend GROUP BY student_id","<think> Okay, let's tackle this problem. The user wants to see each student's ID along with the number of friends they have. Since the database schema isn't provided, I have to make some educated guesses based on typical table structures.  First, I'll assume there's a table named something like 'students' or 'friends' that tracks relationships. A common approach is to have a friends table with columns like student_id and friend_id. Each row would represent a friendship between two students. But wait, friendships are mutual, so if student A is friends with student B, there might be two entries: one with student_id A and friend_id B, and another with student_id B and friend_id A. Alternatively, the table might store each friendship as a single entry to avoid duplication. That's a bit ambiguous without the schema.  Assuming the friends table has student_id and friend_id columns, and each friendship is stored once (so each row represents a unique pair), then to count the number of friends per student, I need to count how many times each student appears in either the student_id or friend_id column. Wait, no—if each row represents a friendship between two students, then each student would appear once in each column. But if the table is structured so that each row is a one-way relationship (like a 'follows' table), then we'd need to count both directions. Hmm.  Alternatively, maybe there's a table where each student's friends are listed in a single column. For example, a friends table where each row has a student_id and a friend_id, and each friendship is stored once. In that case, to count the number of friends per student, we can count the number of rows where the student is either the student_id or the friend_id. Wait, no—if the table is structured so that each row is a one-way friendship (like student A is friends with student B), then to get the total friends, we need to count both the times the student is in the student_id column and when they are in the friend_id column. But that would double count if the friendships are mutual. So maybe the table is designed to have each friendship stored once, with student_id and friend_id as two columns, and each row represents a unique friendship. In that case, to count the number of friends for each student, we need to count how many times they appear in either column.  So the SQL query would need to group by student and count the total occurrences in both columns. For example:  SELECT student_id, COUNT(*) AS num_friends FROM (     SELECT student_id FROM friends     UNION ALL     SELECT friend_id FROM friends ) GROUP BY student_id;  But if the friends table is structured such that each row represents a mutual friendship (i.e., each friendship is stored once, with student_id and friend_id as two different columns), then perhaps we need to count each row once for each student involved. However, if the table is designed to have each friendship as a single entry (e.g., student A is friends with student B, stored once), then the count would be different. Wait, no—if each row represents a friendship between two students, then each student in that row would have one friend added. So for each row, both the student_id and friend_id would have their friend count incremented by 1. Therefore, to get the total friends for each student, we need to count how many times they appear in either column and sum those counts.  But that would mean that for each friendship, two entries are added (A and B), but if the table is designed to store each friendship once, then we need to count each occurrence. So the approach would be to take all the student IDs from both columns, combine them, and then count how many times each appears. That's why the subquery with UNION ALL would be used. However, if the table is designed to have each friendship stored once (so each row is a unique pair, and we don't want to double count), then the approach would be different. But the user is asking for the number of friends each student has, which would be the count of how many friends they have, regardless of direction.  Alternatively, maybe the friends table is structured such that each student's friends are listed in a single column. For example, a table called 'friends' with columns 'student_id' and 'friend_id', where each row represents that the student has the friend. In this case, each student's friends are listed once, so to count the number of friends, you just count the number of rows per student_id. But that would only account for one direction. If the friendship is mutual, then each student would have a row in the table for each friend. For example, if A is friends with B, then there would be a row for A with friend B and a row for B with friend A. But that would require two rows. However, if the table is designed to store each friendship once, perhaps with a constraint that student_id < friend_id to avoid duplicates, then you would need to count each occurrence in both directions.  This is getting a bit complicated. Since the schema isn't provided, I have to make assumptions. The most common approach I've seen is a friends table with two columns (student_id and friend_id), where each row represents a mutual friendship. To count the number of friends each student has, you would count how many times they appear in either column. But if the table is designed to have each friendship stored once (so each row is a unique pair), then the count would be the number of rows where the student is in either column. However, if the table is designed to have each student's friends listed in a single column (so each row is a one-way friendship), then the count is simply the number of rows per student_id.  Given that the user is asking for the number of friends corresponding to each student, I think the most likely scenario is that the friends table has two columns (student_id and friend_id), and each row represents a mutual friendship. Therefore, to count the total friends for each student, we need to count how many times they appear in either column. So the SQL query would be:  SELECT student_id, COUNT(*) AS num_friends FROM (     SELECT student_id FROM friends     UNION ALL     SELECT friend_id FROM friends ) GROUP BY student_id;  But wait, if the friends table is structured such that each row represents a mutual friendship (i.e., each friendship is stored once), then the total number of friends for a student is the number of rows where they are in either column. However, if the table is designed to have each friendship stored once (e.g., student A is friends with student B, stored once), then the count would be the number of rows where the student is in either column. But in that case, each friendship would contribute to the count of two students. So the subquery with UNION ALL would combine all the student IDs from both columns, and then group by to count how many times each appears.  Alternatively, if the friends table is designed to have each student's friends listed in a single column (so each row is a one-way friendship), then the count is simply the number of rows per student_id. For example, if the table is called 'friends' with columns 'student_id' and 'friend_id', and each row represents that the student has the friend, then the count is:  SELECT student_id, COUNT(*) AS num_friends FROM friends GROUP BY student_id;  But this would only count the number of friends each student has if the table is designed that way. However, if the table is designed to store mutual friendships (so each friendship is stored once), then the first approach with the subquery is needed.  Since the user hasn't provided the schema, I have to make an educated guess. The question is to show student IDs and numbers of friends. The most common approach I've seen in such scenarios is a friends table with two columns (student_id and friend_id), where each row represents a mutual friendship. Therefore, the correct approach would be to count the occurrences in both columns and sum them. Hence, the SQL query would use a subquery to combine both columns and then group by.  So the final SQL would be:  SELECT student_id, COUNT(*) AS num_friends FROM (     SELECT student_id FROM friends     UNION ALL     SELECT friend_id FROM friends ) GROUP BY student_id;  But wait, if the friends table is named differently, like 'friendships', then the query would need to adjust. However, the user mentioned ""friends"" in the question, so maybe the table is named 'friends'. Also, the columns might be named 'student_id' and 'friend_id'. If the columns are named differently, like 'user1_id' and 'user2_id', then the query would need to adjust. But given the question is in Portuguese and the user is asking for student IDs, the columns are likely named 'student_id' and 'friend_id'.  Therefore, the correct SQL query is as above. However, another possibility is that the friends table is structured with each row representing a friendship between two students, and each student's friends are stored in a single column. For example, a table 'friends' with 'student_id' and 'friend_id', where each row represents that the student has the friend. In this case, the count is simply the number of rows per student_id. But this would require that each friendship is stored twice (once for each student), which is inefficient. However, if that's the case, then the query would be:  SELECT student_id, COUNT(*) AS num_friends FROM friends GROUP BY student_id;  But this depends on the table structure. Since the schema isn't provided, I have to choose the most common approach. Given that, I think the first approach with the subquery is more likely correct because it accounts for mutual friendships stored once. Therefore, the answer would be the first"
network_1,How many friends does each student have?,"SELECT student_id ,  count(*) FROM Friend GROUP BY student_id","<think> Okay, let's see. The user is asking how many friends each student has. The database schema isn't provided, so I have to rely on intuition based on the table names. Since the user mentioned ""students"" and ""friends,"" I'm assuming there's a Students table and a Friends table.  The Students table probably has a StudentID as the primary key. The Friends table might link two students, maybe with columns like StudentID and FriendID. To find the number of friends each student has, I need to count how many times each StudentID appears in the Friends table.  But wait, friends are mutual, right? So if StudentA is friends with StudentB, both entries might exist. But maybe the Friends table only stores each friendship once, like StudentA and StudentB in separate columns. Hmm, but that's less common. Usually, it's a single entry with two columns. So perhaps the Friends table has StudentID and FriendID, each referencing Students.StudentID.  So to count the number of friends, I can do a SELECT on the Friends table, grouping by StudentID and counting the number of entries. But what if a student has no friends? Then they wouldn't appear in the Friends table. The question is whether to include those with zero friends. The user's question is ""how many friends does each student have,"" which might imply all students, even those with none. But without a schema, I have to assume that the Friends table has entries for all existing friendships, and students without friends won't be in the Friends table. However, if we need to include all students, even those with zero friends, we need a LEFT JOIN. But again, without knowing the schema, maybe the Friends table only has entries where friendships exist.  Alternatively, maybe the Friends table is structured with two columns, like Student1ID and Student2ID, to avoid duplicates. In that case, each friendship is stored once, and each student's friend count would be the sum of their appearances in both columns. But that complicates the count. Since the user didn't specify the schema, I have to make an assumption.  The most straightforward approach is to assume that the Friends table has StudentID and FriendID columns, each referencing Students.StudentID. So each row represents a friendship from one student to another. Therefore, to count the number of friends per student, we can group by StudentID and count the number of rows. However, if the friendship is mutual, we might have both (A,B) and (B,A), which would double-count. But maybe the table is designed to have each friendship only once. Without knowing, I have to proceed with the assumption that each friendship is stored once, perhaps in a way that each student is listed once per friend.  Alternatively, if the Friends table is structured with two columns, like StudentID and FriendID, and each friendship is stored once (e.g., StudentA and StudentB are friends, so there's one row with StudentA and StudentB), then to count the number of friends, we need to count both occurrences where a student is in StudentID or FriendID. For example, if StudentA is friends with StudentB and StudentC, there would be two rows: (A,B) and (A,C). But if the friendship is mutual, then there would be (A,B) and (B,A). But that's redundant. So perhaps the table is designed to have each friendship once, and to count friends, we need to count all entries where the student is either in StudentID or FriendID. Wait, but that would require a different approach.  Wait, maybe the Friends table is structured with two columns, StudentID and FriendID, and each friendship is stored once. For example, if StudentA is friends with StudentB, there's a row (A,B). Then, to count the number of friends for each student, we need to count how many times they appear in both columns. So for StudentA, we count the number of times they are in StudentID plus the number of times they are in FriendID. But that would be incorrect because each friendship is stored once. For example, if A is friends with B, then A's friend count is 1 (as StudentID) and B's friend count is 1 (as FriendID). But that would mean that each friendship is counted once for each student. Wait, no. If the table has (A,B), then A's friend count is 1 (as StudentID) and B's friend count is 1 (as FriendID). But if we want to count the total friends for each student, we need to consider both columns. So for each student, the total friends would be the number of times they appear in StudentID plus the number of times they appear in FriendID. But that would double count if the table is structured to have each friendship once. Wait, no. If the table is structured so that each friendship is stored once, then each friendship is represented in one row, either as (A,B) or (B,A). So to count the total friends for each student, we need to count how many times they appear in either column. For example, if A is friends with B and C, then the table might have (A,B) and (A,C). Then A's friend count is 2. If the table has (B,A) and (C,A), then A's friend count is 2. So to get the total friends, we need to count all occurrences in both columns. Therefore, the correct approach would be to union the StudentID and FriendID columns, then group by student and count.  But without knowing the schema, this is tricky. Since the user mentioned ""friends does each student have,"" the most straightforward assumption is that the Friends table has a StudentID and a FriendID, and each row represents a one-way friendship. However, in reality, friendships are mutual, so the table might have each friendship stored once, and we need to count each student's occurrence in both columns. But given the lack of schema, perhaps the intended answer is to group by StudentID and count the number of friends, assuming that each row represents a unique friendship. For example, if the Friends table has StudentID and FriendID, and each row is a unique friendship (so if A is friends with B, there's one row (A,B)), then the count would be the number of rows per StudentID. However, if the friendship is mutual, then we need to count both directions. But again, without knowing, the safest assumption is that the Friends table has each friendship stored once, and each student's friend count is the number of rows where they are the StudentID. But that would miss the cases where they are the FriendID. Alternatively, maybe the Friends table is designed to have each friendship as two entries (A,B) and (B,A), so that when you count per StudentID, you get the correct count. But that's inefficient.   Given the ambiguity, the most likely expected answer is that there's a Friends table with StudentID and FriendID, and each friendship is stored once. To count the number of friends each student has, you need to count how many times they appear in either column. Therefore, the SQL query would be:  SELECT StudentID, COUNT(*) AS friend_count FROM (     SELECT StudentID FROM Friends     UNION ALL     SELECT FriendID FROM Friends ) GROUP BY StudentID;  But wait, that would count each occurrence in both columns. However, if the Friends table is structured with StudentID and FriendID, and each row represents a one-way friendship (so if A is friends with B, there's a row (A,B) and (B,A)), then grouping by StudentID and counting would give the correct count. Alternatively, if the table only has one entry per friendship (A,B), then counting both columns would give the total friends.   Alternatively, if the Friends table is structured with two columns, StudentID and FriendID, and each friendship is stored once (so A and B are friends, stored as (A,B)), then to count the number of friends for each student, you need to count how many times they appear in either column. So the correct approach is to combine both columns and then group.   But without knowing the schema, perhaps the intended answer is to assume that the Friends table has a StudentID and a FriendID, and each row represents a unique friendship (so each friendship is stored once). Therefore, to count the number of friends each student has, you need to count how many times they appear in either column.   So the SQL query would be:  SELECT StudentID, COUNT(*) AS friend_count FROM (     SELECT StudentID FROM Friends     UNION ALL     SELECT FriendID FROM Friends ) GROUP BY StudentID;  But this requires a subquery to combine both columns. However, if the Friends table is structured such that each row represents a friendship between two students (so each student is in the StudentID column once per friend), then perhaps the correct approach is to group by StudentID and count the number of FriendID entries. For example, if the Friends table has StudentID and FriendID, and each row represents a friendship from StudentID to FriendID, then the count would be:  SELECT StudentID, COUNT(FriendID) AS friend_count FROM Friends GROUP BY StudentID;  But this would only count the outgoing friendships. If the table is designed to have each friendship stored once (e.g., A is friends with B, stored as (A,B)), then the count would be the number of friends each student has. However, if the friendship is mutual, then the reverse (B,A) would also exist, and the count would be correct. But if the table only has one entry per friendship, then the count would be the number of friends each student has.   Given the ambiguity, the most straightforward answer that the user might expect is grouping by Student"
network_1,Show the names of high school students and their corresponding number of friends.,"SELECT T2.name ,  count(*) FROM Friend AS T1 JOIN Highschooler AS T2 ON T1.student_id  =  T2.id GROUP BY T1.student_id","SELECT name, (SELECT COUNT(*) FROM friendships WHERE friendships.user_id = students.id) AS friend_count FROM students WHERE school_level = 'High School';"
network_1,What are the names of the high schoolers and how many friends does each have?,"SELECT T2.name ,  count(*) FROM Friend AS T1 JOIN Highschooler AS T2 ON T1.student_id  =  T2.id GROUP BY T1.student_id","<think> Okay, let's see. The user is asking for the names of high schoolers and the number of friends each has. Since the database schema isn't provided, I have to rely on intuition based on typical names.  First, I need to figure out what tables might exist. Usually, for such a query, there might be a table for students or high schoolers. Let's assume there's a table called 'Highschooler' or 'Student'. Common columns could be 'name', 'id', and maybe a 'friends' table that lists relationships.  If there's a 'Friends' table, it might have pairs of student IDs indicating friendships. For example, each row could represent a friendship between two students. But since each friendship is likely stored once (like as a pair where student1 and student2 are friends), we need to count how many friends each student has.  Wait, but if the Friends table has entries for each direction (like if A is friends with B and B is friends with A), we might have duplicates. However, typically, such tables are designed to store each friendship once, maybe with student1 < student2 to avoid duplicates. But without knowing the schema, it's tricky.  Assuming the Friends table has two columns, say 'ID1' and 'ID2', representing mutual friendships. To count the number of friends for each student, we can count how many times their ID appears in both columns. So for each student, the total friends would be the sum of their occurrences in ID1 and ID2.  But if the Friends table is structured such that each friendship is listed once, then each student's friend count is the number of times they appear in either column. So, to get the count, we can do a UNION of both columns and then count.  Alternatively, maybe there's a 'Friends' table where each student's friends are listed in a single column. But that's less likely. The standard approach is to have two columns for mutual relationships.  So, assuming the Highschooler table has 'ID' and 'Name', and Friends has 'ID1' and 'ID2', the SQL query would need to join the Highschooler table with the Friends table twice (once for each ID column) and count the total friends.  But since the user wants the count per high schooler, the query would look like this: select each student's name, then count the number of friends by counting the number of rows where their ID is in either ID1 or ID2. However, if we do a UNION of ID1 and ID2, then group by student ID, that would give the total friends.  So the SQL would be something like:  SELECT h.name, COUNT(*) AS friend_count FROM Highschooler h JOIN (     SELECT ID1 AS student_id FROM Friends     UNION ALL     SELECT ID2 AS student_id FROM Friends ) f ON h.ID = f.student_id GROUP BY h.ID;  But wait, using UNION ALL would count both directions, which is correct if each friendship is stored once. For example, if a student is in ID1 once and ID2 once (if they have two friends), but actually, each friendship is stored once. Let me think again. Suppose student A has friends B and C. The Friends table would have (A,B) and (A,C) if it's a one-way relationship, but usually, it's mutual. So if the Friends table stores each friendship once, like (A,B), then both A and B are friends. So to count the number of friends, each student's ID appears once in ID1 or ID2. Therefore, to get all friends for each student, we need to count how many times their ID appears in either column.  So the subquery that combines both ID1 and ID2 into a single column, then group by student_id and count. But in the query above, the subquery is combining ID1 and ID2, then joining with Highschooler to get the name, then grouping by h.ID.  Alternatively, maybe the Friends table is structured as a list where each friendship is represented once, so each student's friend count is the number of times they appear in either column. So the total friends for a student is (number of times in ID1 + number of times in ID2). But since each friendship is mutual, each occurrence in ID1 corresponds to a mutual occurrence in ID2. However, if the table is designed to have each friendship stored once, then for each friendship between A and B, A is in ID1 and B in ID2, or vice versa. So to count the total friends, each student's ID appears once in either ID1 or ID2 for each friend. Wait, no. If the table is structured with each row representing a mutual friendship, then each row represents two friends. So for a student, the number of friends would be the number of rows where they are in ID1 or ID2. But since each friendship is represented once, the total friends for a student is the count of rows where their ID is in either column.  So the correct approach is to take all the student IDs from both columns, then group by student ID and count. That's why the subquery with UNION ALL is used. Because each occurrence in ID1 or ID2 represents a friend relationship. However, if the Friends table is designed with student_id and friend_id columns, then it's easier. But since the schema isn't given, I have to assume the standard approach.  Therefore, the SQL query would involve joining the Highschooler table with a combined list of all friends from both columns, then grouping by the student's ID to count the number of friends.  So putting it all together, the SQL would be:  SELECT h.name, COUNT(*) AS friend_count FROM Highschooler h LEFT JOIN Friends f1 ON h.ID = f1.ID1 LEFT JOIN Friends f2 ON h.ID = f2.ID2 GROUP BY h.ID;  Wait, but that would count the number of friends as (number of rows in f1 where h is ID1) plus (number of rows in f2 where h is ID2). But if the Friends table is structured so that each friendship is stored once, then for each friendship between A and B, A is in ID1 and B in ID2. So for student A, they would have a row in f1 where ID1 is A and B is ID2. For student B, they would have a row in f2 where ID2 is B and A is ID1. So when grouping by h.ID, the total friends would be the sum of the two joins. But that would double count if a student is friends with multiple people. Wait, no. Let me think again. If we do a LEFT JOIN on both f1 and f2, then for each student, the number of rows would be the number of friends they have as ID1 plus the number as ID2. But since each friendship is stored once, each friend of the student would appear once in either ID1 or ID2. However, if the student has multiple friends, this would sum the counts. But actually, for each friend, the student's ID is in either ID1 or ID2 once. So the total friends would be the count of rows from both joins. But when you LEFT JOIN on f1 and f2, you might end up with multiple rows per student, and COUNT(*) would count all of them. However, if you do a LEFT JOIN on both, and then group by h.ID, COUNT(*) would give the total number of friends. But maybe that's not correct. For example, if a student has 3 friends, then in f1 they might have 3 rows where they are ID1, and 0 where they are ID2. Then the LEFT JOIN would give 3 rows from f1 and 0 from f2, so COUNT(*) would be 3. Which is correct. Alternatively, if they are in ID2 once, then COUNT(*) would be 1. But if the Friends table is structured so that each friendship is stored once, then each student's friends are in either ID1 or ID2. Therefore, joining on both and counting the total rows would give the correct friend count.  But another approach is to use a subquery that combines both ID1 and ID2 into a single column, then group by student_id. For example:  SELECT h.name, COUNT(*) AS friend_count FROM Highschooler h INNER JOIN (     SELECT ID1 AS student_id FROM Friends     UNION ALL     SELECT ID2 AS student_id FROM Friends ) AS all_friends ON h.ID = all_friends.student_id GROUP BY h.ID;  This way, all_friends contains all the student IDs from both columns, and each row represents a friend relationship. Then grouping by h.ID and counting gives the total friends. This approach is more accurate because it correctly combines both columns into a single list.  So the correct SQL would be using the subquery with UNION ALL. However, if there are students with no friends, the LEFT JOIN would include them with 0 friends. But the user's question doesn't specify whether to include those. Since the question is about ""how many friends does each have"", it's possible they want all high schoolers, even those with zero friends. So using LEFT JOIN instead of INNER JOIN would be better.  But in the initial example, the INNER JOIN would exclude students with no friends. So adjusting the query to use LEFT JOIN:  SELECT h.name, COUNT(all_friends.student_id) AS friend_count FROM Highschooler h LEFT JOIN (     SELECT ID1 AS student_id FROM Friends     UNION ALL     SELECT ID2 AS student_id FROM Friends ) AS all_friends ON h.ID = all_friends.student_id GROUP BY h.ID;  This way, even students with no friends will have a count of 0. The COUNT uses the student_id from the sub"
network_1,What is the name of the high schooler who has the greatest number of friends?,SELECT T2.name FROM Friend AS T1 JOIN Highschooler AS T2 ON T1.student_id  =  T2.id GROUP BY T1.student_id ORDER BY count(*) DESC LIMIT 1,SELECT name FROM HighSchooler GROUP BY ID ORDER BY COUNT(*) DESC LIMIT 1;
network_1,Return the name of the high school student with the most friends.,SELECT T2.name FROM Friend AS T1 JOIN Highschooler AS T2 ON T1.student_id  =  T2.id GROUP BY T1.student_id ORDER BY count(*) DESC LIMIT 1,"SELECT s.name FROM Students s JOIN (SELECT student_id, COUNT(*) AS friends FROM (SELECT student_id FROM Friends UNION ALL SELECT friend_id FROM Friends) GROUP BY student_id) f ON s.student_id = f.student_id WHERE s.grade BETWEEN 9 AND 12 ORDER BY friends DESC LIMIT 1;"
network_1,Show the names of high schoolers who have at least 3 friends.,SELECT T2.name FROM Friend AS T1 JOIN Highschooler AS T2 ON T1.student_id  =  T2.id GROUP BY T1.student_id HAVING count(*)  >=  3,SELECT Name FROM Highschooler WHERE ID IN (SELECT FriendID FROM (SELECT ID1 AS FriendID FROM Friend UNION ALL SELECT ID2 AS FriendID FROM Friend) GROUP BY FriendID HAVING COUNT(*) >= 3)
network_1,What are the names of high schoolers who have 3 or more friends?,SELECT T2.name FROM Friend AS T1 JOIN Highschooler AS T2 ON T1.student_id  =  T2.id GROUP BY T1.student_id HAVING count(*)  >=  3,"<think> Okay, let's see. The user is asking for the names of high schoolers who have 3 or more friends. Since the database schema isn't provided, I need to rely on intuition based on typical names.  First, I should assume there's a table that stores information about high school students and their friends. Common table names might be something like 'Friends', 'Students', or 'HighSchoolers'. Let's think about the structure. If there's a 'Friends' table, it might have columns like 'student_id', 'friend_id', and maybe 'name'. Alternatively, there could be a 'Students' table with 'id' and 'name', and a separate 'Friendships' table that links students to their friends.  Assuming a common setup, maybe there's a 'Friendships' table where each row represents a friendship between two students. The table might have 'student1_id' and 'student2_id' to represent mutual friendships. However, sometimes friendships are stored as one-directional, like 'student_id' and 'friend_id', which could lead to duplicates if both students add each other. But for counting friends, it's more likely that each friendship is stored once, so we need to count how many friends each student has.  Wait, if the table is structured with 'student_id' and 'friend_id', then each friendship is a one-way relationship. But in reality, friendships are mutual. So maybe the table has each friendship listed twice, once for each direction. But if we want to count unique friends, we need to count distinct friends per student.  Alternatively, if the table is structured such that each friendship is stored once, with two columns, then we need to count both students as having a friend. For example, if there's a row where student A is friends with student B, then both A and B have each other as friends. So in that case, to count the number of friends each student has, we need to consider both columns.  But without knowing the schema, I have to make assumptions. Let's assume there's a table called 'Friends' with columns 'student_id' and 'friend_id', representing that a student has a friend. Each row is a one-way friendship, but in reality, when two students befriend each other, there might be two rows (A->B and B->A). However, if the data is stored that way, then counting the number of friends would involve counting all entries for each student. But if the data is stored as mutual friendships with each pair only once, then we need to count both directions.  Alternatively, maybe the table is structured with each friendship as a single entry, and we need to count how many friends each student has by looking at both their own entries and their friends' entries. But this is getting complicated.  Another approach: Let's assume there's a table called 'HighSchoolers' with a 'name' column and an 'id' column. Then there's a 'Friendships' table with 'student_id' and 'friend_id' columns. Each row represents a friendship between two students. To find the number of friends each student has, we can count the number of times their id appears in either the 'student_id' or 'friend_id' columns. Wait, no—if the 'Friendships' table has each friendship as a single entry (e.g., student A is friends with student B, so there's one row with student_id=A and friend_id=B), then each student's friend count is the number of times they appear in the 'student_id' column plus the number of times they appear in the 'friend_id' column. But that would double-count if each friendship is stored once. Wait, no—if A and B are friends, then A is in the student_id column once, and B is in the friend_id column once. So for each friendship, each student is in one column. Therefore, to count the total friends for a student, we need to count how many times they appear in both columns. But that would be for each friendship they are part of. So for example, if student A has friends B and C, then there would be two rows where student_id is A, and maybe other rows where friend_id is A if others are friends with them. Wait, no—if the table is structured such that each row represents a friendship where the student (student_id) has a friend (friend_id), then to count all friends of a student, you need to count all entries where the student is in the student_id column. But that would miss the cases where others have them as friends. Wait, no—if the friendship is mutual, but stored as a single entry, then perhaps the table only has one entry per friendship. For example, if A is friends with B, there's one row where student_id is A and friend_id is B. But then B's friends would be in another row if it's stored that way. But that's not efficient. Typically, a friendship is mutual, so you might have a table where each friendship is stored once, and then you can count each student's friends by looking at both columns.  Alternatively, maybe the table is designed so that each friendship is represented once, and to get all friends of a student, you look at both columns. For example, if the table has a row (A, B), then A is friends with B and B is friends with A. But in reality, this would be stored as two rows (A,B) and (B,A) to represent the mutual relationship. However, if the table only has one row per friendship, then to count friends, you need to consider both columns.  This is getting a bit too complicated without knowing the actual schema. Since the user mentioned to base on intuition about names, perhaps the table is called 'Friends' with columns 'id1' and 'id2', representing two friends. Then, to count the number of friends for each student, you can count how many times their id appears in both columns.  Alternatively, maybe there's a 'Friends' table with 'student_id' and 'friend_id', and each friendship is stored once. Then, to count the number of friends each student has, you need to count how many times their id appears in the 'student_id' column. But that would only count one direction. However, if the data is stored such that each friendship is represented once, then the count would be half of the total entries. But this is unclear.  Given the uncertainty, perhaps the safest assumption is that there's a 'Friends' table where each row represents a friendship between two students, and each student's friends are listed in the 'friend_id' column. So, for example, if student A has friends B, C, D, then there are three rows where student_id is A and friend_id is B, C, D. Then, to find students with 3 or more friends, we can group by student_id and count the number of friends.  So the SQL query would be:  SELECT name FROM HighSchoolers WHERE id IN (SELECT student_id FROM Friends GROUP BY student_id HAVING COUNT(*) >= 3);  But wait, the 'HighSchoolers' table would have the names. So assuming there's a 'HighSchoolers' table with 'id' and 'name', and a 'Friends' table with 'student_id' and 'friend_id', then the correct approach is to count the number of friends per student in the Friends table, then join with HighSchoolers to get the names.  But if the Friends table only has one entry per friendship (e.g., A is friends with B, so one row), then the count would be incorrect if we just group by student_id. Because if A is friends with B, then B is also friends with A, but that's stored in another row. So perhaps the Friends table has each friendship as a single entry, and to count friends, we need to count all entries where the student is either in student_id or friend_id. Wait, no—if the table is structured such that each friendship is represented once, then for each friendship between A and B, there's one row. So to count the number of friends for each student, you need to count how many times they appear in either column. For example, if A is friends with B and C, then there are two rows: (A,B) and (A,C). Then, the count for A would be 2. But if the table is structured with each friendship as a single entry, then for mutual friendships, you need to count both directions. But this is getting too ambiguous.  Given the problem, the user wants the names of high schoolers with 3 or more friends. Assuming that there's a Friends table where each row represents a friendship between two students (so each friendship is stored once), and each student's friends are listed in the friend_id column, then the correct approach is to count the number of friends per student.  Alternatively, if the Friends table has each friendship as two entries (A,B and B,A), then grouping by student_id and counting would give the correct number of friends. But if it's stored once, then grouping by student_id would undercount.  Since the schema isn't provided, I'll proceed with the most common approach. Let's assume there's a Friends table with columns student_id and friend_id, where each row represents a friendship from student_id to friend_id. To count the number of friends each student has, we can group by student_id and count the number of friends. Then, join with the HighSchoolers table to get the names.  So the SQL query would be:  SELECT h.name FROM HighSchoolers h JOIN (SELECT student_id FROM Friends GROUP BY student_id HAVING COUNT(*) >= 3) f ON h.id = f.student_id;  But wait, the HighSchoolers table would have the student's id and name. So joining on the student_id from Friends with the id in HighSchoolers."
network_1,Show the names of all of the high schooler Kyle's friends.,"SELECT T3.name FROM Friend AS T1 JOIN Highschooler AS T2 ON T1.student_id  =  T2.id JOIN Highschooler AS T3 ON T1.friend_id  =  T3.id WHERE T2.name  =  ""Kyle""",SELECT h.name FROM Highschooler h JOIN Friends f ON h.id = f.friend_id WHERE f.student_id = (SELECT id FROM Highschooler WHERE name = 'Kyle')
network_1,Return the names of friends of the high school student Kyle.,"SELECT T3.name FROM Friend AS T1 JOIN Highschooler AS T2 ON T1.student_id  =  T2.id JOIN Highschooler AS T3 ON T1.friend_id  =  T3.id WHERE T2.name  =  ""Kyle""",SELECT name FROM students WHERE id IN (SELECT friend_id FROM friends WHERE user_id = (SELECT id FROM students WHERE name = 'Kyle' AND high_school = 1) UNION SELECT user_id FROM friends WHERE friend_id = (SELECT id FROM students WHERE name = 'Kyle' AND high_school = 1))
network_1,How many friends does the high school student Kyle have?,"SELECT count(*) FROM Friend AS T1 JOIN Highschooler AS T2 ON T1.student_id  =  T2.id WHERE T2.name  =  ""Kyle""",SELECT COUNT(*) FROM friends WHERE user_id = (SELECT id FROM users WHERE name = 'Kyle' AND school_level = 'high school')
network_1,Count the number of friends Kyle has.,"SELECT count(*) FROM Friend AS T1 JOIN Highschooler AS T2 ON T1.student_id  =  T2.id WHERE T2.name  =  ""Kyle""",SELECT (SELECT COUNT(*) FROM friends WHERE user_id = (SELECT id FROM users WHERE username = 'Kyle')) + (SELECT COUNT(*) FROM friends WHERE friend_id = (SELECT id FROM users WHERE username = 'Kyle') AND user_id != (SELECT id FROM users WHERE username = 'Kyle'));
network_1,Show ids of all students who do not have any friends.,SELECT id FROM Highschooler EXCEPT SELECT student_id FROM Friend,SELECT s.id FROM students s LEFT JOIN friends f ON s.id = f.student_id WHERE f.student_id IS NULL;
network_1,What are the ids of high school students who do not have friends?,SELECT id FROM Highschooler EXCEPT SELECT student_id FROM Friend,SELECT ID FROM Highschoolers WHERE ID NOT IN (SELECT ID1 FROM Friends UNION SELECT ID2 FROM Friends);
network_1,Show names of all high school students who do not have any friends.,SELECT name FROM Highschooler EXCEPT SELECT T2.name FROM Friend AS T1 JOIN Highschooler AS T2 ON T1.student_id  =  T2.id,SELECT name FROM students WHERE id NOT IN (SELECT student_id FROM friends UNION SELECT friend_id FROM friends);
network_1,What are the names of students who have no friends?,SELECT name FROM Highschooler EXCEPT SELECT T2.name FROM Friend AS T1 JOIN Highschooler AS T2 ON T1.student_id  =  T2.id,SELECT Name FROM Students WHERE StudentID NOT IN (SELECT Friend1ID FROM Friends UNION SELECT Friend2ID FROM Friends);
network_1,Show the ids of high schoolers who have friends and are also liked by someone else.,SELECT student_id FROM Friend INTERSECT SELECT liked_id FROM Likes,SELECT id FROM Highschooler WHERE id IN (SELECT person1 FROM Friend UNION SELECT person2 FROM Friend) AND id IN (SELECT likee FROM Like WHERE liker != likee);
network_1,What are the ids of students who both have friends and are liked?,SELECT student_id FROM Friend INTERSECT SELECT liked_id FROM Likes,SELECT student_id FROM friends INTERSECT SELECT student_id FROM likes;
network_1,Show name of all students who have some friends and also are liked by someone else.,SELECT T2.name FROM Friend AS T1 JOIN Highschooler AS T2 ON T1.student_id  =  T2.id INTERSECT SELECT T2.name FROM Likes AS T1 JOIN Highschooler AS T2 ON T1.liked_id  =  T2.id,SELECT s.Name FROM Students s WHERE s.StudentID IN (SELECT Student1ID FROM Friends UNION SELECT Student2ID FROM Friends) AND s.StudentID IN (SELECT LikeeID FROM Likes);
network_1,What are the names of high schoolers who both have friends and are liked?,SELECT T2.name FROM Friend AS T1 JOIN Highschooler AS T2 ON T1.student_id  =  T2.id INTERSECT SELECT T2.name FROM Likes AS T1 JOIN Highschooler AS T2 ON T1.liked_id  =  T2.id,"<think> Okay, let's see. The user is asking for the names of high schoolers who both have friends and are liked. Hmm, since the database schema isn't provided, I need to rely on intuition based on the names.  First, I should think about what tables might exist. Typically, for such a question, there might be a table for students, maybe a friends table, and a likes table. Let's assume there's a Friends table that records friendships and a Likes table where someone likes another person.  The Friends table might have columns like person1 and person2, representing mutual friendships. The Likes table could have a liker and a likee. But the question is about high schoolers who have friends and are liked. Wait, ""are liked"" probably means that someone likes them. So, the student should appear in the Friends table (indicating they have friends) and also appear in the Likes table as the likee (indicating someone likes them).  But how to structure the SQL query? Let's assume there's a Students table with a name column. But maybe the Friends and Likes tables have student IDs. Wait, but if the schema isn't given, maybe the tables directly use names? That's less likely, but possible. Alternatively, maybe the Friends and Likes tables have student IDs, and there's a Students table with names.  But since the schema isn't provided, I have to make assumptions. Let's proceed with the following assumptions:  - There is a Friends table with columns friend1 and friend2 (representing mutual friendships between two students). - There is a Likes table with columns liker and likee (representing that liker likes likee). - There is a Students table with student IDs and names, but maybe the Friends and Likes tables use student IDs.  But since the user wants the names, perhaps the query needs to join with the Students table. However, without knowing the exact schema, maybe the Friends and Likes tables directly contain names. Alternatively, maybe the tables are structured such that the Friends table has a student and their friend, and the Likes table has a student who likes another.  Alternatively, maybe the Friends table is a list of friend relationships, and the Likes table is a list of who likes whom. The question is to find students who have at least one friend and are liked by someone.  Assuming that the Friends table has columns like person and friend, and the Likes table has liker and likee. Then, the student must appear in the Friends table (as either person or friend) and also appear in the Likes table as the likee.  So, the SQL query would need to select names from Students where their ID exists in Friends and also in Likes (as the likee). But without knowing the exact column names, this is tricky. Alternatively, if the Friends and Likes tables directly have names, then perhaps:  SELECT name FROM Students WHERE id IN (     SELECT friend1 FROM Friends     UNION     SELECT friend2 FROM Friends ) AND id IN (     SELECT likee FROM Likes );  But again, without knowing the schema, maybe the Friends table is structured with student1 and student2, and the Likes table with from_id and to_id. Alternatively, maybe the tables are named differently.  Alternatively, perhaps the user expects a query that finds students who are present in both the Friends and Likes tables. But since the question is about having friends (so appearing in Friends) and being liked (appearing in Likes as the likee), the SQL would need to find names that are in Friends and also in Likes as the likee.  But if the tables use student IDs, then joining with the Students table is necessary. However, since the schema isn't provided, maybe the tables directly use names. For example:  Friends table has columns student and friend. Likes table has columns liker and likee.  In that case, the query would be:  SELECT name FROM Students WHERE name IN (SELECT student FROM Friends UNION SELECT friend FROM Friends) AND name IN (SELECT likee FROM Likes);  But if there's no Students table, maybe the Friends and Likes tables contain the names directly. But that's unlikely. Alternatively, maybe the Friends and Likes tables have student IDs, and the Students table has names. But without knowing the exact column names, it's challenging.  Alternatively, perhaps the user expects a query that selects names from a table where they have entries in both Friends and Likes. Maybe the tables are structured such that Friends has a student_id and friend_id, and Likes has a liker_id and likee_id. Then, the query would need to join with Students to get the names.  But since the schema isn't provided, I have to make assumptions. Let's proceed with the following approach:  Assume there's a Friends table with columns person and friend, and a Likes table with columns person and liked_by. Then, the students who have friends are those who appear in either person or friend columns in Friends. The students who are liked are those who appear in the person column of Likes.  But the question is about students who both have friends (appear in Friends) and are liked (appear in Likes as the person being liked). So, the SQL query would select names where they are present in Friends and also in Likes.  But without knowing the exact table and column names, perhaps the intended answer is something like:  SELECT name FROM Students WHERE name IN (SELECT friend1 FROM Friends UNION SELECT friend2 FROM Friends) AND name IN (SELECT likee FROM Likes);  Alternatively, if the Friends table is called Friends and has columns friend1 and friend2, and the Likes table has columns liker and likee, then the query would be as above.  But since the user wants the SQL code in a single line, and without knowing the exact schema, perhaps the answer is:  SELECT name FROM Students WHERE name IN (SELECT friend1 FROM Friends UNION SELECT friend2 FROM Friends) AND name IN (SELECT likee FROM Likes);  But if there's no Students table, maybe the Friends and Likes tables have the names directly. For example, if the Friends table has columns student and friend, and the Likes table has columns student and liked_by, then:  SELECT friend FROM Friends INTERSECT SELECT likee FROM Likes;  But the user wants names of high schoolers who both have friends and are liked. So, the friends part could be either as a friend1 or friend2 in Friends. The liked part is being in the likee column of Likes.  Alternatively, maybe the correct approach is to find students who have at least one friend (appear in Friends) and are liked by someone (appear in Likes as the likee). So, using INTERSECT between those two sets.  So, the SQL could be:  SELECT friend1 AS name FROM Friends UNION SELECT friend2 AS name FROM Friends INTERSECT SELECT likee AS name FROM Likes;  But INTERSECT has higher precedence than UNION, so parentheses might be needed. Wait, no, the correct way would be:  (SELECT friend1 AS name FROM Friends UNION SELECT friend2 AS name FROM Friends) INTERSECT (SELECT likee AS name FROM Likes);  But if the tables are structured with student IDs, then we need to join with Students to get the names. However, without knowing the schema, perhaps the answer is expected to use the tables as if they have names directly.  Given the uncertainty, but trying to make an educated guess, the SQL query would select names that are present in both the Friends table (as either friend1 or friend2) and the Likes table as likee. Assuming the tables have columns friend1, friend2 in Friends and liker, likee in Likes.  So, the final SQL query would be:  SELECT name FROM Students WHERE name IN (SELECT friend1 FROM Friends UNION SELECT friend2 FROM Friends) AND name IN (SELECT likee FROM Likes);  But if there's no Students table, maybe the Friends and Likes tables have the names. For example, if the Friends table has columns person and friend, then:  SELECT person FROM Friends INTERSECT SELECT likee FROM Likes;  But the question says ""high schoolers who both have friends and are liked"". So, having friends means they are in a friendship (either as person or friend in Friends), and being liked means someone likes them (they are in the likee column of Likes).  Therefore, the correct approach is to get all unique names from Friends (as either side) and intersect with those who are in Likes as likee.  Assuming that the Friends table has columns student and friend, then:  SELECT student AS name FROM Friends UNION SELECT friend AS name FROM Friends INTERSECT SELECT likee AS name FROM Likes;  But again, without knowing the exact column names, this is tricky. Given the ambiguity, the most probable answer expected is using INTERSECT between friends and likes. So, perhaps:  SELECT name FROM (SELECT friend1 AS name FROM Friends UNION SELECT friend2 FROM Friends) INTERSECT SELECT likee AS name FROM Likes;  But if the tables are named differently, maybe the answer is:  SELECT name FROM Students WHERE EXISTS (SELECT 1 FROM Friends WHERE Students.id = Friends.friend1 OR Students.id = Friends.friend2) AND EXISTS (SELECT 1 FROM Likes WHERE Students.id = Likes.likee);  But again, without knowing the schema, it's hard. Given the user's question and the need to return a single line SQL, the most likely answer is using INTERSECT between the friends and likes. So, the SQL would be:  SELECT name FROM Students WHERE name IN (SELECT friend1 FROM Friends UNION SELECT friend2 FROM Friends) INTERSECT SELECT name FROM Students WHERE name IN (SELECT likee FROM Likes);  But INTERSECT is used to combine two SELECTs. So, combining the two conditions with INTERSECT:  SELECT name FROM (SELECT friend1 AS name FROM Friends UNION SELECT friend2 FROM Friends) INTERSECT SELECT likee AS name FROM Likes;  But if the tables don't have a Students table, maybe:  SELECT friend1"
network_1,Count the number of likes for each student id.,"SELECT student_id ,  count(*) FROM Likes GROUP BY student_id","SELECT student_id, COUNT(*) AS num_likes FROM likes GROUP BY student_id;"
network_1,How many likes correspond to each student id?,"SELECT student_id ,  count(*) FROM Likes GROUP BY student_id","SELECT student_id, COUNT(*) FROM likes GROUP BY student_id;"
network_1,"Show the names of high schoolers who have likes, and numbers of likes for each.","SELECT T2.name ,  count(*) FROM Likes AS T1 JOIN Highschooler AS T2 ON T1.student_id  =  T2.id GROUP BY T1.student_id","SELECT name, COUNT(*) FROM highschoolers JOIN likes ON highschoolers.id = likes.student_id GROUP BY highschoolers.id;"
network_1,"What are the names of high schoolers who have likes, and how many likes does each have?","SELECT T2.name ,  count(*) FROM Likes AS T1 JOIN Highschooler AS T2 ON T1.student_id  =  T2.id GROUP BY T1.student_id","SELECT name, (SELECT COUNT(*) FROM likes WHERE likes.student_id = highschoolers.id) FROM highschoolers WHERE (SELECT COUNT(*) FROM likes WHERE likes.student_id = highschoolers.id) > 0;"
network_1,What is the name of the high schooler who has the greatest number of likes?,SELECT T2.name FROM Likes AS T1 JOIN Highschooler AS T2 ON T1.student_id  =  T2.id GROUP BY T1.student_id ORDER BY count(*) DESC LIMIT 1,"SELECT name FROM highschooler JOIN (SELECT to_id, COUNT(*) AS likes_count FROM likes GROUP BY to_id ORDER BY likes_count DESC LIMIT 1) AS max_likes ON highschooler.id = max_likes.to_id;"
network_1,Give the name of the student with the most likes.,SELECT T2.name FROM Likes AS T1 JOIN Highschooler AS T2 ON T1.student_id  =  T2.id GROUP BY T1.student_id ORDER BY count(*) DESC LIMIT 1,SELECT name FROM students ORDER BY likes DESC LIMIT 1;
network_1,Show the names of students who have at least 2 likes.,SELECT T2.name FROM Likes AS T1 JOIN Highschooler AS T2 ON T1.student_id  =  T2.id GROUP BY T1.student_id HAVING count(*)  >=  2,SELECT name FROM students GROUP BY name HAVING COUNT(*) >= 2;
network_1,What are the names of students who have 2 or more likes?,SELECT T2.name FROM Likes AS T1 JOIN Highschooler AS T2 ON T1.student_id  =  T2.id GROUP BY T1.student_id HAVING count(*)  >=  2,SELECT Name FROM Students WHERE (SELECT COUNT(*) FROM Likes WHERE Likes.StudentID = Students.StudentID) >= 2;
network_1,Show the names of students who have a grade higher than 5 and have at least 2 friends.,SELECT T2.name FROM Friend AS T1 JOIN Highschooler AS T2 ON T1.student_id  =  T2.id WHERE T2.grade  >  5 GROUP BY T1.student_id HAVING count(*)  >=  2,"<think> Okay, let's see. The user wants the names of students who have a grade higher than 5 and at least 2 friends. Since the schema isn't provided, I have to guess based on typical table structures.  First, I need to assume there's a students table. Maybe it has columns like student_id, name, grade. Then, for friends, there might be a friends table. Usually, friends tables have pairs of student IDs indicating friendships. Each row might represent a friendship between two students. So, to find students with at least 2 friends, I need to count how many entries each student has in the friends table.  Wait, but if each friendship is stored as two entries (like (A,B) and (B,A)), then counting might double count. Or maybe it's stored as a single entry. Hmm. The user says ""at least 2 friends,"" so I need to count the number of friends per student. Assuming the friends table has student_id and friend_id, maybe in separate columns. So for each student, the number of friends is the count of rows where they are either the student_id or friend_id? Or maybe it's one-way, like each row is a friendship where student_id is friends with friend_id. In that case, we need to count how many friends each student has by looking at both directions.  Alternatively, maybe the friends table is structured with student_id and friend_id as two columns, and each friendship is stored once. For example, if Alice is friends with Bob, there's a row (Alice, Bob), but not (Bob, Alice). Then, to count friends, we need to count all rows where student_id is the student, and maybe also consider those where they are the friend_id in another row. Wait, but if the table is structured so that each friendship is stored once, then to get the total friends for a student, we need to count how many times their ID appears in either student_id or friend_id columns. But that depends on the schema.  Alternatively, maybe the friends table is a many-to-many relationship, but since a friendship is bidirectional, perhaps each row represents a mutual friendship. So, if student A is friends with student B, there's one row. So to count friends for a student, we need to count how many times they appear in either column. For example, if the table has columns student1_id and student2_id, then each student's friends would be the count of rows where they are in either column. But without knowing the exact schema, this is tricky.  Given that, I'll make some assumptions. Let's assume there's a students table with student_id, name, grade. And a friends table with student_id and friend_id, where each row represents a friendship from a student to another. So, for example, if Alice is friends with Bob, there's a row (Alice's ID, Bob's ID). But Bob's friends would have a row (Bob's ID, Alice's ID) if it's mutual. But maybe the table is designed such that each friendship is stored once, but we need to count both directions. Alternatively, maybe the friends table is structured so that each student's friends are listed in friend_id, and the student_id is the owner of the list. In that case, to count the number of friends, we just count the number of rows per student_id.  But the problem is that if the friendship is mutual, then each friendship would be stored twice. For example, Alice's friends include Bob, and Bob's friends include Alice. So if we count the number of rows in friends where student_id is the student, that would count each friendship once. But if the table is designed to have each friendship stored once, then we need to count how many times the student appears in either column.  Since the schema isn't given, I have to make a best guess. Let's proceed with the assumption that the friends table has student_id and friend_id, and each friendship is stored once. Therefore, to find the number of friends for a student, we need to count how many times they appear in either student_id or friend_id. However, that might complicate the query. Alternatively, maybe the friends table is structured such that each student's friends are listed in friend_id, and the student_id is the same for all entries in a group. But that's less likely.  Alternatively, perhaps the friends table is a junction table for a many-to-many relationship, with student1_id and student2_id. Each friendship is stored once. So, for each friendship between A and B, there's a row with student1_id and student2_id. Then, to count the number of friends for a student, we need to count how many rows have either student1_id or student2_id equal to the student's ID.  In that case, the query would involve joining the students table with the friends table twice, once for each column. But since we need to count the total friends, we can do a UNION of both columns and then count.  But without knowing the exact schema, this is challenging. Let's proceed with the most common approach. Let's assume that the friends table has two columns: student_id and friend_id. Each row represents that a student (student_id) is friends with another student (friend_id). Therefore, to count the number of friends for each student, we can count the number of rows where student_id is the student, and also count the number of rows where friend_id is the student (if the friendship is mutual). Wait, but if the table is designed such that each friendship is stored once, then perhaps we need to count both directions. For example, if Alice is friends with Bob, there's a row (Alice, Bob). To count Alice's friends, we look at rows where student_id is Alice. To count Bob's friends, we look at rows where friend_id is Bob. But that would imply that the friendship is one-way. However, in reality, friendships are mutual, so the table should have both entries. But if the table is designed to store each friendship once, then we need to count both columns.  This is getting complicated. Let's simplify. Let's assume that the friends table has two columns: student_id and friend_id, and each friendship is stored once. Therefore, to find the total number of friends for a student, we need to count how many times they appear in either column. For example, if a student is in student_id column N times and in friend_id column M times, their total friends are N + M. But that's not correct because if the friendship is mutual, each entry would be stored once. Wait, no. If the table is designed to have each friendship stored once, then for a student A with friends B, C, D, there would be rows (A,B), (A,C), (A,D). So to count friends for A, we count the number of rows where student_id is A. If the table is designed that way, then the count is straightforward. However, if the table is designed to have mutual friendships stored once, like (A,B) and (B,A), then we need to count both. But that's redundant. So perhaps the friends table is structured such that each friendship is stored once, and each row represents a mutual friendship between two students. In that case, to count the number of friends for a student, we need to count how many rows have either student1_id or student2_id equal to the student's ID. But since each friendship is stored once, each row contributes to two friends. However, when counting friends, we need to count each row once per student. For example, if the row is (A,B), then A has B as a friend, and B has A as a friend. So for each row, two entries are added to the friend count. Therefore, to count the total friends for a student, we need to count how many rows have the student in either column.  Given that, the query would involve selecting from the friends table, grouping by student_id, and counting how many times they appear in either column. But how to structure that in SQL?  Alternatively, perhaps the friends table is structured with student_id and friend_id, and each friendship is stored once. So, for example, if Alice is friends with Bob, there's a row (Alice, Bob). Then, to count the number of friends for each student, we can count the number of rows where student_id is the student, plus the number of rows where friend_id is the student. Wait, but that would count both directions. However, if the friendship is stored only once, then for each friendship between A and B, there's one row. So if the table is designed such that each row represents a mutual friendship, then to count the total friends for a student, we need to count how many times they appear in either column. For example, if a student is in the student_id column N times and in the friend_id column M times, their total friends are N + M. But that's not correct because each friendship is stored once. For example, if the row is (A,B), then A's friends include B, and B's friends include A. So for each row, two entries are added to the friend count. But if the table is designed to have each friendship stored once, then the count for each student would be the number of rows where they are in either column. However, that would count each friendship twice (once for each student). Wait, no. If the row is (A,B), then A has B as a friend, and B has A as a friend. So for each row, each student's friend count increases by 1. Therefore, to count the total friends for a student, we need to count how many rows have the student in either column. But that would count each friendship once for each student. For example, if the row is (A,B),"
network_1,What are the names of high schoolers who have a grade of over 5 and have 2 or more friends?,SELECT T2.name FROM Friend AS T1 JOIN Highschooler AS T2 ON T1.student_id  =  T2.id WHERE T2.grade  >  5 GROUP BY T1.student_id HAVING count(*)  >=  2,"<think> Okay, let's see. The user is asking for the names of high schoolers who have a grade over 5 and have 2 or more friends. Since the database schema isn't provided, I need to make some assumptions based on typical table structures.  First, I need to think about possible table names and columns. Usually, there might be a table for students, maybe called 'HighSchoolers' or 'Students'. Each student would have a name, a grade, and some identifier like an ID. For friends, there might be a 'Friends' table that links student IDs.   Assuming the 'HighSchoolers' table has columns like 'name', 'grade', and 'id'. The 'Friends' table might have 'student_id' and 'friend_id' to represent relationships. Since a student can have multiple friends, the Friends table would have entries for each friendship.   To find students with 2 or more friends, I need to count how many friends each student has. That would involve joining the HighSchoolers table with the Friends table on the student's ID. Then, group by the student and count the number of friends. But wait, the Friends table might have mutual entries. For example, if student A is friends with student B, there might be entries (A, B) and (B, A). So, to avoid double-counting, maybe I should count distinct friends. But the user just says ""2 or more friends"", so perhaps the Friends table is structured such that each friendship is stored once, maybe only one direction. The problem is unclear, but I'll proceed with the assumption that each friendship is stored once, so to count the number of friends per student, I can count the number of entries where the student is in the 'student_id' column. Alternatively, if the Friends table is mutual, maybe we need to consider both columns. Hmm, this is a bit tricky without the schema.  Alternatively, maybe the Friends table is structured so that each friendship is listed once, but to get all friends for a student, you need to check both columns. For example, if student A is friends with B, there might be a row where student_id is A and friend_id is B, and another where student_id is B and friend_id is A. But that would double the count. Alternatively, maybe it's a one-way relationship, but the user probably wants the total number of friends regardless of direction.   Given the uncertainty, perhaps the safest approach is to consider that each friendship is stored once, and to count the number of friends each student has by looking at both their own entries and entries where others have them as friends. But that might complicate things. Alternatively, maybe the Friends table has a student_id and friend_id, and each friendship is stored once, so to get all friends for a student, you need to look in both columns. For example, if A is friends with B and C, there would be entries (A,B) and (A,C). Then, the count would be straightforward by counting the number of entries where student_id is the student's ID. But if the friendship is mutual, then each friendship is stored twice.   This is a common issue. Without knowing the schema, I have to make an assumption. Let's assume that the Friends table has a student_id and friend_id, and each friendship is stored once (i.e., only one entry per friendship, not mutual). Therefore, to count the number of friends a student has, we can count the number of rows where student_id is the student's ID. However, if the table includes both directions, then we might need to count both columns.   But since the user is asking for friends, it's possible that the Friends table is structured such that each student's friends are listed in the friend_id column. So, for example, if student A has friends B and C, there would be two rows where student_id is A and friend_id is B and C. Therefore, to count the number of friends, we can group by student_id and count the number of friend_id entries.   So, putting this together, the steps would be:  1. Join the HighSchoolers table with the Friends table on HighSchoolers.id = Friends.student_id. 2. Group by HighSchoolers.id. 3. Having count(Friends.friend_id) >= 2. 4. Also, filter where HighSchoolers.grade > 5.  But wait, maybe the Friends table has a different structure. Another possibility is that there's a Friends table with two columns, like student1 and student2, representing mutual friendships. In that case, to count the number of friends, we would need to count how many times each student appears in both columns. For example, for each student, count the number of rows where student is in student1 or student2. Then, group by student and sum those counts. But this complicates the query.  Given the uncertainty, perhaps the most straightforward approach is to assume that the Friends table has a student_id and friend_id, and each friendship is stored once (i.e., one-way). However, the user probably wants mutual friendships, so maybe the table is designed such that each friendship is stored once, but when you want to find all friends of a student, you look at both student_id and friend_id. For example, if A is friends with B, then there's a row where student_id is A and friend_id is B, and another where student_id is B and friend_id is A. But that would double the count. Alternatively, maybe it's stored once, and to get all friends, you need to check both columns.   This is getting too complicated. Let's proceed with the simplest assumption: the Friends table has a student_id and friend_id, and each friendship is stored once. Therefore, to count the number of friends a student has, we can count the number of rows where student_id is the student's ID. However, if the student is in the friend_id column, that would be friends who have them as a friend. But if the friendship is mutual, then the count would be accurate. If not, then maybe not.   Given that the user is asking for ""friends"", it's likely that the Friends table is structured such that each friendship is stored once, and to get all friends of a student, you need to look in both columns. For example, if A is friends with B, then there's a row where student_id is A and friend_id is B, and another where student_id is B and friend_id is A. But that would mean that each friendship is stored twice, which is inefficient. Alternatively, maybe it's stored once, and to get all friends, you need to look in both columns.   In that case, the correct approach would be to count all instances where the student is either in the student_id or friend_id column, then group by student and count. For example, for each friendship, two entries exist. So, to count the number of friends, you need to consider both columns.   But without knowing the schema, this is speculative. Given that, perhaps the safest way is to assume that the Friends table has a student_id and friend_id, and each friendship is stored once. Therefore, to count the number of friends a student has, we can count the number of rows where student_id is the student's ID.   So, the SQL query would be:  SELECT h.name FROM HighSchoolers h JOIN Friends f ON h.id = f.student_id WHERE h.grade > 5 GROUP BY h.id HAVING COUNT(f.friend_id) >= 2;  But wait, if the Friends table has multiple entries for the same student, like multiple friends, then this would work. However, if the Friends table is structured such that each friendship is stored once, but the student's friends are in the friend_id column, then this approach is correct.   Another possibility is that the Friends table is a many-to-many table, but that's less likely.   Alternatively, maybe the Friends table is structured with two columns, student1 and student2, representing mutual friendships. In that case, to count the number of friends, you would need to count how many times each student appears in both columns. For example, for each student, count the number of rows where student is in student1 or student2, then subtract 1 if they are friends with themselves (unlikely).   In that case, the query would be more complex. For example:  SELECT name FROM HighSchoolers h JOIN (     SELECT student1 AS student_id, COUNT(*) AS friend_count     FROM Friends     GROUP BY student1     HAVING COUNT(*) >= 2     UNION ALL     SELECT student2 AS student_id, COUNT(*) AS friend_count     FROM Friends     GROUP BY student2     HAVING COUNT(*) >= 2 ) f ON h.id = f.student_id WHERE h.grade > 5;  But this is more complicated and depends on the schema. Since the user didn't provide the schema, I have to make an educated guess.   Given that the user is asking for friends, and the most common way to represent friendships in a database is with a table that has two columns (student_id and friend_id), where each row represents a one-way friendship. However, sometimes it's stored as mutual, with each friendship stored once.   Given the ambiguity, I'll proceed with the initial approach where the Friends table has student_id and friend_id, and each friendship is stored once. Therefore, the query would join HighSchoolers with Friends on student_id, filter by grade > 5, group by student, and count friends >= 2.   So the SQL would be:  SELECT h.name FROM HighSchoolers h JOIN Friends f ON h.id = f.student_id WHERE h.grade > 5 GROUP BY h.id HAVING COUNT(f.friend_id) >= 2;  But wait, what if a student has"
network_1,How many likes does Kyle have?,"SELECT count(*) FROM Likes AS T1 JOIN Highschooler AS T2 ON T1.student_id  =  T2.id WHERE T2.name  =  ""Kyle""",SELECT COUNT(*) FROM likes JOIN users ON likes.user_id = users.user_id WHERE users.name = 'Kyle';
network_1,Return the number of likes that the high schooler named Kyle has.,"SELECT count(*) FROM Likes AS T1 JOIN Highschooler AS T2 ON T1.student_id  =  T2.id WHERE T2.name  =  ""Kyle""",SELECT COUNT(*) FROM Likes JOIN Highschooler ON Likes.ID1 = Highschooler.ID WHERE Highschooler.name = 'Kyle';
network_1,Find the average grade of all students who have some friends.,SELECT avg(grade) FROM Highschooler WHERE id IN (SELECT T1.student_id FROM Friend AS T1 JOIN Highschooler AS T2 ON T1.student_id  =  T2.id),SELECT AVG(grade) FROM Students WHERE student_id IN (SELECT student_id FROM Friends UNION SELECT friend_id FROM Friends);
network_1,What is the average grade of students who have friends?,SELECT avg(grade) FROM Highschooler WHERE id IN (SELECT T1.student_id FROM Friend AS T1 JOIN Highschooler AS T2 ON T1.student_id  =  T2.id),SELECT AVG(s.grade) FROM Students s WHERE EXISTS (SELECT 1 FROM Friends f WHERE f.student_id = s.student_id);
network_1,Find the minimum grade of students who have no friends.,SELECT min(grade) FROM Highschooler WHERE id NOT IN (SELECT T1.student_id FROM Friend AS T1 JOIN Highschooler AS T2 ON T1.student_id  =  T2.id),"<think> Okay, let's see. The user wants to find the minimum grade of students who have no friends. Hmm, but the database schema isn't provided. I need to rely on intuition based on typical table names and columns.  First, I should think about possible tables. Usually, there might be a Students table, maybe a Friends table. The Students table could have columns like student_id, grade, and maybe other info. The Friends table might link two students as friends, perhaps with student_id and friend_id.  So, students with no friends would be those who don't appear in the Friends table as either a student or a friend. Wait, but how to check that? Maybe using a LEFT JOIN or a NOT EXISTS clause.  If I assume that the Friends table has pairs of friends, then a student with no friends would have no entries in Friends where they are either the student or the friend. But actually, each friendship might be represented in both directions, or maybe not. Hmm, maybe the Friends table has each pair once, like student1 and student2. So to find students with no friends, I need to find those who don't have any entries in Friends.  Alternatively, maybe the Friends table is structured such that each student's friends are listed. For example, student_id and friend_id. So for a student to have no friends, there should be no row in Friends where student_id is that student.  But if the Friends table is bidirectional, like if friendship is stored once (e.g., student1 and student2 are friends, but only one row exists), then checking for absence in either column might be needed.  But without knowing the schema, I have to make assumptions. Let's assume there's a Students table with student_id and grade, and a Friends table with student_id and friend_id. So, students with no friends would be those where there's no entry in Friends for their student_id.  So, the approach would be to select students who are not in the Friends table as either a student or a friend. Wait, but if the Friends table has each friendship as a single entry (e.g., student A is friends with B, so there's a row for A and B), then to find students with no friends, we need to check that there's no row where they are in either column.  But if the Friends table is structured with each student's friends, then maybe each student's friends are listed in friend_id. For example, student A has friend B, so there's a row (A, B), but not (B, A) unless it's stored that way. In that case, a student with no friends would have no rows where they are in the student_id column.  But this is all guesswork. Since the user says to base on intuition about names, perhaps the Friends table has a student_id and friend_id, and each friendship is stored once. So to find students with no friends, we need to check that there's no row where their student_id is in either column. Wait, no—if the Friends table is structured so that each row represents a friendship between two students, then each student would have their own entry. For example, if A is friends with B, there might be a row (A, B) and another (B, A), or maybe just one. But that's unclear.  Alternatively, maybe the Friends table is a list of all friends for each student. So for student A, there are multiple rows where friend_id is their friends. In that case, students with no friends would have no rows in Friends where student_id is them.  Given that, perhaps the correct approach is to find students where there is no entry in the Friends table for their student_id. So, using a LEFT JOIN between Students and Friends on Students.student_id = Friends.student_id, and checking where Friends.student_id is NULL. But that would only check if the student has no friends in their own row. But if the Friends table is structured differently, this might not work.  Alternatively, maybe the Friends table is a many-to-many relationship, but since friendship is mutual, perhaps each friendship is stored once. For example, a table with student1_id and student2_id. In that case, a student with no friends would have no entries where they are in either column. So, to find such students, we need to check that there's no row where their student_id is in student1_id or student2_id.  But again, without knowing the schema, this is tricky. Let's proceed with the assumption that there's a Students table with student_id and grade, and a Friends table with student_id and friend_id, where each row represents a friendship from a student to another. So, if a student has no friends, their student_id doesn't appear in the Friends table as either the student or the friend. Wait, no—if the Friends table is structured as (student_id, friend_id), then for a friendship between A and B, there might be two rows: (A, B) and (B, A). Or maybe just one. If it's just one, then checking for absence in both columns would be necessary.  But perhaps the Friends table is designed such that each student's friends are listed in friend_id. So, for student A, if they have friends B and C, there are two rows: (A, B) and (A, C). In this case, students with no friends would have no rows where their student_id is in the student_id column of Friends.  Therefore, to find students with no friends, we can select all students from Students where their student_id does not appear in the Friends table's student_id column. Then, from those students, find the minimum grade.  So the SQL query would be:  SELECT MIN(grade) FROM Students WHERE student_id NOT IN (SELECT student_id FROM Friends);  But wait, what if the Friends table has friend_id as the other person? Then, a student might have friends listed in friend_id, but their own student_id is in the student_id column. So, if a student has no friends, there are no rows where their student_id is in the student_id column of Friends.  Alternatively, if the Friends table is bidirectional, but stored as pairs, like (A, B) and (B, A), then checking for absence in either column would be needed. But that's more complex.  But given the uncertainty, the simplest approach is to assume that the Friends table has a student_id column that refers to the student, and their friends are listed in friend_id. Therefore, students with no friends would have no entries in Friends where their student_id is present.  So the query would be:  SELECT MIN(grade) FROM Students WHERE student_id NOT IN (SELECT student_id FROM Friends);  But maybe there's another possibility. For example, if the Friends table is a list of all friend relationships, and each friendship is represented once, like (A, B), then a student with no friends would not appear in either column. So, to find such students, we need to check that their student_id does not exist in either student1 or student2 columns of the Friends table.  In that case, the query would be:  SELECT MIN(grade) FROM Students s WHERE NOT EXISTS (SELECT 1 FROM Friends f WHERE f.student1_id = s.student_id OR f.student2_id = s.student_id);  But since the schema isn't provided, I have to make assumptions. The user mentioned that the schema wasn't provided, so I need to base on typical names.  Another possibility is that there's a Friends table with pairs, and each student's friends are listed. So, if a student has no friends, there are no rows where they are in either column. Therefore, the correct approach would be to find students who don't appear in any row of the Friends table.  But how to write that? Using a LEFT JOIN or NOT EXISTS.  Assuming the Friends table has two columns, friend1 and friend2 (or similar), then:  SELECT MIN(grade) FROM Students s WHERE NOT EXISTS (SELECT 1 FROM Friends f WHERE f.friend1 = s.student_id OR f.friend2 = s.student_id);  But again, without knowing the actual column names, this is guesswork.  Alternatively, if the Friends table is structured with student_id and friend_id, then the initial approach of checking if the student_id is not in Friends.student_id would work if each friendship is stored as two entries (A, B) and (B, A). But if it's stored as a single entry (A, B), then checking only student_id in Friends would miss students who are friends but not in the student_id column.  This is getting complicated. Given the uncertainty, perhaps the safest assumption is that the Friends table has a student_id column that directly references the student, and their friends are listed. Therefore, students with no friends are those not present in the Friends table's student_id column. Hence, the query would be:  SELECT MIN(grade) FROM Students WHERE student_id NOT IN (SELECT student_id FROM Friends);  But maybe there's a better way. Another approach is to use a LEFT JOIN between Students and Friends, and check for NULLs in the Friends side.  SELECT MIN(s.grade) FROM Students s LEFT JOIN Friends f ON s.student_id = f.student_id WHERE f.student_id IS NULL;  But this depends on the Friends table's structure. If the Friends table has a student_id column that directly links to the Students table, then this would work. However, if the Friends table is structured differently, this might not capture all cases.  Given the lack of schema information, I think the most straightforward answer is to assume that the Friends table has a student_id column, and students with no friends are those not present in that column. Therefore, the SQL query would select the minimum grade from Students where their student_id is not in Friends.  So the final SQL would be:  SELECT MIN(grade) FROM Students WHERE student_id NOT IN (SELECT student_id FROM Friends);"
network_1,What is the lowest grade of students who do not have any friends?,SELECT min(grade) FROM Highschooler WHERE id NOT IN (SELECT T1.student_id FROM Friend AS T1 JOIN Highschooler AS T2 ON T1.student_id  =  T2.id),SELECT MIN(grade) FROM students WHERE student_id NOT IN (SELECT student_id FROM friends) AND student_id NOT IN (SELECT friend_id FROM friends);
dog_kennels,Which states have both owners and professionals living there?,SELECT state FROM Owners INTERSECT SELECT state FROM Professionals,SELECT state FROM owners INTERSECT SELECT state FROM professionals;
dog_kennels,Find the states where both owners and professionals live.,SELECT state FROM Owners INTERSECT SELECT state FROM Professionals,SELECT state FROM owners INTERSECT SELECT state FROM professionals;
dog_kennels,What is the average age of the dogs who have gone through any treatments?,SELECT avg(age) FROM Dogs WHERE dog_id IN ( SELECT dog_id FROM Treatments ),SELECT AVG(dogs.age) FROM dogs WHERE dogs.dog_id IN (SELECT DISTINCT dog_id FROM treatments)
dog_kennels,Find the average age of the dogs who went through treatments.,SELECT avg(age) FROM Dogs WHERE dog_id IN ( SELECT dog_id FROM Treatments ),SELECT AVG(dogs.age) FROM dogs INNER JOIN treatments ON dogs.id = treatments.dog_id GROUP BY dogs.id;
dog_kennels,"Which professionals live in the state of Indiana or have done treatment on more than 2 treatments? List his or her id, last name and cell phone.","SELECT professional_id ,  last_name ,  cell_number FROM Professionals WHERE state  =  'Indiana' UNION SELECT T1.professional_id ,  T1.last_name ,  T1.cell_number FROM Professionals AS T1 JOIN Treatments AS T2 ON T1.professional_id  =  T2.professional_id GROUP BY T1.professional_id HAVING count(*)  >  2","SELECT id, last_name, cell_phone FROM (SELECT p.id, p.last_name, p.cell_phone, p.state, COUNT(t.treatment_id) AS treatment_count FROM professionals p LEFT JOIN treatments t ON p.id = t.professional_id GROUP BY p.id) WHERE state = 'Indiana' OR treatment_count > 2;"
dog_kennels,"Find the id, last name and cell phone of the professionals who live in the state of Indiana or have performed more than two treatments.","SELECT professional_id ,  last_name ,  cell_number FROM Professionals WHERE state  =  'Indiana' UNION SELECT T1.professional_id ,  T1.last_name ,  T1.cell_number FROM Professionals AS T1 JOIN Treatments AS T2 ON T1.professional_id  =  T2.professional_id GROUP BY T1.professional_id HAVING count(*)  >  2","SELECT id, last_name, cell_phone FROM (SELECT p.id, p.last_name, p.cell_phone, p.state, COUNT(t.id) AS treatment_count FROM professionals p LEFT JOIN treatments t ON p.id = t.professional_id GROUP BY p.id) WHERE state = 'Indiana' OR treatment_count > 2;"
dog_kennels,Which dogs have not cost their owner more than 1000 for treatment ? List the dog names .,select name from dogs where dog_id not in ( select dog_id from treatments group by dog_id having sum(cost_of_treatment)  >  1000 ),"SELECT name FROM dogs LEFT JOIN treatments ON dogs.id = treatments.dog_id GROUP BY dogs.id HAVING COALESCE(SUM(treatments.cost), 0) <= 1000;"
dog_kennels,What are the names of the dogs for which the owner has not spend more than 1000 for treatment ?,select name from dogs where dog_id not in ( select dog_id from treatments group by dog_id having sum(cost_of_treatment)  >  1000 ),SELECT name FROM dogs WHERE id NOT IN (SELECT dog_id FROM treatments GROUP BY dog_id HAVING SUM(cost) > 1000)
dog_kennels,Which first names are used for professionals or owners but are not used as dog names?,SELECT first_name FROM Professionals UNION SELECT first_name FROM Owners EXCEPT SELECT name FROM Dogs,SELECT first_name FROM (SELECT first_name FROM Owners UNION SELECT first_name FROM Professionals) EXCEPT SELECT name FROM Dogs;
dog_kennels,Find the first names that are used for professionals or owners but are not used as dog names.,SELECT first_name FROM Professionals UNION SELECT first_name FROM Owners EXCEPT SELECT name FROM Dogs,SELECT first_name FROM professionals UNION SELECT first_name FROM owners EXCEPT SELECT name FROM dogs;
dog_kennels,"Which professional did not operate any treatment on dogs? List the professional's id, role and email.","SELECT professional_id ,  role_code ,  email_address FROM Professionals EXCEPT SELECT T1.professional_id ,  T1.role_code ,  T1.email_address FROM Professionals AS T1 JOIN Treatments AS T2 ON T1.professional_id  =  T2.professional_id","SELECT id, role, email FROM Professionals WHERE id NOT IN (SELECT professional_id FROM Treatments WHERE animal_type = 'dog')"
dog_kennels,"Give me the id, role and email of the professionals who did not perform any treatment on dogs.","SELECT professional_id ,  role_code ,  email_address FROM Professionals EXCEPT SELECT T1.professional_id ,  T1.role_code ,  T1.email_address FROM Professionals AS T1 JOIN Treatments AS T2 ON T1.professional_id  =  T2.professional_id","SELECT id, role, email FROM professionals WHERE id NOT IN (SELECT professional_id FROM treatments WHERE animal_type = 'dog')"
dog_kennels,"Which owner owns the most dogs? List the owner id, first name and last name.","SELECT T1.owner_id ,  T2.first_name ,  T2.last_name FROM Dogs AS T1 JOIN Owners AS T2 ON T1.owner_id  =  T2.owner_id GROUP BY T1.owner_id ORDER BY count(*) DESC LIMIT 1","SELECT o.owner_id, o.first_name, o.last_name FROM owners o JOIN dogs d ON o.owner_id = d.owner_id GROUP BY o.owner_id ORDER BY COUNT(d.dog_id) DESC LIMIT 1;"
dog_kennels,"Return the owner id, first name and last name of the owner who has the most dogs.","SELECT T1.owner_id ,  T2.first_name ,  T2.last_name FROM Dogs AS T1 JOIN Owners AS T2 ON T1.owner_id  =  T2.owner_id GROUP BY T1.owner_id ORDER BY count(*) DESC LIMIT 1","SELECT o.owner_id, o.first_name, o.last_name FROM owners o JOIN dogs d ON o.owner_id = d.owner_id GROUP BY o.owner_id ORDER BY COUNT(d.dog_id) DESC LIMIT 1;"
dog_kennels,"Which professionals have done at least two treatments? List the professional's id, role, and first name.","SELECT T1.professional_id ,  T1.role_code ,  T1.first_name FROM Professionals AS T1 JOIN Treatments AS T2 ON T1.professional_id  =  T2.professional_id GROUP BY T1.professional_id HAVING count(*)  >=  2","SELECT p.id, p.role, p.first_name FROM Professionals p JOIN Treatments t ON p.id = t.professional_id GROUP BY p.id HAVING COUNT(t.id) >= 2;"
dog_kennels,"What are the id, role, and first name of the professionals who have performed two or more treatments?","SELECT T1.professional_id ,  T1.role_code ,  T1.first_name FROM Professionals AS T1 JOIN Treatments AS T2 ON T1.professional_id  =  T2.professional_id GROUP BY T1.professional_id HAVING count(*)  >=  2","SELECT p.id, p.role, p.first_name FROM professionals p JOIN treatments t ON p.id = t.professional_id GROUP BY p.id HAVING COUNT(*) >= 2;"
dog_kennels,What is the name of the breed with the most dogs?,SELECT T1.breed_name FROM Breeds AS T1 JOIN Dogs AS T2 ON T1.breed_code  =  T2.breed_code GROUP BY T1.breed_name ORDER BY count(*) DESC LIMIT 1,SELECT breed FROM dogs GROUP BY breed ORDER BY COUNT(*) DESC LIMIT 1;
dog_kennels,Which breed do the most dogs have? Give me the breed name.,SELECT T1.breed_name FROM Breeds AS T1 JOIN Dogs AS T2 ON T1.breed_code  =  T2.breed_code GROUP BY T1.breed_name ORDER BY count(*) DESC LIMIT 1,SELECT breed FROM dogs GROUP BY breed ORDER BY COUNT(*) DESC LIMIT 1;
dog_kennels,Which owner has paid for the most treatments on his or her dogs? List the owner id and last name.,"SELECT T1.owner_id ,  T1.last_name FROM Owners AS T1 JOIN Dogs AS T2 ON T1.owner_id  =  T2.owner_id JOIN Treatments AS T3 ON T2.dog_id  =  T3.dog_id GROUP BY T1.owner_id ORDER BY count(*) DESC LIMIT 1","SELECT o.owner_id, o.last_name FROM owners o JOIN dogs d ON o.owner_id = d.owner_id JOIN treatments t ON d.dog_id = t.dog_id GROUP BY o.owner_id ORDER BY SUM(t.cost) DESC LIMIT 1"
dog_kennels,Tell me the owner id and last name of the owner who spent the most on treatments of his or her dogs.,"SELECT T1.owner_id ,  T1.last_name FROM Owners AS T1 JOIN Dogs AS T2 ON T1.owner_id  =  T2.owner_id JOIN Treatments AS T3 ON T2.dog_id  =  T3.dog_id GROUP BY T1.owner_id ORDER BY count(*) DESC LIMIT 1","SELECT o.owner_id, o.last_name FROM owners o JOIN dogs d ON o.owner_id = d.owner_id JOIN treatments t ON d.dog_id = t.dog_id GROUP BY o.owner_id ORDER BY SUM(t.cost) DESC LIMIT 1"
dog_kennels,What is the description of the treatment type that costs the least money in total?,SELECT T1.treatment_type_description FROM Treatment_types AS T1 JOIN Treatments AS T2 ON T1.treatment_type_code  =  T2.treatment_type_code GROUP BY T1.treatment_type_code ORDER BY sum(cost_of_treatment) ASC LIMIT 1,SELECT description FROM treatment_types ORDER BY (SELECT SUM(cost) FROM treatments WHERE treatments.type_id = treatment_types.type_id) ASC LIMIT 1;
dog_kennels,Give me the description of the treatment type whose total cost is the lowest.,SELECT T1.treatment_type_description FROM Treatment_types AS T1 JOIN Treatments AS T2 ON T1.treatment_type_code  =  T2.treatment_type_code GROUP BY T1.treatment_type_code ORDER BY sum(cost_of_treatment) ASC LIMIT 1,SELECT description FROM treatment_types ORDER BY total_cost ASC LIMIT 1;
dog_kennels,Which owner has paid the largest amount of money in total for their dogs? Show the owner id and zip code.,"SELECT T1.owner_id ,  T1.zip_code FROM Owners AS T1 JOIN Dogs AS T2 ON T1.owner_id  =  T2.owner_id JOIN Treatments AS T3 ON T2.dog_id  =  T3.dog_id GROUP BY T1.owner_id ORDER BY sum(T3.cost_of_treatment) DESC LIMIT 1","SELECT o.owner_id, o.zip_code FROM owners o JOIN dogs d ON o.owner_id = d.owner_id JOIN payments p ON d.dog_id = p.dog_id GROUP BY o.owner_id ORDER BY SUM(p.amount) DESC LIMIT 1"
dog_kennels,Find the owner id and zip code of the owner who spent the most money in total for his or her dogs.,"SELECT T1.owner_id ,  T1.zip_code FROM Owners AS T1 JOIN Dogs AS T2 ON T1.owner_id  =  T2.owner_id JOIN Treatments AS T3 ON T2.dog_id  =  T3.dog_id GROUP BY T1.owner_id ORDER BY sum(T3.cost_of_treatment) DESC LIMIT 1","SELECT o.owner_id, o.zip_code FROM owners o JOIN dogs d ON o.owner_id = d.owner_id JOIN treatments t ON d.dog_id = t.dog_id GROUP BY o.owner_id ORDER BY SUM(t.amount) DESC LIMIT 1"
dog_kennels,Which professionals have done at least two types of treatments? List the professional id and cell phone.,"SELECT T1.professional_id ,  T1.cell_number FROM Professionals AS T1 JOIN Treatments AS T2 ON T1.professional_id  =  T2.professional_id GROUP BY T1.professional_id HAVING count(*)  >=  2","SELECT p.professional_id, p.cell_phone FROM Professionals p JOIN Treatments t ON p.professional_id = t.professional_id GROUP BY p.professional_id HAVING COUNT(DISTINCT t.treatment_type) >= 2;"
dog_kennels,Find the id and cell phone of the professionals who operate two or more types of treatments.,"SELECT T1.professional_id ,  T1.cell_number FROM Professionals AS T1 JOIN Treatments AS T2 ON T1.professional_id  =  T2.professional_id GROUP BY T1.professional_id HAVING count(*)  >=  2","SELECT id, cell_phone FROM professionals WHERE id IN (SELECT professional_id FROM treatments GROUP BY professional_id HAVING COUNT(DISTINCT treatment_type) >= 2);"
dog_kennels,What are the first name and last name of the professionals who have done treatment with cost below average?,"SELECT DISTINCT T1.first_name ,  T1.last_name FROM Professionals AS T1 JOIN Treatments AS T2 WHERE cost_of_treatment  <  ( SELECT avg(cost_of_treatment) FROM Treatments )","SELECT p.first_name, p.last_name FROM professionals p JOIN treatments t ON p.id = t.professional_id WHERE t.cost < (SELECT AVG(cost) FROM treatments) GROUP BY p.id;"
dog_kennels,Which professionals have operated a treatment that costs less than the average? Give me theor first names and last names.,"SELECT DISTINCT T1.first_name ,  T1.last_name FROM Professionals AS T1 JOIN Treatments AS T2 WHERE cost_of_treatment  <  ( SELECT avg(cost_of_treatment) FROM Treatments )","SELECT first_name, last_name FROM Professionals WHERE professional_id IN (SELECT professional_id FROM Treatments WHERE cost < (SELECT AVG(cost) FROM Treatments))"
dog_kennels,"List the date of each treatment, together with the first name of the professional who operated it.","SELECT T1.date_of_treatment ,  T2.first_name FROM Treatments AS T1 JOIN Professionals AS T2 ON T1.professional_id  =  T2.professional_id","SELECT treatments.date, professionals.first_name FROM treatments JOIN professionals ON treatments.professional_id = professionals.id;"
dog_kennels,What are the date and the operating professional's first name of each treatment?,"SELECT T1.date_of_treatment ,  T2.first_name FROM Treatments AS T1 JOIN Professionals AS T2 ON T1.professional_id  =  T2.professional_id","SELECT t.date, p.first_name FROM treatments t JOIN professionals p ON t.professional_id = p.id;"
dog_kennels,List the cost of each treatment and the corresponding treatment type description.,"SELECT T1.cost_of_treatment ,  T2.treatment_type_description FROM Treatments AS T1 JOIN treatment_types AS T2 ON T1.treatment_type_code  =  T2.treatment_type_code","SELECT t.cost, tt.description FROM treatments t INNER JOIN treatment_types tt ON t.treatment_type_id = tt.id;"
dog_kennels,What are the cost and treatment type description of each treatment?,"SELECT T1.cost_of_treatment ,  T2.treatment_type_description FROM Treatments AS T1 JOIN treatment_types AS T2 ON T1.treatment_type_code  =  T2.treatment_type_code","SELECT cost, treatment_type_description FROM treatments;"
dog_kennels,"List each owner's first name, last name, and the size of his for her dog.","SELECT T1.first_name ,  T1.last_name ,  T2.size_code FROM Owners AS T1 JOIN Dogs AS T2 ON T1.owner_id  =  T2.owner_id","SELECT o.first_name, o.last_name, d.size FROM owners o JOIN dogs d ON o.owner_id = d.owner_id;"
dog_kennels,"What are each owner's first name, last name, and the size of their dog?","SELECT T1.first_name ,  T1.last_name ,  T2.size_code FROM Owners AS T1 JOIN Dogs AS T2 ON T1.owner_id  =  T2.owner_id","SELECT owners.first_name, owners.last_name, dogs.size FROM owners JOIN dogs ON owners.owner_id = dogs.owner_id;"
dog_kennels,List pairs of the owner's first name and the dogs's name.,"SELECT T1.first_name ,  T2.name FROM Owners AS T1 JOIN Dogs AS T2 ON T1.owner_id  =  T2.owner_id","SELECT owners.first_name, dogs.name FROM owners INNER JOIN dogs ON owners.id = dogs.owner_id;"
dog_kennels,What are each owner's first name and their dogs's name?,"SELECT T1.first_name ,  T2.name FROM Owners AS T1 JOIN Dogs AS T2 ON T1.owner_id  =  T2.owner_id","SELECT Owners.FirstName, Dogs.Name FROM Owners INNER JOIN Dogs ON Owners.OwnerID = Dogs.OwnerID;"
dog_kennels,List the names of the dogs of the rarest breed and the treatment dates of them.,"SELECT T1.name ,  T2.date_of_treatment FROM Dogs AS T1 JOIN Treatments AS T2 ON T1.dog_id  =  T2.dog_id WHERE T1.breed_code  =  ( SELECT breed_code FROM Dogs GROUP BY breed_code ORDER BY count(*) ASC LIMIT 1 )","SELECT d.name, t.treatment_date FROM dogs d JOIN treatments t ON d.id = t.dog_id WHERE d.breed = (SELECT breed FROM dogs GROUP BY breed ORDER BY COUNT(*) ASC LIMIT 1);"
dog_kennels,Which dogs are of the rarest breed? Show their names and treatment dates.,"SELECT T1.name ,  T2.date_of_treatment FROM Dogs AS T1 JOIN Treatments AS T2 ON T1.dog_id  =  T2.dog_id WHERE T1.breed_code  =  ( SELECT breed_code FROM Dogs GROUP BY breed_code ORDER BY count(*) ASC LIMIT 1 )","SELECT d.name, t.treatment_date FROM dogs d JOIN treatments t ON d.id = t.dog_id WHERE d.breed = (SELECT breed FROM dogs GROUP BY breed ORDER BY COUNT(*) ASC LIMIT 1)"
dog_kennels,Which dogs are owned by someone who lives in Virginia? List the owner's first name and the dog's name.,"SELECT T1.first_name ,  T2.name FROM Owners AS T1 JOIN Dogs AS T2 ON T1.owner_id  =  T2.owner_id WHERE T1.state  =  'Virginia'","SELECT o.first_name, d.name FROM owners o JOIN dogs d ON o.owner_id = d.owner_id WHERE o.state = 'Virginia';"
dog_kennels,Find the first names of owners living in Virginia and the names of dogs they own.,"SELECT T1.first_name ,  T2.name FROM Owners AS T1 JOIN Dogs AS T2 ON T1.owner_id  =  T2.owner_id WHERE T1.state  =  'Virginia'","SELECT o.first_name, d.name FROM Owners o JOIN Dogs d ON o.owner_id = d.owner_id WHERE o.state = 'Virginia';"
dog_kennels,What are the arriving date and the departing date of the dogs who have gone through a treatment?,"SELECT DISTINCT T1.date_arrived ,  T1.date_departed FROM Dogs AS T1 JOIN Treatments AS T2 ON T1.dog_id  =  T2.dog_id","SELECT arrival_date, departure_date FROM dogs WHERE id IN (SELECT dog_id FROM treatments);"
dog_kennels,Find the arriving date and the departing date of the dogs that received a treatment.,"SELECT DISTINCT T1.date_arrived ,  T1.date_departed FROM Dogs AS T1 JOIN Treatments AS T2 ON T1.dog_id  =  T2.dog_id","SELECT arriving_date, departing_date FROM dogs WHERE dog_id IN (SELECT dog_id FROM treatments);"
dog_kennels,List the last name of the owner owning the youngest dog.,SELECT T1.last_name FROM Owners AS T1 JOIN Dogs AS T2 ON T1.owner_id  =  T2.owner_id WHERE T2.age  =  ( SELECT max(age) FROM Dogs ),SELECT LastName FROM Owners WHERE OwnerID = (SELECT OwnerID FROM Dogs WHERE Age = (SELECT MIN(Age) FROM Dogs))
dog_kennels,Who owns the youngest dog? Give me his or her last name.,SELECT T1.last_name FROM Owners AS T1 JOIN Dogs AS T2 ON T1.owner_id  =  T2.owner_id WHERE T2.age  =  ( SELECT max(age) FROM Dogs ),SELECT last_name FROM owners JOIN dogs ON owners.id = dogs.owner_id WHERE dogs.age = (SELECT MIN(age) FROM dogs) LIMIT 1;
dog_kennels,List the emails of the professionals who live in the state of Hawaii or the state of Wisconsin.,SELECT email_address FROM Professionals WHERE state  =  'Hawaii' OR state  =  'Wisconsin',"SELECT email FROM professionals WHERE state IN ('HI', 'WI');"
dog_kennels,What are the emails of the professionals living in either the state of Hawaii or the state of Wisconsin?,SELECT email_address FROM Professionals WHERE state  =  'Hawaii' OR state  =  'Wisconsin',"SELECT email FROM professionals WHERE state IN ('Hawaii', 'Wisconsin');"
dog_kennels,What are the arriving date and the departing date of all the dogs?,"SELECT date_arrived ,  date_departed FROM Dogs","SELECT arriving_date, departing_date FROM dogs;"
dog_kennels,List the arrival date and the departure date for all the dogs.,"SELECT date_arrived ,  date_departed FROM Dogs","SELECT arrival_date, departure_date FROM dogs;"
dog_kennels,How many dogs went through any treatments?,SELECT count(DISTINCT dog_id) FROM Treatments,SELECT COUNT(DISTINCT dog_id) FROM treatments;
dog_kennels,Count the number of dogs that went through a treatment.,SELECT count(DISTINCT dog_id) FROM Treatments,SELECT COUNT(DISTINCT dog_id) FROM treatments WHERE treatment IS NOT NULL;
dog_kennels,How many professionals have performed any treatment to dogs?,SELECT count(DISTINCT professional_id) FROM Treatments,SELECT COUNT(DISTINCT professional_id) FROM treatments JOIN pets ON treatments.pet_id = pets.id WHERE pets.species = 'dog';
dog_kennels,Find the number of professionals who have ever treated dogs.,SELECT count(DISTINCT professional_id) FROM Treatments,SELECT COUNT(DISTINCT professional_id) FROM treatments WHERE patient_id IN (SELECT patient_id FROM patients WHERE species = 'Dog');
dog_kennels,"Which professionals live in a city containing the substring 'West'? List his or her role, street, city and state.","SELECT role_code ,  street ,  city ,  state FROM professionals WHERE city LIKE '%West%'","SELECT role, street, city, state FROM professionals WHERE city LIKE '%West%';"
dog_kennels,"Find the role, street, city and state of the professionals living in a city that contains the substring 'West'.","SELECT role_code ,  street ,  city ,  state FROM professionals WHERE city LIKE '%West%'","SELECT role, street, city, state FROM professionals WHERE city LIKE '%West%';"
dog_kennels,"Which owners live in the state whose name contains the substring 'North'? List his first name, last name and email.","SELECT first_name ,  last_name ,  email_address FROM Owners WHERE state LIKE '%North%'","SELECT first_name, last_name, email FROM owners WHERE state LIKE '%North%';"
dog_kennels,"Return the first name, last name and email of the owners living in a state whose name contains the substring 'North'.","SELECT first_name ,  last_name ,  email_address FROM Owners WHERE state LIKE '%North%'","SELECT first_name, last_name, email FROM owners WHERE state LIKE '%North%';"
dog_kennels,How many dogs have an age below the average?,SELECT count(*) FROM Dogs WHERE age  <  ( SELECT avg(age) FROM Dogs ),SELECT COUNT(*) FROM dogs WHERE age < (SELECT AVG(age) FROM dogs);
dog_kennels,Count the number of dogs of an age below the average.,SELECT count(*) FROM Dogs WHERE age  <  ( SELECT avg(age) FROM Dogs ),SELECT COUNT(*) FROM dogs WHERE age < (SELECT AVG(age) FROM dogs);
dog_kennels,How much does the most recent treatment cost?,SELECT cost_of_treatment FROM Treatments ORDER BY date_of_treatment DESC LIMIT 1,SELECT cost FROM treatments ORDER BY date DESC LIMIT 1;
dog_kennels,Show me the cost of the most recently performed treatment.,SELECT cost_of_treatment FROM Treatments ORDER BY date_of_treatment DESC LIMIT 1,SELECT cost FROM treatments ORDER BY treatment_date DESC LIMIT 1;
dog_kennels,How many dogs have not gone through any treatment?,SELECT count(*) FROM Dogs WHERE dog_id NOT IN ( SELECT dog_id FROM Treatments ),SELECT COUNT(*) FROM dogs LEFT JOIN treatments ON dogs.id = treatments.dog_id WHERE treatments.id IS NULL;
dog_kennels,Tell me the number of dogs that have not received any treatment .,select count(*) from dogs where dog_id not in ( select dog_id from treatments ),SELECT COUNT(*) FROM dogs WHERE dog_id NOT IN (SELECT DISTINCT dog_id FROM treatments);
dog_kennels,How many owners temporarily do not have any dogs?,SELECT count(*) FROM Owners WHERE owner_id NOT IN ( SELECT owner_id FROM Dogs ),SELECT COUNT(*) FROM owners WHERE owner_id NOT IN (SELECT owner_id FROM dogs WHERE owner_id IS NOT NULL);
dog_kennels,Find the number of owners who do not own any dogs at this moment.,SELECT count(*) FROM Owners WHERE owner_id NOT IN ( SELECT owner_id FROM Dogs ),SELECT COUNT(*) FROM owners LEFT JOIN dogs ON owners.owner_id = dogs.owner_id WHERE dogs.owner_id IS NULL;
dog_kennels,How many professionals did not operate any treatment on dogs?,SELECT count(*) FROM Professionals WHERE professional_id NOT IN ( SELECT professional_id FROM Treatments ),SELECT COUNT(*) FROM Professionals WHERE id NOT IN (SELECT professional_id FROM Treatments WHERE dog_id IS NOT NULL);
dog_kennels,Find the number of professionals who have not treated any dogs.,SELECT count(*) FROM Professionals WHERE professional_id NOT IN ( SELECT professional_id FROM Treatments ),SELECT COUNT(*) FROM Professionals p WHERE NOT EXISTS (SELECT 1 FROM Treatments t WHERE t.professional_id = p.id AND t.animal_type = 'dog')
dog_kennels,"List the dog name, age and weight of the dogs who have been abandoned? 1 stands for yes, and 0 stands for no.","SELECT name ,  age ,  weight FROM Dogs WHERE abandoned_yn  =  1","SELECT name, age, weight FROM dogs WHERE abandoned = 1;"
dog_kennels,"What are the dog name, age and weight of the dogs that were abandoned? Note that 1 stands for yes, and 0 stands for no in the tables.","SELECT name ,  age ,  weight FROM Dogs WHERE abandoned_yn  =  1","SELECT name, age, weight FROM dogs WHERE abandoned = 1;"
dog_kennels,What is the average age of all the dogs?,SELECT avg(age) FROM Dogs,SELECT AVG(age) FROM dogs;
dog_kennels,Compute the average age of all the dogs.,SELECT avg(age) FROM Dogs,SELECT AVG(age) FROM dogs;
dog_kennels,What is the age of the oldest dog?,SELECT max(age) FROM Dogs,SELECT MAX(age) FROM dogs;
dog_kennels,Tell me the age of the oldest dog.,SELECT max(age) FROM Dogs,SELECT MAX(age) FROM dogs;
dog_kennels,How much does each charge type costs? List both charge type and amount.,"SELECT charge_type ,  charge_amount FROM Charges","SELECT charge_type, SUM(amount) FROM charges GROUP BY charge_type;"
dog_kennels,List each charge type and its amount.,"SELECT charge_type ,  charge_amount FROM Charges","SELECT charge_type, amount FROM charges;"
dog_kennels,How much does the most expensive charge type costs?,SELECT max(charge_amount) FROM Charges,"SELECT charge_type, MAX(cost) FROM charges GROUP BY charge_type ORDER BY cost DESC LIMIT 1;"
dog_kennels,What is the charge amount of the most expensive charge type?,SELECT max(charge_amount) FROM Charges,SELECT MAX(amount) FROM charges;
dog_kennels,"List the email, cell phone and home phone of all the professionals.","SELECT email_address ,  cell_number ,  home_phone FROM professionals","SELECT email, cell_phone, home_phone FROM professionals;"
dog_kennels,"What are the email, cell phone and home phone of each professional?","SELECT email_address ,  cell_number ,  home_phone FROM professionals","SELECT email, cell_phone, home_phone FROM professionals;"
dog_kennels,What are all the possible breed type and size type combinations?,"SELECT DISTINCT breed_code ,  size_code FROM dogs","SELECT DISTINCT breed_type, size_type FROM pets;"
dog_kennels,Find the distinct breed type and size type combinations for dogs.,"SELECT DISTINCT breed_code ,  size_code FROM dogs","SELECT DISTINCT breed_type, size_type FROM dogs;"
dog_kennels,List the first name of all the professionals along with the description of the treatment they have done.,"SELECT DISTINCT T1.first_name ,  T3.treatment_type_description FROM professionals AS T1 JOIN Treatments AS T2 ON T1.professional_id  =  T2.professional_id JOIN Treatment_types AS T3 ON T2.treatment_type_code  =  T3.treatment_type_code","SELECT professionals.first_name, treatments.description FROM professionals INNER JOIN treatments ON professionals.id = treatments.professional_id;"
dog_kennels,What are each professional's first name and description of the treatment they have performed?,"SELECT DISTINCT T1.first_name ,  T3.treatment_type_description FROM professionals AS T1 JOIN Treatments AS T2 ON T1.professional_id  =  T2.professional_id JOIN Treatment_types AS T3 ON T2.treatment_type_code  =  T3.treatment_type_code","SELECT professionals.first_name, treatments.description FROM professionals INNER JOIN treatments ON professionals.id = treatments.professional_id;"
singer,How many singers are there?,SELECT count(*) FROM singer,SELECT COUNT(*) FROM singers;
singer,What is the count of singers?,SELECT count(*) FROM singer,SELECT COUNT(*) FROM singers;
singer,List the name of singers in ascending order of net worth.,SELECT Name FROM singer ORDER BY Net_Worth_Millions ASC,SELECT name FROM singers ORDER BY net_worth ASC;
singer,What are the names of singers ordered by ascending net worth?,SELECT Name FROM singer ORDER BY Net_Worth_Millions ASC,SELECT name FROM singers ORDER BY net_worth ASC;
singer,What are the birth year and citizenship of singers?,"SELECT Birth_Year ,  Citizenship FROM singer","SELECT birth_year, citizenship FROM singers;"
singer,What are the birth years and citizenships of the singers?,"SELECT Birth_Year ,  Citizenship FROM singer","SELECT birth_year, citizenship FROM singers;"
singer,"List the name of singers whose citizenship is not ""France"".","SELECT Name FROM singer WHERE Citizenship != ""France""",SELECT name FROM singers WHERE citizenship != 'France';
singer,What are the names of the singers who are not French citizens?,"SELECT Name FROM singer WHERE Citizenship != ""France""",SELECT name FROM singers WHERE citizenship != 'French';
singer,Show the name of singers whose birth year is either 1948 or 1949?,SELECT Name FROM singer WHERE Birth_Year  =  1948 OR Birth_Year  =  1949,"SELECT name FROM singers WHERE birth_year IN (1948, 1949);"
singer,What are the names of the singers whose birth years are either 1948 or 1949?,SELECT Name FROM singer WHERE Birth_Year  =  1948 OR Birth_Year  =  1949,"SELECT name FROM singers WHERE birth_year IN (1948, 1949);"
singer,What is the name of the singer with the largest net worth?,SELECT Name FROM singer ORDER BY Net_Worth_Millions DESC LIMIT 1,SELECT name FROM singers ORDER BY net_worth DESC LIMIT 1;
singer,What is the name of the singer who is worth the most?,SELECT Name FROM singer ORDER BY Net_Worth_Millions DESC LIMIT 1,SELECT name FROM singers ORDER BY net_worth DESC LIMIT 1;
singer,Show different citizenship of singers and the number of singers of each citizenship.,"SELECT Citizenship ,  COUNT(*) FROM singer GROUP BY Citizenship","SELECT citizenship, COUNT(*) FROM singers GROUP BY citizenship;"
singer,"For each citizenship, how many singers are from that country?","SELECT Citizenship ,  COUNT(*) FROM singer GROUP BY Citizenship","SELECT citizenship, COUNT(*) FROM singers GROUP BY citizenship;"
singer,Please show the most common citizenship of singers.,SELECT Citizenship FROM singer GROUP BY Citizenship ORDER BY COUNT(*) DESC LIMIT 1,"SELECT citizenship, COUNT(*) FROM singers GROUP BY citizenship ORDER BY COUNT(*) DESC LIMIT 1;"
singer,What is the most common singer citizenship ?,select citizenship from singer group by citizenship order by count(*) desc limit 1,SELECT citizenship FROM singers GROUP BY citizenship ORDER BY COUNT(*) DESC LIMIT 1;
singer,Show different citizenships and the maximum net worth of singers of each citizenship.,"SELECT Citizenship ,  max(Net_Worth_Millions) FROM singer GROUP BY Citizenship","SELECT citizenship, MAX(net_worth) FROM singers GROUP BY citizenship;"
singer,"For each citizenship, what is the maximum net worth?","SELECT Citizenship ,  max(Net_Worth_Millions) FROM singer GROUP BY Citizenship","SELECT citizenship, MAX(net_worth) FROM individuals GROUP BY citizenship;"
singer,Show titles of songs and names of singers.,"SELECT T2.Title ,  T1.Name FROM singer AS T1 JOIN song AS T2 ON T1.Singer_ID  =  T2.Singer_ID","SELECT songs.title, singers.name FROM songs JOIN singers ON songs.singer_id = singers.id;"
singer,What are the song titles and singer names?,"SELECT T2.Title ,  T1.Name FROM singer AS T1 JOIN song AS T2 ON T1.Singer_ID  =  T2.Singer_ID","SELECT s.title, si.name FROM songs s JOIN singers si ON s.singer_id = si.singer_id;"
singer,Show distinct names of singers that have songs with sales more than 300000.,SELECT DISTINCT T1.Name FROM singer AS T1 JOIN song AS T2 ON T1.Singer_ID  =  T2.Singer_ID WHERE T2.Sales  >  300000,SELECT DISTINCT singer.name FROM singer INNER JOIN song ON singer.id = song.singer_id WHERE song.sales > 300000;
singer,what are the different names of the singers that have sales more than 300000?,SELECT DISTINCT T1.Name FROM singer AS T1 JOIN song AS T2 ON T1.Singer_ID  =  T2.Singer_ID WHERE T2.Sales  >  300000,SELECT DISTINCT name FROM singers WHERE (SELECT SUM(sales) FROM sales WHERE sales.singer_id = singers.id) > 300000;
singer,Show the names of singers that have more than one song.,SELECT T1.Name FROM singer AS T1 JOIN song AS T2 ON T1.Singer_ID  =  T2.Singer_ID GROUP BY T1.Name HAVING COUNT(*)  >  1,SELECT name FROM singers GROUP BY name HAVING COUNT(*) > 1;
singer,What are the names of the singers that have more than one songs?,SELECT T1.Name FROM singer AS T1 JOIN song AS T2 ON T1.Singer_ID  =  T2.Singer_ID GROUP BY T1.Name HAVING COUNT(*)  >  1,SELECT name FROM singers GROUP BY name HAVING COUNT(*) > 1;
singer,Show the names of singers and the total sales of their songs.,"SELECT T1.Name ,  sum(T2.Sales) FROM singer AS T1 JOIN song AS T2 ON T1.Singer_ID  =  T2.Singer_ID GROUP BY T1.Name","SELECT singers.name, SUM(sales.amount) FROM singers JOIN sales ON singers.id = sales.singer_id GROUP BY singers.id;"
singer,"For each singer name, what is the total sales for their songs?","SELECT T1.Name ,  sum(T2.Sales) FROM singer AS T1 JOIN song AS T2 ON T1.Singer_ID  =  T2.Singer_ID GROUP BY T1.Name","SELECT singer_name, SUM(sales) FROM songs GROUP BY singer_name;"
singer,List the name of singers that do not have any song.,SELECT Name FROM singer WHERE Singer_ID NOT IN (SELECT Singer_ID FROM song),SELECT name FROM singers WHERE singer_id NOT IN (SELECT DISTINCT singer_id FROM songs);
singer,What is the sname of every sing that does not have any song?,SELECT Name FROM singer WHERE Singer_ID NOT IN (SELECT Singer_ID FROM song),SELECT sname FROM singers WHERE id NOT IN (SELECT DISTINCT singer_id FROM songs)
singer,Show the citizenship shared by singers with birth year before 1945 and after 1955.,SELECT Citizenship FROM singer WHERE Birth_Year  <  1945 INTERSECT SELECT Citizenship FROM singer WHERE Birth_Year  >  1955,SELECT citizenship FROM singers WHERE birth_year < 1945 INTERSECT SELECT citizenship FROM singers WHERE birth_year > 1955;
singer,What are the citizenships that are shared by singers with a birth year before 1945 and after 1955?,SELECT Citizenship FROM singer WHERE Birth_Year  <  1945 INTERSECT SELECT Citizenship FROM singer WHERE Birth_Year  >  1955,SELECT citizenship FROM singers WHERE birth_year < 1945 INTERSECT SELECT citizenship FROM singers WHERE birth_year > 1955;
real_estate_properties,How many available features are there in total?,SELECT count(*) FROM Other_Available_Features,SELECT COUNT(*) FROM features WHERE is_available = 1;
real_estate_properties,What is the feature type name of feature AirCon?,"SELECT T2.feature_type_name FROM Other_Available_Features AS T1 JOIN Ref_Feature_Types AS T2 ON T1.feature_type_code  =  T2.feature_type_code WHERE T1.feature_name  =  ""AirCon""",SELECT FeatureTypeName FROM FeatureType JOIN Features ON FeatureType.FeatureTypeID = Features.FeatureTypeID WHERE Features.FeatureName = 'AirCon'
real_estate_properties,Show the property type descriptions of properties belonging to that code.,SELECT T2.property_type_description FROM Properties AS T1 JOIN Ref_Property_Types AS T2 ON T1.property_type_code  =  T2.property_type_code GROUP BY T1.property_type_code,SELECT description FROM property_types WHERE code = 'X';
real_estate_properties,What are the names of properties that are either houses or apartments with more than 1 room?,"SELECT property_name FROM Properties WHERE property_type_code  =  ""House"" UNION SELECT property_name FROM Properties WHERE property_type_code  =  ""Apartment"" AND room_count  >  1","SELECT name FROM properties WHERE type IN ('house', 'apartment') AND rooms > 1;"
