db_id,question,gold_sql,qwen_predicted_sql
concert_singer,How many singers do we have?,SELECT count(*) FROM singer,SELECT COUNT(*) FROM singer;
concert_singer,What is the total number of singers?,SELECT count(*) FROM singer,SELECT COUNT(Singer_ID) FROM singer;
concert_singer,"Show name, country, age for all singers ordered by age from the oldest to the youngest.","SELECT name ,  country ,  age FROM singer ORDER BY age DESC","SELECT Name,Country,Age FROM singer ORDER BY Age DESC;"
concert_singer,"What are the names, countries, and ages for every singer in descending order of age?","SELECT name ,  country ,  age FROM singer ORDER BY age DESC","SELECT Name, Country, Age FROM singer ORDER BY Age DESC;"
concert_singer,"What is the average, minimum, and maximum age of all singers from France?","SELECT avg(age) ,  min(age) ,  max(age) FROM singer WHERE country  =  'France'","SELECT AVG(Age), MIN(Age), MAX(Age) FROM singer WHERE Country = 'France';"
concert_singer,"What is the average, minimum, and maximum age for all French singers?","SELECT avg(age) ,  min(age) ,  max(age) FROM singer WHERE country  =  'France'","SELECT AVG(Age), MIN(Age), MAX(Age) FROM singer WHERE Country = 'France';"
concert_singer,Show the name and the release year of the song by the youngest singer.,"SELECT song_name ,  song_release_year FROM singer ORDER BY age LIMIT 1","SELECT Song_Name, Song_release_year FROM singer WHERE Age = (SELECT MIN(Age) FROM singer);"
concert_singer,What are the names and release years for all the songs of the youngest singer?,"SELECT song_name ,  song_release_year FROM singer ORDER BY age LIMIT 1","SELECT Song_Name, Song_release_year FROM singer WHERE Age = (SELECT MIN(Age) FROM singer)"
concert_singer,What are all distinct countries where singers above age 20 are from?,SELECT DISTINCT country FROM singer WHERE age  >  20,SELECT DISTINCT Country FROM singer WHERE Age > 20;
concert_singer,What are  the different countries with singers above age 20?,SELECT DISTINCT country FROM singer WHERE age  >  20,SELECT DISTINCT Country FROM singer WHERE Age > 20;
concert_singer,Show all countries and the number of singers in each country.,"SELECT country ,  count(*) FROM singer GROUP BY country","SELECT Country, COUNT(*) FROM singer GROUP BY Country;"
concert_singer,How many singers are from each country?,"SELECT country ,  count(*) FROM singer GROUP BY country","SELECT Country, COUNT(*) FROM singer GROUP BY Country;"
concert_singer,List all song names by singers above the average age.,SELECT song_name FROM singer WHERE age  >  (SELECT avg(age) FROM singer),SELECT Song_Name FROM singer WHERE Age > (SELECT AVG(Age) FROM singer);
concert_singer,What are all the song names by singers who are older than average?,SELECT song_name FROM singer WHERE age  >  (SELECT avg(age) FROM singer),SELECT Song_Name FROM singer WHERE Age > (SELECT AVG(Age) FROM singer);
concert_singer,Show location and name for all stadiums with a capacity between 5000 and 10000.,"SELECT LOCATION ,  name FROM stadium WHERE capacity BETWEEN 5000 AND 10000","SELECT Location, Name FROM stadium WHERE Capacity BETWEEN 5000 AND 10000;"
concert_singer,What are the locations and names of all stations with capacity between 5000 and 10000?,"SELECT LOCATION ,  name FROM stadium WHERE capacity BETWEEN 5000 AND 10000","SELECT Location, Name FROM stadium WHERE Capacity BETWEEN 5000 AND 10000;"
concert_singer,What is the maximum capacity and the average of all stadiums ?,"select max(capacity), average from stadium","SELECT MAX(Capacity), AVG(Capacity) FROM stadium;"
concert_singer,What is the average and maximum capacities for all stadiums ?,"select avg(capacity) ,  max(capacity) from stadium","SELECT AVG(Capacity) AS Average_Capacity, MAX(Capacity) AS Max_Capacity FROM stadium;"
concert_singer,What is the name and capacity for the stadium with highest average attendance?,"SELECT name ,  capacity FROM stadium ORDER BY average DESC LIMIT 1","SELECT Name, Capacity FROM stadium ORDER BY Average DESC LIMIT 1;"
concert_singer,What is the name and capacity for the stadium with the highest average attendance?,"SELECT name ,  capacity FROM stadium ORDER BY average DESC LIMIT 1","SELECT Name, Capacity FROM stadium ORDER BY Average DESC LIMIT 1;"
concert_singer,How many concerts are there in year 2014 or 2015?,SELECT count(*) FROM concert WHERE YEAR  =  2014 OR YEAR  =  2015,"SELECT COUNT(*) FROM concert WHERE Year IN ('2014','2015')"
concert_singer,How many concerts occurred in 2014 or 2015?,SELECT count(*) FROM concert WHERE YEAR  =  2014 OR YEAR  =  2015,"SELECT COUNT(*) FROM concert WHERE Year IN ('2014','2015')"
concert_singer,Show the stadium name and the number of concerts in each stadium.,"SELECT T2.name ,  count(*) FROM concert AS T1 JOIN stadium AS T2 ON T1.stadium_id  =  T2.stadium_id GROUP BY T1.stadium_id","SELECT s.Name, COUNT(c.concert_ID) FROM stadium s JOIN concert c ON s.Stadium_ID = c.Stadium_ID GROUP BY s.Stadium_ID, s.Name;"
concert_singer,"For each stadium, how many concerts play there?","SELECT T2.name ,  count(*) FROM concert AS T1 JOIN stadium AS T2 ON T1.stadium_id  =  T2.stadium_id GROUP BY T1.stadium_id","SELECT s.Stadium_ID, s.Name, COUNT(c.concert_ID) AS num_concerts FROM stadium s LEFT JOIN concert c ON s.Stadium_ID = c.Stadium_ID GROUP BY s.Stadium_ID, s.Name;  Wait, but the concert.Stadium_ID is a text type. So in the join condition, stadium.Stadium_ID (int) equals concert.Stadium_ID (text). SQLite will convert the integer to text for comparison, so it should work if the concert's Stadium_ID is a string that matches the integer value. So the LEFT JOIN would work here.  But maybe to make it explicit, we can cast the concert.Stadium_ID to integer. For example, ON s.Stadium_ID = CAST(c.Stadium_ID AS INTEGER). But if the concert.Stadium_ID has non-numeric values, that could cause issues. But given the schema, perhaps it's safe to assume that the Stadium_ID in concert is numeric as text. So including the cast might be better to ensure the comparison is correct.  So modifying the query: ... LEFT JOIN concert c ON s.Stadium_ID = CAST(c.Stadium_ID AS INTEGER) ...  But the user's question is to count the number of concerts per stadium. So using COUNT(c.concert_ID) and grouping by stadium's Stadium_ID and Name. Since Name might not be unique, but Stadium_ID is the primary key, grouping by both Stadium_ID and Name is safe.  Alternatively, since Stadium_ID is the primary key of stadium, each Stadium_ID corresponds to one Name. So grouping by Stadium_ID and Name is equivalent to grouping by Stadium_ID. But to include the stadium name in the result, you need to include it in the GROUP BY.  So the final query would select the Stadium_ID, Name, and count of concerts, grouped by those two. Using LEFT JOIN to include stadiums with zero concerts. But the question says ""for each stadium"", so if some stadiums have never hosted a concert, they should still be included with 0. So LEFT JOIN is correct.  Putting it all together:  SELECT s.Stadium_ID, s.Name, COUNT(c.concert_ID) AS concert_count FROM stadium s LEFT JOIN concert c ON s.Stadium_ID = CAST(c.Stadium_ID AS TEXT) GROUP BY s.Stadium_ID, s.Name;  Wait, but the other way around. Since stadium.Stadium_ID is integer, and concert.Stadium_ID is text. If we cast the integer to text, but in SQLite, when comparing, it's possible that the text is converted to integer. Wait, the join condition is s.Stadium_ID (int) = c.Stadium_ID (text). SQLite does type conversion here. For example, in a comparison between integer and text, the integer is converted to text. So '123' is compared as '123' vs 123 which becomes '123' compared as equal. So maybe the cast isn't necessary. But to make it explicit, perhaps casting the integer to text? Or maybe the other way around.  Wait, if we have s.Stadium_ID is 101 (integer), and c.Stadium_ID is '101' (text). When comparing s.Stadium_ID = c.Stadium_ID, SQLite converts the integer to text, so '101' equals '101' and it works. So no need to cast. But if the concert.Stadium_ID is stored as something like 'abc', then it would not match. But since the foreign key is supposed to reference stadium.Stadium_ID, perhaps the data is consistent. Therefore, the correct join condition is s.Stadium_ID = c.Stadium_ID.  But since one is integer and the other is text, perhaps in SQLite, it's better to cast to text. Wait, the concert.Stadium_ID is text. So if we cast s.Stadium_ID to text, then compare to c.Stadium_ID. So ON CAST(s.Stadium_ID AS TEXT) = c.Stadium_ID. That would make the comparison between text and text. But since the data is consistent, either way should work.  But perhaps the original schema has a mistake, and concert.Stadium_ID should be integer. But given the schema as is, we need to work with that.  So the correct join condition is to cast the integer to text. Because concert.Stadium_ID is text. So the stadium's Stadium_ID is integer, so converting it to text to match the concert's text.  So ON CAST(s.Stadium_ID AS TEXT) = c.Stadium_ID.  But in SQLite, the CAST is necessary? Or does it handle it automatically?  In SQLite, when you do a comparison between an integer and a text, it converts the integer to text. So for example, 123 = '123' would be true. Therefore, in that case, the join can be done without casting. However, if the concert.Stadium_ID has leading zeros, like '001', then comparing to integer 1 would be equal, because '001' is converted to integer 1 when comparing in the other direction. Wait, but if the join is s.Stadium_ID (int) = c.Stadium_ID (text), then SQLite converts the text to integer. Wait, the type affinity rules in SQLite are a bit tricky. Let me recall:  In SQLite, when comparing a TEXT and INTEGER, the INTEGER is converted to TEXT. So if you have an integer 123 and a text '123', they are considered equal. However, if the join is between an integer and text, and the text is not a numeric string, then it would not match. But assuming that the concert.Stadium_ID is correctly referencing existing stadium IDs, then the text should be numeric.  But if the concert.Stadium_ID is stored as text, perhaps with leading zeros, then joining on s.Stadium_ID = c.Stadium_ID would still work because the integer is converted to text. For example, if stadium.Stadium_ID is 10, and concert.Stadium_ID is '010', then comparing 10 (converted to '10') to '010' would not match. But that's a data inconsistency. However, if the foreign key constraint was properly enforced, the concert.Stadium_ID should be the exact string representation of the integer. But since the concert.Stadium_ID is defined as TEXT, perhaps the data entry allows for leading zeros. However, without knowing the actual data, we have to proceed with the schema as given.  In this case, perhaps the safest way is to cast the integer to text to avoid any ambiguity. So the join condition would be ON CAST(s.Stadium_ID AS TEXT) = c.Stadium_ID. That way, we ensure that the comparison is between two text values, and any leading zeros would cause a mismatch, but if the data is correct, it would work.  But the user's question is to count concerts per stadium. So if the data is correct, either approach would work. However, since the concert.Stadium_ID is a TEXT field, perhaps the original intention was to have it as a foreign key to stadium.Stadium_ID, which is an integer. But in SQLite, foreign keys are not enforced unless you enable it, so perhaps the data is correct.  Given that, perhaps the correct approach is to cast the integer to text for the join. Therefore, the SQL query would be:  SELECT s.Stadium_ID, s.Name, COUNT(c.concert_ID) AS num_concerts FROM stadium s LEFT JOIN concert c ON CAST(s.Stadium_ID AS TEXT) = c.Stadium_ID GROUP BY s.Stadium_ID"
concert_singer,Show the stadium name and capacity with most number of concerts in year 2014 or after.,"SELECT T2.name ,  T2.capacity FROM concert AS T1 JOIN stadium AS T2 ON T1.stadium_id  =  T2.stadium_id WHERE T1.year  >=  2014 GROUP BY T2.stadium_id ORDER BY count(*) DESC LIMIT 1","SELECT s.Name, s.Capacity FROM concert JOIN stadium s ON concert.Stadium_ID = s.Stadium_ID WHERE concert.Year >= '2014' GROUP BY s.Stadium_ID ORDER BY COUNT(*) DESC LIMIT 1;"
concert_singer,What is the name and capacity of the stadium with the most concerts after 2013 ?,"select t2.name ,  t2.capacity from concert as t1 join stadium as t2 on t1.stadium_id  =  t2.stadium_id where t1.year  >  2013 group by t2.stadium_id order by count(*) desc limit 1","SELECT s.Name, s.Capacity FROM stadium s WHERE s.Stadium_ID = (SELECT c.Stadium_ID FROM concert c WHERE c.Year > '2013' GROUP BY c.Stadium_ID ORDER BY COUNT(*) DESC LIMIT 1)"
concert_singer,Which year has most number of concerts?,SELECT YEAR FROM concert GROUP BY YEAR ORDER BY count(*) DESC LIMIT 1,SELECT Year FROM concert GROUP BY Year ORDER BY COUNT(*) DESC LIMIT 1;
concert_singer,What is the year that had the most concerts?,SELECT YEAR FROM concert GROUP BY YEAR ORDER BY count(*) DESC LIMIT 1,SELECT Year FROM concert GROUP BY Year ORDER BY COUNT(*) DESC LIMIT 1;
concert_singer,Show the stadium names without any concert.,SELECT name FROM stadium WHERE stadium_id NOT IN (SELECT stadium_id FROM concert),SELECT Name FROM stadium WHERE Stadium_ID NOT IN (SELECT Stadium_ID FROM concert);
concert_singer,What are the names of the stadiums without any concerts?,SELECT name FROM stadium WHERE stadium_id NOT IN (SELECT stadium_id FROM concert),SELECT s.Name FROM stadium s LEFT JOIN concert c ON CAST(s.Stadium_ID AS TEXT) = c.Stadium_ID WHERE c.Stadium_ID IS NULL;
concert_singer,Show countries where a singer above age 40 and a singer below 30 are from.,SELECT country FROM singer WHERE age  >  40 INTERSECT SELECT country FROM singer WHERE age  <  30,SELECT Country FROM singer GROUP BY Country HAVING MAX(Age) > 40 AND MIN(Age) < 30;
concert_singer,Show names for all stadiums except for stadiums having a concert in year 2014.,SELECT name FROM stadium EXCEPT SELECT T2.name FROM concert AS T1 JOIN stadium AS T2 ON T1.stadium_id  =  T2.stadium_id WHERE T1.year  =  2014,SELECT Name FROM stadium WHERE Stadium_ID NOT IN (SELECT Stadium_ID FROM concert WHERE Year = '2014')
concert_singer,What are the names of all stadiums that did not have a concert in 2014?,SELECT name FROM stadium EXCEPT SELECT T2.name FROM concert AS T1 JOIN stadium AS T2 ON T1.stadium_id  =  T2.stadium_id WHERE T1.year  =  2014,SELECT Name FROM stadium WHERE Stadium_ID NOT IN (SELECT Stadium_ID FROM concert WHERE Year = '2014')
concert_singer,Show the name and theme for all concerts and the number of singers in each concert.,"SELECT T2.concert_name ,  T2.theme ,  count(*) FROM singer_in_concert AS T1 JOIN concert AS T2 ON T1.concert_id  =  T2.concert_id GROUP BY T2.concert_id","SELECT concert.concert_Name, concert.Theme, COUNT(singer_in_concert.Singer_ID) AS num_singers FROM concert LEFT JOIN singer_in_concert ON concert.concert_ID = singer_in_concert.concert_ID GROUP BY concert.concert_ID, concert.concert_Name, concert.Theme;"
concert_singer,"What are the names , themes , and number of singers for every concert ?","select t2.concert_name ,  t2.theme ,  count(*) from singer_in_concert as t1 join concert as t2 on t1.concert_id  =  t2.concert_id group by t2.concert_id","SELECT concert.concert_Name, concert.Theme, COUNT(singer_in_concert.Singer_ID) FROM concert LEFT JOIN singer_in_concert ON concert.concert_ID = singer_in_concert.concert_ID GROUP BY concert.concert_ID;"
concert_singer,List singer names and number of concerts for each singer.,"SELECT T2.name ,  count(*) FROM singer_in_concert AS T1 JOIN singer AS T2 ON T1.singer_id  =  T2.singer_id GROUP BY T2.singer_id","SELECT Name,COUNT(*) FROM singer JOIN singer_in_concert ON singer.Singer_ID=CAST(Singer_ID AS INTEGER) GROUP BY singer.Singer_ID;"
concert_singer,What are the names of the singers and number of concerts for each person?,"SELECT T2.name ,  count(*) FROM singer_in_concert AS T1 JOIN singer AS T2 ON T1.singer_id  =  T2.singer_id GROUP BY T2.singer_id","SELECT Name,COUNT(*) FROM singer JOIN singer_in_concert ON singer.Singer_ID=CAST(singer_in_concert.Singer_ID AS INTEGER) GROUP BY Singer_ID,Name"
concert_singer,List all singer names in concerts in year 2014.,SELECT T2.name FROM singer_in_concert AS T1 JOIN singer AS T2 ON T1.singer_id  =  T2.singer_id JOIN concert AS T3 ON T1.concert_id  =  T3.concert_id WHERE T3.year  =  2014,SELECT DISTINCT s.Name FROM singer s JOIN singer_in_concert sic ON s.Singer_ID = sic.Singer_ID JOIN concert c ON sic.concert_ID = c.concert_ID WHERE c.Year = '2014'
concert_singer,What are the names of the singers who performed in a concert in 2014?,SELECT T2.name FROM singer_in_concert AS T1 JOIN singer AS T2 ON T1.singer_id  =  T2.singer_id JOIN concert AS T3 ON T1.concert_id  =  T3.concert_id WHERE T3.year  =  2014,SELECT DISTINCT s.Name FROM singer s JOIN singer_in_concert sic ON s.Singer_ID = sic.Singer_ID JOIN concert c ON sic.concert_ID = c.concert_ID WHERE c.Year = '2014'
concert_singer,what is the name and nation of the singer who have a song having 'Hey' in its name?,"SELECT name ,  country FROM singer WHERE song_name LIKE '%Hey%'","SELECT DISTINCT Name, Country FROM singer WHERE Song_Name LIKE '%Hey%';"
concert_singer,What is the name and country of origin of every singer who has a song with the word 'Hey' in its title?,"SELECT name ,  country FROM singer WHERE song_name LIKE '%Hey%'","SELECT Name, Country FROM singer WHERE Song_Name LIKE '%Hey%';"
concert_singer,Find the name and location of the stadiums which some concerts happened in the years of both 2014 and 2015.,"SELECT T2.name ,  T2.location FROM concert AS T1 JOIN stadium AS T2 ON T1.stadium_id  =  T2.stadium_id WHERE T1.Year  =  2014 INTERSECT SELECT T2.name ,  T2.location FROM concert AS T1 JOIN stadium AS T2 ON T1.stadium_id  =  T2.stadium_id WHERE T1.Year  =  2015","SELECT s.Name, s.Location FROM stadium s WHERE s.Stadium_ID IN (SELECT c.Stadium_ID FROM concert c WHERE c.Year IN ('2014', '2015') GROUP BY c.Stadium_ID HAVING COUNT(DISTINCT c.Year) = 2)"
concert_singer,What are the names and locations of the stadiums that had concerts that occurred in both 2014 and 2015?,"SELECT T2.name ,  T2.location FROM concert AS T1 JOIN stadium AS T2 ON T1.stadium_id  =  T2.stadium_id WHERE T1.Year  =  2014 INTERSECT SELECT T2.name ,  T2.location FROM concert AS T1 JOIN stadium AS T2 ON T1.stadium_id  =  T2.stadium_id WHERE T1.Year  =  2015","SELECT s.Name, s.Location FROM stadium s WHERE s.Stadium_ID IN (SELECT c.Stadium_ID FROM concert c WHERE c.Year = '2014' INTERSECT SELECT c.Stadium_ID FROM concert c WHERE c.Year = '2015')"
concert_singer,Find the number of concerts happened in the stadium with the highest capacity .,select count(*) from concert where stadium_id = (select stadium_id from stadium order by capacity desc limit 1),SELECT COUNT(*) FROM concert WHERE Stadium_ID IN (SELECT CAST(Stadium_ID AS TEXT) FROM stadium WHERE Capacity = (SELECT MAX(Capacity) FROM stadium));
concert_singer,What are the number of concerts that occurred in the stadium with the largest capacity ?,select count(*) from concert where stadium_id = (select stadium_id from stadium order by capacity desc limit 1),SELECT COUNT(*) FROM concert WHERE Stadium_ID IN (SELECT CAST(Stadium_ID AS TEXT) FROM stadium WHERE Capacity = (SELECT MAX(Capacity) FROM stadium))
pets_1,Find the number of pets whose weight is heavier than 10.,SELECT count(*) FROM pets WHERE weight  >  10,SELECT COUNT(*) FROM Pets WHERE weight > 10;
pets_1,How many pets have a greater weight than 10?,SELECT count(*) FROM pets WHERE weight  >  10,SELECT COUNT(*) FROM Pets WHERE weight > 10;
pets_1,Find the weight of the youngest dog.,SELECT weight FROM pets ORDER BY pet_age LIMIT 1,SELECT weight FROM Pets WHERE PetType = 'dog' AND pet_age = (SELECT MIN(pet_age) FROM Pets WHERE PetType = 'dog')
pets_1,How much does the youngest dog weigh?,SELECT weight FROM pets ORDER BY pet_age LIMIT 1,SELECT weight FROM Pets WHERE PetType = 'dog' AND pet_age = (SELECT MIN(pet_age) FROM Pets WHERE PetType = 'dog')
pets_1,Find the maximum weight for each type of pet. List the maximum weight and pet type.,"SELECT max(weight) ,  petType FROM pets GROUP BY petType","SELECT PetType, MAX(weight) FROM Pets GROUP BY PetType;"
pets_1,List the maximum weight and type for each type of pet.,"SELECT max(weight) ,  petType FROM pets GROUP BY petType","SELECT PetType, MAX(weight) FROM Pets GROUP BY PetType;"
pets_1,Find number of pets owned by students who are older than 20.,SELECT count(*) FROM student AS T1 JOIN has_pet AS T2 ON T1.stuid  =  T2.stuid WHERE T1.age  >  20,SELECT COUNT(*) FROM Student JOIN Has_Pet ON Student.StuID = Has_Pet.StuID WHERE Student.Age > 20;
pets_1,How many pets are owned by students that have an age greater than 20?,SELECT count(*) FROM student AS T1 JOIN has_pet AS T2 ON T1.stuid  =  T2.stuid WHERE T1.age  >  20,SELECT COUNT(*) FROM Student JOIN Has_Pet ON Student.StuID = Has_Pet.StuID WHERE Student.Age > 20;
pets_1,Find the number of dog pets that are raised by female students (with sex F).,SELECT count(*) FROM student AS T1 JOIN has_pet AS T2 ON T1.stuid  =  T2.stuid JOIN pets AS T3 ON T2.petid  =  T3.petid WHERE T1.sex  =  'F' AND T3.pettype  =  'dog',SELECT COUNT(*) FROM Student JOIN Has_Pet ON Student.StuID = Has_Pet.StuID JOIN Pets ON Has_Pet.PetID = Pets.PetID WHERE Student.Sex = 'F' AND Pets.PetType = 'dog'
pets_1,How many dog pets are raised by female students?,SELECT count(*) FROM student AS T1 JOIN has_pet AS T2 ON T1.stuid  =  T2.stuid JOIN pets AS T3 ON T2.petid  =  T3.petid WHERE T1.sex  =  'F' AND T3.pettype  =  'dog',SELECT COUNT(*) FROM Student s JOIN Has_Pet hp ON s.StuID = hp.StuID JOIN Pets p ON hp.PetID = p.PetID WHERE s.Sex = 'F' AND p.PetType = 'dog';
pets_1,Find the number of distinct type of pets.,SELECT count(DISTINCT pettype) FROM pets,SELECT COUNT(DISTINCT PetType) FROM Pets;
pets_1,How many different types of pet are there?,SELECT count(DISTINCT pettype) FROM pets,SELECT COUNT(DISTINCT PetType) FROM Pets;
pets_1,Find the first name of students who have cat or dog pet.,SELECT DISTINCT T1.Fname FROM student AS T1 JOIN has_pet AS T2 ON T1.stuid  =  T2.stuid JOIN pets AS T3 ON T3.petid  =  T2.petid WHERE T3.pettype  =  'cat' OR T3.pettype  =  'dog',"SELECT DISTINCT S.Fname FROM Student S JOIN Has_Pet HP ON S.StuID = HP.StuID JOIN Pets P ON HP.PetID = P.PetID WHERE P.PetType IN ('cat','dog')"
pets_1,What are the first names of every student who has a cat or dog as a pet?,SELECT DISTINCT T1.Fname FROM student AS T1 JOIN has_pet AS T2 ON T1.stuid  =  T2.stuid JOIN pets AS T3 ON T3.petid  =  T2.petid WHERE T3.pettype  =  'cat' OR T3.pettype  =  'dog',"SELECT DISTINCT s.Fname FROM Student s JOIN Has_Pet hp ON s.StuID = hp.StuID JOIN Pets p ON hp.PetID = p.PetID WHERE p.PetType IN ('cat','dog')"
pets_1,Find the first name of students who have both cat and dog pets .,select t1.fname from student as t1 join has_pet as t2 on t1.stuid  =  t2.stuid join pets as t3 on t3.petid  =  t2.petid where t3.pettype  =  'cat' intersect select t1.fname from student as t1 join has_pet as t2 on t1.stuid  =  t2.stuid join pets as t3 on t3.petid  =  t2.petid where t3.pettype  =  'dog',SELECT Fname FROM Student s WHERE EXISTS(SELECT 1 FROM Has_Pet hp JOIN Pets p ON hp.PetID=p.PetID WHERE hp.StuID=s.StuID AND p.PetType='Cat') AND EXISTS(SELECT 1 FROM Has_Pet hp JOIN Pets p ON hp.PetID=p.PetID WHERE hp.StuID=s.StuID AND p.PetType='Dog')
pets_1,What are the students' first names who have both cats and dogs as pets?,SELECT T1.Fname FROM student AS T1 JOIN has_pet AS T2 ON T1.stuid  =  T2.stuid JOIN pets AS T3 ON T3.petid  =  T2.petid WHERE T3.pettype  =  'cat' INTERSECT SELECT T1.Fname FROM student AS T1 JOIN has_pet AS T2 ON T1.stuid  =  T2.stuid JOIN pets AS T3 ON T3.petid  =  T2.petid WHERE T3.pettype  =  'dog',SELECT Fname FROM Student WHERE EXISTS (SELECT 1 FROM Has_Pet JOIN Pets ON Has_Pet.PetID = Pets.PetID WHERE Has_Pet.StuID = Student.StuID AND Pets.PetType = 'Cat') AND EXISTS (SELECT 1 FROM Has_Pet JOIN Pets ON Has_Pet.PetID = Pets.PetID WHERE Has_Pet.StuID = Student.StuID AND Pets.PetType = 'Dog')
pets_1,Find the major and age of students who do not have a cat pet.,"SELECT major ,  age FROM student WHERE stuid NOT IN (SELECT T1.stuid FROM student AS T1 JOIN has_pet AS T2 ON T1.stuid  =  T2.stuid JOIN pets AS T3 ON T3.petid  =  T2.petid WHERE T3.pettype  =  'cat')","SELECT s.Major, s.Age FROM Student s WHERE NOT EXISTS (SELECT 1 FROM Has_Pet hp JOIN Pets p ON hp.PetID = p.PetID WHERE hp.StuID = s.StuID AND p.PetType = 'cat')"
pets_1,"What major is every student who does not own a cat as a pet, and also how old are they?","SELECT major ,  age FROM student WHERE stuid NOT IN (SELECT T1.stuid FROM student AS T1 JOIN has_pet AS T2 ON T1.stuid  =  T2.stuid JOIN pets AS T3 ON T3.petid  =  T2.petid WHERE T3.pettype  =  'cat')","SELECT Major, Age FROM Student WHERE StuID NOT IN (SELECT StuID FROM Has_Pet JOIN Pets ON Has_Pet.PetID = Pets.PetID WHERE PetType = 'cat')"
pets_1,Find the id of students who do not have a cat pet.,SELECT stuid FROM student EXCEPT SELECT T1.stuid FROM student AS T1 JOIN has_pet AS T2 ON T1.stuid  =  T2.stuid JOIN pets AS T3 ON T3.petid  =  T2.petid WHERE T3.pettype  =  'cat',SELECT StuID FROM Student WHERE StuID NOT IN (SELECT Has_Pet.StuID FROM Has_Pet JOIN Pets ON Has_Pet.PetID = Pets.PetID WHERE Pets.PetType = 'cat')
pets_1,What are the ids of the students who do not own cats as pets?,SELECT stuid FROM student EXCEPT SELECT T1.stuid FROM student AS T1 JOIN has_pet AS T2 ON T1.stuid  =  T2.stuid JOIN pets AS T3 ON T3.petid  =  T2.petid WHERE T3.pettype  =  'cat',SELECT StuID FROM Student WHERE StuID NOT IN (SELECT Has_Pet.StuID FROM Has_Pet JOIN Pets ON Has_Pet.PetID = Pets.PetID WHERE Pets.PetType = 'cat')
pets_1,Find the first name and age of students who have a dog but do not have a cat as a pet.,"SELECT T1.fname ,  T1.age FROM student AS T1 JOIN has_pet AS T2 ON T1.stuid  =  T2.stuid JOIN pets AS T3 ON T3.petid  =  T2.petid WHERE T3.pettype  =  'dog' AND T1.stuid NOT IN (SELECT T1.stuid FROM student AS T1 JOIN has_pet AS T2 ON T1.stuid  =  T2.stuid JOIN pets AS T3 ON T3.petid  =  T2.petid WHERE T3.pettype  =  'cat')","SELECT Fname, Age FROM Student WHERE StuID IN (SELECT StuID FROM Has_Pet JOIN Pets ON Has_Pet.PetID = Pets.PetID WHERE PetType = 'dog') AND StuID NOT IN (SELECT StuID FROM Has_Pet JOIN Pets ON Has_Pet.PetID = Pets.PetID WHERE PetType = 'cat')"
pets_1,What is the first name of every student who has a dog but does not have a cat?,"SELECT T1.fname ,  T1.age FROM student AS T1 JOIN has_pet AS T2 ON T1.stuid  =  T2.stuid JOIN pets AS T3 ON T3.petid  =  T2.petid WHERE T3.pettype  =  'dog' AND T1.stuid NOT IN (SELECT T1.stuid FROM student AS T1 JOIN has_pet AS T2 ON T1.stuid  =  T2.stuid JOIN pets AS T3 ON T3.petid  =  T2.petid WHERE T3.pettype  =  'cat')",SELECT Fname FROM Student WHERE EXISTS (SELECT 1 FROM Has_Pet JOIN Pets ON Has_Pet.PetID = Pets.PetID WHERE Has_Pet.StuID = Student.StuID AND Pets.PetType = 'Dog') AND NOT EXISTS (SELECT 1 FROM Has_Pet JOIN Pets ON Has_Pet.PetID = Pets.PetID WHERE Has_Pet.StuID = Student.StuID AND Pets.PetType = 'Cat')
pets_1,Find the type and weight of the youngest pet.,"SELECT pettype ,  weight FROM pets ORDER BY pet_age LIMIT 1","SELECT PetType, weight FROM Pets WHERE pet_age = (SELECT MIN(pet_age) FROM Pets)"
pets_1,"What type of pet is the youngest animal, and how much does it weigh?","SELECT pettype ,  weight FROM pets ORDER BY pet_age LIMIT 1","SELECT PetType, weight FROM Pets WHERE pet_age = (SELECT MIN(pet_age) FROM Pets) LIMIT 1;"
pets_1,Find the id and weight of all pets whose age is older than 1.,"SELECT petid ,  weight FROM pets WHERE pet_age  >  1","SELECT PetID, weight FROM Pets WHERE pet_age > 1;"
pets_1,What is the id and weight of every pet who is older than 1?,"SELECT petid ,  weight FROM pets WHERE pet_age  >  1","SELECT PetID, weight FROM Pets WHERE pet_age > 1;"
pets_1,Find the average and maximum age for each type of pet.,"SELECT avg(pet_age) ,  max(pet_age) ,  pettype FROM pets GROUP BY pettype","SELECT PetType, AVG(pet_age) AS avg_age, MAX(pet_age) AS max_age FROM Pets GROUP BY PetType;"
pets_1,What is the average and maximum age for each pet type?,"SELECT avg(pet_age) ,  max(pet_age) ,  pettype FROM pets GROUP BY pettype","SELECT PetType, AVG(pet_age) AS avg_age, MAX(pet_age) AS max_age FROM Pets GROUP BY PetType;"
pets_1,Find the average weight for each pet type.,"SELECT avg(weight) ,  pettype FROM pets GROUP BY pettype","SELECT PetType, AVG(weight) FROM Pets GROUP BY PetType;"
pets_1,What is the average weight for each type of pet?,"SELECT avg(weight) ,  pettype FROM pets GROUP BY pettype","SELECT PetType, AVG(weight) FROM Pets GROUP BY PetType;"
pets_1,Find the first name and age of students who have a pet.,"SELECT DISTINCT T1.fname ,  T1.age FROM student AS T1 JOIN has_pet AS T2 ON T1.stuid  =  T2.stuid","SELECT Fname, Age FROM Student WHERE StuID IN (SELECT StuID FROM Has_Pet)"
pets_1,What are the different first names and ages of the students who do have pets?,"SELECT DISTINCT T1.fname ,  T1.age FROM student AS T1 JOIN has_pet AS T2 ON T1.stuid  =  T2.stuid","SELECT DISTINCT Student.Fname, Student.Age FROM Student INNER JOIN Has_Pet ON Student.StuID = Has_Pet.StuID;"
pets_1,Find the id of the pet owned by student whose last name is ‘Smith’.,SELECT T2.petid FROM student AS T1 JOIN has_pet AS T2 ON T1.stuid  =  T2.stuid WHERE T1.Lname  =  'Smith',SELECT Has_Pet.PetID FROM Has_Pet INNER JOIN Student ON Has_Pet.StuID = Student.StuID WHERE Student.LName = 'Smith'
pets_1,What is the id of the pet owned by the student whose last name is 'Smith'?,SELECT T2.petid FROM student AS T1 JOIN has_pet AS T2 ON T1.stuid  =  T2.stuid WHERE T1.Lname  =  'Smith',SELECT Has_Pet.PetID FROM Has_Pet INNER JOIN Student ON Has_Pet.StuID = Student.StuID WHERE Student.LName = 'Smith';
pets_1,Find the number of pets for each student who has any pet and student id.,"SELECT count(*) ,  T1.stuid FROM student AS T1 JOIN has_pet AS T2 ON T1.stuid  =  T2.stuid GROUP BY T1.stuid","SELECT StuID, COUNT(PetID) FROM Has_Pet GROUP BY StuID;"
pets_1,"For students who have pets , how many pets does each student have ? list their ids instead of names .","select count(*) ,  t1.stuid from student as t1 join has_pet as t2 on t1.stuid  =  t2.stuid group by t1.stuid","SELECT StuID, COUNT(PetID) FROM Has_Pet GROUP BY StuID;"
pets_1,Find the first name and gender of student who have more than one pet.,"SELECT T1.fname ,  T1.sex FROM student AS T1 JOIN has_pet AS T2 ON T1.stuid  =  T2.stuid GROUP BY T1.stuid HAVING count(*)  >  1","SELECT Fname, Sex FROM Student WHERE StuID IN (SELECT StuID FROM Has_Pet GROUP BY StuID HAVING COUNT(PetID) > 1)"
pets_1,What is the first name and gender of the all the students who have more than one pet?,"SELECT T1.fname ,  T1.sex FROM student AS T1 JOIN has_pet AS T2 ON T1.stuid  =  T2.stuid GROUP BY T1.stuid HAVING count(*)  >  1","SELECT Fname, Sex FROM Student WHERE StuID IN (SELECT StuID FROM Has_Pet GROUP BY StuID HAVING COUNT(PetID) > 1)"
pets_1,Find the last name of the student who has a cat that is age 3.,SELECT T1.lname FROM student AS T1 JOIN has_pet AS T2 ON T1.stuid  =  T2.stuid JOIN pets AS T3 ON T3.petid  =  T2.petid WHERE T3.pet_age  =  3 AND T3.pettype  =  'cat',SELECT Student.LName FROM Student JOIN Has_Pet ON Student.StuID = Has_Pet.StuID JOIN Pets ON Has_Pet.PetID = Pets.PetID WHERE Pets.PetType = 'cat' AND Pets.pet_age = 3;
pets_1,What is the last name of the student who has a cat that is 3 years old?,SELECT T1.lname FROM student AS T1 JOIN has_pet AS T2 ON T1.stuid  =  T2.stuid JOIN pets AS T3 ON T3.petid  =  T2.petid WHERE T3.pet_age  =  3 AND T3.pettype  =  'cat',SELECT Student.LName FROM Student JOIN Has_Pet ON Student.StuID = Has_Pet.StuID JOIN Pets ON Has_Pet.PetID = Pets.PetID WHERE Pets.PetType = 'cat' AND Pets.pet_age = 3;
pets_1,Find the average age of students who do not have any pet .,select avg(age) from student where stuid not in (select stuid from has_pet),SELECT AVG(Age) FROM Student WHERE StuID NOT IN (SELECT StuID FROM Has_Pet);
pets_1,What is the average age for all students who do not own any pets ?,select avg(age) from student where stuid not in (select stuid from has_pet),SELECT AVG(s.Age) FROM Student s LEFT JOIN Has_Pet hp ON s.StuID = hp.StuID WHERE hp.StuID IS NULL;
car_1,How many continents are there?,SELECT count(*) FROM CONTINENTS;,SELECT COUNT(*) FROM continents;
car_1,What is the number of continents?,SELECT count(*) FROM CONTINENTS;,SELECT COUNT(*) FROM continents;
car_1,"How many countries does each continent have? List the continent id, continent name and the number of countries.","SELECT T1.ContId ,  T1.Continent ,  count(*) FROM CONTINENTS AS T1 JOIN COUNTRIES AS T2 ON T1.ContId  =  T2.Continent GROUP BY T1.ContId;","SELECT continents.ContId, continents.Continent, COUNT(countries.CountryId) FROM continents LEFT JOIN countries ON continents.ContId = countries.Continent GROUP BY continents.ContId, continents.Continent;"
car_1,"For each continent, list its id, name, and how many countries it has?","SELECT T1.ContId ,  T1.Continent ,  count(*) FROM CONTINENTS AS T1 JOIN COUNTRIES AS T2 ON T1.ContId  =  T2.Continent GROUP BY T1.ContId;","SELECT continents.ContId, continents.Continent, COUNT(countries.CountryId) AS CountryCount FROM continents LEFT JOIN countries ON continents.ContId = countries.Continent GROUP BY continents.ContId, continents.Continent;"
car_1,How many countries are listed?,SELECT count(*) FROM COUNTRIES;,SELECT COUNT(*) FROM countries;
car_1,How many countries exist?,SELECT count(*) FROM COUNTRIES;,SELECT COUNT(*) FROM countries;
car_1,"How many models does each car maker produce? List maker full name, id and the number.","SELECT T1.FullName ,  T1.Id ,  count(*) FROM CAR_MAKERS AS T1 JOIN MODEL_LIST AS T2 ON T1.Id  =  T2.Maker GROUP BY T1.Id;","SELECT car_makers.Id, car_makers.FullName, COUNT(model_list.ModelId) FROM car_makers INNER JOIN model_list ON car_makers.Id = model_list.Maker GROUP BY car_makers.Id;"
car_1,"What is the full name of each car maker, along with its id and how many models it produces?","SELECT T1.FullName ,  T1.Id ,  count(*) FROM CAR_MAKERS AS T1 JOIN MODEL_LIST AS T2 ON T1.Id  =  T2.Maker GROUP BY T1.Id;","SELECT car_makers.Id, car_makers.FullName, COUNT(model_list.Model) AS ModelCount FROM car_makers LEFT JOIN model_list ON car_makers.Id = model_list.Maker GROUP BY car_makers.Id"
car_1,Which model of the car has the minimum horsepower?,SELECT T1.Model FROM CAR_NAMES AS T1 JOIN CARS_DATA AS T2 ON T1.MakeId  =  T2.Id ORDER BY T2.horsepower ASC LIMIT 1;,SELECT car_names.Model FROM cars_data INNER JOIN car_names ON cars_data.Id = car_names.MakeId ORDER BY CAST(cars_data.Horsepower AS REAL) LIMIT 1;
car_1,What is the model of the car with the smallest amount of horsepower?,SELECT T1.Model FROM CAR_NAMES AS T1 JOIN CARS_DATA AS T2 ON T1.MakeId  =  T2.Id ORDER BY T2.horsepower ASC LIMIT 1;,SELECT model_list.Model FROM cars_data INNER JOIN car_names ON cars_data.Id = car_names.MakeId INNER JOIN model_list ON car_names.Model = model_list.Model ORDER BY CAST(cars_data.Horsepower AS INTEGER) LIMIT 1;
car_1,Find the model of the car whose weight is below the average weight.,SELECT T1.model FROM CAR_NAMES AS T1 JOIN CARS_DATA AS T2 ON T1.MakeId  =  T2.Id WHERE T2.Weight  <  (SELECT avg(Weight) FROM CARS_DATA),SELECT model_list.Model FROM model_list INNER JOIN car_names ON model_list.Model = car_names.Model INNER JOIN cars_data ON car_names.MakeId = cars_data.Id WHERE cars_data.Weight < (SELECT AVG(Weight) FROM cars_data) GROUP BY model_list.Model;
car_1,What is the model for the car with a weight smaller than the average?,SELECT T1.model FROM CAR_NAMES AS T1 JOIN CARS_DATA AS T2 ON T1.MakeId  =  T2.Id WHERE T2.Weight  <  (SELECT avg(Weight) FROM CARS_DATA),SELECT model_list.Model FROM model_list JOIN car_names ON model_list.Model = car_names.Model JOIN cars_data ON car_names.MakeId = cars_data.Id WHERE cars_data.Weight < (SELECT AVG(Weight) FROM cars_data)
car_1,Find the name of the makers that produced some cars in the year of 1970?,SELECT DISTINCT T1.Maker FROM CAR_MAKERS AS T1 JOIN MODEL_LIST AS T2 ON T1.Id  =  T2.Maker JOIN CAR_NAMES AS T3 ON T2.model  =  T3.model JOIN CARS_DATA AS T4 ON T3.MakeId  =  T4.id WHERE T4.year  =  '1970';,SELECT DISTINCT car_makers.Maker FROM cars_data JOIN car_names ON cars_data.Id = car_names.MakeId JOIN model_list ON car_names.Model = model_list.Model JOIN car_makers ON model_list.Maker = car_makers.Id WHERE cars_data.Year = 1970;
car_1,What is the name of the different car makers who produced a car in 1970?,SELECT DISTINCT T1.Maker FROM CAR_MAKERS AS T1 JOIN MODEL_LIST AS T2 ON T1.Id  =  T2.Maker JOIN CAR_NAMES AS T3 ON T2.model  =  T3.model JOIN CARS_DATA AS T4 ON T3.MakeId  =  T4.id WHERE T4.year  =  '1970';,SELECT DISTINCT cm.Maker FROM car_makers cm JOIN model_list ml ON cm.Id = ml.Maker JOIN car_names cn ON ml.Model = cn.Model JOIN cars_data cd ON cn.MakeId = cd.Id WHERE cd.Year = 1970;
car_1,Find the make and production time of the cars that were produced in the earliest year?,"SELECT T2.Make ,  T1.Year FROM CARS_DATA AS T1 JOIN CAR_NAMES AS T2 ON T1.Id  =  T2.MakeId WHERE T1.Year  =  (SELECT min(YEAR) FROM CARS_DATA);","SELECT car_names.Make, cars_data.Year FROM car_names INNER JOIN cars_data ON car_names.MakeId = cars_data.Id WHERE cars_data.Year = (SELECT MIN(Year) FROM cars_data)"
car_1,What is the maker of the carr produced in the earliest year and what year was it?,"SELECT T2.Make ,  T1.Year FROM CARS_DATA AS T1 JOIN CAR_NAMES AS T2 ON T1.Id  =  T2.MakeId WHERE T1.Year  =  (SELECT min(YEAR) FROM CARS_DATA);","SELECT car_makers.Maker, cars_data.Year FROM cars_data INNER JOIN car_names ON cars_data.Id = car_names.MakeId INNER JOIN model_list ON car_names.Model = model_list.Model INNER JOIN car_makers ON model_list.Maker = car_makers.Id WHERE cars_data.Year = (SELECT MIN(Year) FROM cars_data) LIMIT 1"
car_1,Which distinct car models are the produced after 1980?,SELECT DISTINCT T1.model FROM MODEL_LIST AS T1 JOIN CAR_NAMES AS T2 ON T1.model  =  T2.model JOIN CARS_DATA AS T3 ON T2.MakeId  =  T3.id WHERE T3.year  >  1980;,SELECT DISTINCT model_list.Model FROM model_list JOIN car_names ON model_list.Model = car_names.Model JOIN cars_data ON car_names.MakeId = cars_data.Id WHERE cars_data.Year > 1980;
car_1,What are the different models for the cards produced after 1980?,SELECT DISTINCT T1.model FROM MODEL_LIST AS T1 JOIN CAR_NAMES AS T2 ON T1.model  =  T2.model JOIN CARS_DATA AS T3 ON T2.MakeId  =  T3.id WHERE T3.year  >  1980;,SELECT DISTINCT model_list.Model FROM model_list JOIN car_names ON model_list.Model = car_names.Model JOIN cars_data ON car_names.MakeId = cars_data.Id WHERE cars_data.Year > 1980;
car_1,How many car makers are there in each continents? List the continent name and the count.,"SELECT T1.Continent ,  count(*) FROM CONTINENTS AS T1 JOIN COUNTRIES AS T2 ON T1.ContId  =  T2.continent JOIN car_makers AS T3 ON T2.CountryId  =  T3.Country GROUP BY T1.Continent;","SELECT continents.Continent, COUNT(car_makers.Id) FROM car_makers INNER JOIN countries ON car_makers.Country = countries.CountryId INNER JOIN continents ON countries.Continent = continents.ContId GROUP BY continents.Continent;"
car_1,What is the name of each continent and how many car makers are there in each one?,"SELECT T1.Continent ,  count(*) FROM CONTINENTS AS T1 JOIN COUNTRIES AS T2 ON T1.ContId  =  T2.continent JOIN car_makers AS T3 ON T2.CountryId  =  T3.Country GROUP BY T1.Continent;","SELECT continents.Continent, COUNT(*) FROM continents JOIN countries ON continents.ContId = countries.Continent JOIN car_makers ON countries.CountryId = car_makers.Country GROUP BY continents.Continent;"
car_1,Which of the countries has the most car makers? List the country name.,SELECT T2.CountryName FROM CAR_MAKERS AS T1 JOIN COUNTRIES AS T2 ON T1.Country  =  T2.CountryId GROUP BY T1.Country ORDER BY Count(*) DESC LIMIT 1;,SELECT c.CountryName FROM car_makers cm JOIN countries c ON cm.Country = c.CountryId GROUP BY c.CountryName ORDER BY COUNT(*) DESC LIMIT 1;
car_1,What is the name of the country with the most car makers?,SELECT T2.CountryName FROM CAR_MAKERS AS T1 JOIN COUNTRIES AS T2 ON T1.Country  =  T2.CountryId GROUP BY T1.Country ORDER BY Count(*) DESC LIMIT 1;,SELECT (SELECT CountryName FROM countries WHERE CountryId = (SELECT Country FROM car_makers ORDER BY (SELECT COUNT(*) FROM car_makers m WHERE m.Country = car_makers.Country) DESC LIMIT 1))
car_1,How many car models are produced by each maker ? Only list the count and the maker full name .,"select count(*) ,  t2.fullname from model_list as t1 join car_makers as t2 on t1.maker  =  t2.id group by t2.id;","SELECT car_makers.FullName, COUNT(model_list.ModelId) FROM car_makers INNER JOIN model_list ON car_makers.Id = model_list.Maker GROUP BY car_makers.Id;"
car_1,What is the number of car models that are produced by each maker and what is the id and full name of each maker?,"SELECT Count(*) ,  T2.FullName ,  T2.id FROM MODEL_LIST AS T1 JOIN CAR_MAKERS AS T2 ON T1.Maker  =  T2.Id GROUP BY T2.id;","SELECT car_makers.Id, car_makers.FullName, COUNT(model_list.Model) AS ModelCount FROM car_makers INNER JOIN model_list ON car_makers.Id = model_list.Maker GROUP BY car_makers.Id, car_makers.FullName;"
car_1,What is the accelerate of the car make amc hornet sportabout (sw)?,SELECT T1.Accelerate FROM CARS_DATA AS T1 JOIN CAR_NAMES AS T2 ON T1.Id  =  T2.MakeId WHERE T2.Make  =  'amc hornet sportabout (sw)';,SELECT cars_data.Accelerate FROM cars_data INNER JOIN car_names ON cars_data.Id = car_names.MakeId WHERE car_names.Model = 'amc hornet sportabout (sw)'
car_1,How much does the car accelerate that makes amc hornet sportabout (sw)?,SELECT T1.Accelerate FROM CARS_DATA AS T1 JOIN CAR_NAMES AS T2 ON T1.Id  =  T2.MakeId WHERE T2.Make  =  'amc hornet sportabout (sw)';,SELECT cars_data.Accelerate FROM cars_data INNER JOIN car_names ON cars_data.Id = car_names.MakeId WHERE car_names.Model = 'AMC Hornet Sportabout (SW)';
car_1,How many car makers are there in france?,SELECT count(*) FROM CAR_MAKERS AS T1 JOIN COUNTRIES AS T2 ON T1.Country  =  T2.CountryId WHERE T2.CountryName  =  'france';,SELECT COUNT(*) FROM car_makers JOIN countries ON car_makers.Country = countries.CountryId WHERE countries.CountryName = 'France'
car_1,What is the number of makers of care in France?,SELECT count(*) FROM CAR_MAKERS AS T1 JOIN COUNTRIES AS T2 ON T1.Country  =  T2.CountryId WHERE T2.CountryName  =  'france';,SELECT COUNT(*) FROM car_makers JOIN countries ON car_makers.Country = countries.CountryId WHERE countries.CountryName = 'France';
car_1,How many car models are produced in the usa?,SELECT count(*) FROM MODEL_LIST AS T1 JOIN CAR_MAKERS AS T2 ON T1.Maker  =  T2.Id JOIN COUNTRIES AS T3 ON T2.Country  =  T3.CountryId WHERE T3.CountryName  =  'usa';,SELECT COUNT(*) FROM model_list JOIN car_makers ON model_list.Maker = car_makers.Id JOIN countries ON car_makers.Country = countries.CountryId WHERE countries.CountryName = 'USA';
car_1,What is the count of the car models produced in the United States?,SELECT count(*) FROM MODEL_LIST AS T1 JOIN CAR_MAKERS AS T2 ON T1.Maker  =  T2.Id JOIN COUNTRIES AS T3 ON T2.Country  =  T3.CountryId WHERE T3.CountryName  =  'usa';,SELECT COUNT(*) FROM model_list WHERE Maker IN (SELECT Id FROM car_makers WHERE Country = (SELECT CountryId FROM countries WHERE CountryName = 'United States'))
car_1,What is the average miles per gallon(mpg) of the cars with 4 cylinders?,SELECT avg(mpg) FROM CARS_DATA WHERE Cylinders  =  4;,SELECT AVG(CAST(MPG AS REAL)) FROM cars_data WHERE Cylinders = 4;
car_1,What is the average miles per gallon of all the cards with 4 cylinders?,SELECT avg(mpg) FROM CARS_DATA WHERE Cylinders  =  4;,SELECT AVG(CAST(MPG AS REAL)) FROM cars_data WHERE Cylinders = 4;
car_1,What is the smallest weight of the car produced with 8 cylinders on 1974 ?,select min(weight) from cars_data where cylinders  =  8 and year  =  1974,SELECT MIN(cars_data.Weight) FROM cars_data INNER JOIN car_names ON cars_data.Id = car_names.MakeId WHERE cars_data.Cylinders = 8 AND cars_data.Year = 1974;
car_1,What is the minimum weight of the car with 8 cylinders produced in 1974 ?,select min(weight) from cars_data where cylinders  =  8 and year  =  1974,SELECT MIN(Weight) FROM cars_data WHERE Cylinders = 8 AND Year = 1974;
car_1,What are all the makers and models?,"SELECT Maker ,  Model FROM MODEL_LIST;","SELECT car_makers.Maker, model_list.Model FROM car_makers INNER JOIN model_list ON car_makers.Id = model_list.Maker;"
car_1,What are the makers and models?,"SELECT Maker ,  Model FROM MODEL_LIST;","SELECT car_makers.Maker, model_list.Model FROM car_makers INNER JOIN model_list ON car_makers.Id = model_list.Maker;"
car_1,What are the countries having at least one car maker? List name and id.,"SELECT T1.CountryName ,  T1.CountryId FROM COUNTRIES AS T1 JOIN CAR_MAKERS AS T2 ON T1.CountryId  =  T2.Country GROUP BY T1.CountryId HAVING count(*)  >=  1;","SELECT DISTINCT countries.CountryId, countries.CountryName FROM countries INNER JOIN car_makers ON countries.CountryId = CAST(car_makers.Country AS INTEGER)"
car_1,What are the names and ids of all countries with at least one car maker?,"SELECT T1.CountryName ,  T1.CountryId FROM COUNTRIES AS T1 JOIN CAR_MAKERS AS T2 ON T1.CountryId  =  T2.Country GROUP BY T1.CountryId HAVING count(*)  >=  1;","SELECT DISTINCT countries.CountryId, countries.CountryName FROM countries INNER JOIN car_makers ON countries.CountryId = CAST(car_makers.Country AS INTEGER)"
car_1,What is the number of the cars with horsepower more than 150?,SELECT count(*) FROM CARS_DATA WHERE horsepower  >  150;,SELECT COUNT(*) FROM cars_data WHERE CAST(Horsepower AS INTEGER) > 150;
car_1,What is the number of cars with a horsepower greater than 150?,SELECT count(*) FROM CARS_DATA WHERE horsepower  >  150;,SELECT COUNT(*) FROM cars_data WHERE CAST(Horsepower AS REAL) > 150;
car_1,What is the average weight of cars each year?,"SELECT avg(Weight) ,  YEAR FROM CARS_DATA GROUP BY YEAR;","SELECT Year, AVG(Weight) FROM cars_data GROUP BY Year;"
car_1,What is the average weight and year for each year?,"SELECT avg(Weight) ,  YEAR FROM CARS_DATA GROUP BY YEAR;","SELECT Year, AVG(Weight), AVG(Year) FROM cars_data GROUP BY Year;"
car_1,Which countries in europe have at least 3 car manufacturers?,SELECT T1.CountryName FROM COUNTRIES AS T1 JOIN CONTINENTS AS T2 ON T1.Continent  =  T2.ContId JOIN CAR_MAKERS AS T3 ON T1.CountryId  =  T3.Country WHERE T2.Continent  =  'europe' GROUP BY T1.CountryName HAVING count(*)  >=  3;,SELECT c.CountryName FROM countries c JOIN car_makers cm ON c.CountryId = cm.Country WHERE c.Continent = (SELECT ContId FROM continents WHERE Continent = 'Europe') GROUP BY c.CountryName HAVING COUNT(cm.Id) >= 3;
car_1,What are the names of all European countries with at least 3 manufacturers?,SELECT T1.CountryName FROM COUNTRIES AS T1 JOIN CONTINENTS AS T2 ON T1.Continent  =  T2.ContId JOIN CAR_MAKERS AS T3 ON T1.CountryId  =  T3.Country WHERE T2.Continent  =  'europe' GROUP BY T1.CountryName HAVING count(*)  >=  3;,SELECT countries.CountryName FROM countries INNER JOIN continents ON countries.Continent = continents.ContId INNER JOIN car_makers ON countries.CountryId = car_makers.Country WHERE continents.Continent = 'Europe' GROUP BY countries.CountryId HAVING COUNT(*) >= 3;
car_1,What is the maximum horsepower and the make of the car models with 3 cylinders?,"SELECT T2.horsepower ,  T1.Make FROM CAR_NAMES AS T1 JOIN CARS_DATA AS T2 ON T1.MakeId  =  T2.Id WHERE T2.cylinders  =  3 ORDER BY T2.horsepower DESC LIMIT 1;","SELECT MAX(CAST(cd.Horsepower AS INTEGER)) AS MaxHorsepower, cm.Maker FROM cars_data cd JOIN car_names cn ON cd.Id = cn.MakeId JOIN model_list ml ON cn.Model = ml.Model JOIN car_makers cm ON ml.Maker = cm.Id WHERE cd.Cylinders = 3;  Wait, but that would group all, but if there are multiple cars with the same max, it would return one. But since we are taking MAX, the first part is a single value, and the Maker would be from one of them. However, if multiple cars have the same max, this might not get all. But the question says ""the make"", which might imply any or all? The question isn't clear, but perhaps the user wants the maximum value and the corresponding make(s). However, the way the tables are structured, perhaps there's only one. But to be safe, maybe use a subquery.  Alternative approach: first find the max horsepower value, then select the makes where Horsepower equals that value.  So:  SELECT CAST(cd.Horsepower AS INTEGER) AS Horsepower, cm.Maker FROM ...  WHERE cd.Cylinders = 3 AND cd.Horsepower = (SELECT MAX(CAST(Horsepower AS INTEGER)) FROM cars_data WHERE Cylinders = 3)  But the user wants the maximum horsepower and the make. So perhaps the first approach would work, but if there are multiple, it would only return one. However, using the subquery approach ensures that all cars with the max horsepower are included.  But the user's question says ""the make of the car models with 3 cylinders"". So the maximum horsepower is a single value, and the makes associated with that value.  But the user wants both the max horsepower and the make. So the query should return the max horsepower value and the corresponding make(s).  But how to structure this in SQL. If I do a SELECT MAX(...), then I can only have that value and perhaps one make. But if there are multiple makes with the same max, that approach would miss others.  But perhaps the data has only one. Let's proceed with the first approach, but maybe the user wants the maximum value and the make. Let me check the tables again.  Alternatively, perhaps the Horsepower in cars_data is stored as a string, but maybe the maximum is unique. But without knowing the data, it's hard to tell.  In any case, the user's question is to return the maximum horsepower and the make. So the correct approach is to find the max horsepower value among 3-cylinder cars, then get the make(s) associated with that value.  So the SQL query would be:  SELECT CAST(cd.Horsepower AS INTEGER) AS MaxHorsepower, cm.Maker FROM cars_data cd JOIN car_names cn ON cd.Id = cn.MakeId JOIN model_list ml ON cn.Model = ml.Model JOIN car_makers cm ON ml.Maker = cm.Id WHERE cd.Cylinders = 3 ORDER BY MaxHorsepower DESC LIMIT 1;  But that would get the highest Horsepower and the corresponding Maker. However, if there are multiple entries with the same max, LIMIT 1 would only return one. Alternatively, use a subquery to find the max value and then select all that match.  But the user might want just the value and one make. Let me check the original question again: ""What is the maximum horsepower and the make of the car models with 3 cylinders?""  So they want the maximum value and the make(s) associated. If there are multiple makes, perhaps the answer should include all. But the question says ""the make"", which could be ambiguous. However, the user might expect a single answer.   But given that, perhaps the correct approach is to first find the maximum value, then select the makes that have that value.  So the SQL would be:  SELECT MAX(CAST(cd.Horsepower AS INTEGER)) AS MaxHorsepower, cm.Maker FROM ...   But that would not correctly associate the Maker with the max value. Because the Maker would be from an arbitrary row. So that approach is incorrect.  The correct way is to find the max value first, then select the rows where Horsepower equals that value.  So:  SELECT CAST(cd.Horsepower AS INTEGER) AS Horsepower, cm.Maker FROM ...  WHERE cd.Cylinders = 3 AND CAST(cd.Horsepower AS INTEGER) = (     SELECT MAX(CAST(cd2.Horsepower AS INTEGER))     FROM cars_data cd2     WHERE cd2.Cylinders = 3 )  This would return all models with 3 cylinders that have the maximum horsepower, along with their makes.  But the user wants the maximum horsepower and the make. So the first column would be the max value, and the second would be the maker(s).  But the user might want just one, but the query should return all applicable.  However, the user's question might expect a single answer, so perhaps there's only one. But the correct SQL should account for all possibilities.  But the user asked for the SQL query. So the correct approach is to write the query that gets the max horsepower and the corresponding make(s).  Putting it all together, the SQL would involve joining the tables as discussed, filtering on Cylinders = 3, and then selecting where Horsepower is equal to the max.  Now, considering all the joins, the final SQL would be:  SELECT CAST(cd.Horsepower AS INTEGER) AS MaxHorsepower, cm.Maker FROM cars_data cd JOIN car_names cn ON cd.Id = cn.MakeId JOIN model_list ml ON cn.Model = ml.Model JOIN car_makers cm ON ml.Maker = cm.Id WHERE cd.Cylinders = 3 AND CAST(cd.Horsepower AS INTEGER) = (     SELECT MAX(CAST(cd2.Horsepower AS INTEGER))     FROM cars_data cd2     WHERE cd2.Cylinders = 3 );  But the user might want the maximum horsepower as a single value and the make. However, the way the question is phrased, it's possible that there's only one car with the max, so this query would work.  Alternatively, if the user wants the maximum value and the make, perhaps using a subquery to get the max and then"
car_1,What is the largest amount of horsepower for the models with 3 cylinders and what make is it?,"SELECT T2.horsepower ,  T1.Make FROM CAR_NAMES AS T1 JOIN CARS_DATA AS T2 ON T1.MakeId  =  T2.Id WHERE T2.cylinders  =  3 ORDER BY T2.horsepower DESC LIMIT 1;","SELECT cm.Maker, CAST(cd.Horsepower AS INTEGER) FROM cars_data cd JOIN car_names cn ON cd.Id = cn.MakeId JOIN model_list ml ON cn.Model = ml.Model JOIN car_makers cm ON ml.Maker = cm.Id WHERE cd.Cylinders = 3 ORDER BY CAST(cd.Horsepower AS INTEGER) DESC LIMIT 1;"
car_1,"Which model saves the most gasoline? That is to say, have the maximum miles per gallon.",SELECT T1.Model FROM CAR_NAMES AS T1 JOIN CARS_DATA AS T2 ON T1.MakeId  =  T2.Id ORDER BY T2.mpg DESC LIMIT 1;,SELECT car_names.Model FROM cars_data JOIN car_names ON cars_data.Id = car_names.MakeId ORDER BY CAST(cars_data.MPG AS REAL) DESC LIMIT 1;
car_1,What is the car model with the highest mpg ?,select t1.model from car_names as t1 join cars_data as t2 on t1.makeid  =  t2.id order by t2.mpg desc limit 1;,SELECT model_list.Model FROM model_list JOIN car_names ON model_list.Model = car_names.Model JOIN cars_data ON car_names.MakeId = cars_data.Id ORDER BY CAST(cars_data.MPG AS REAL) DESC LIMIT 1;
car_1,What is the average horsepower of the cars before 1980?,SELECT avg(horsepower) FROM CARS_DATA WHERE YEAR  <  1980;,SELECT AVG(CAST(cars_data.Horsepower AS REAL)) FROM cars_data WHERE cars_data.Year < 1980;
car_1,What is the average horsepower for all cars produced before 1980 ?,select avg(horsepower) from cars_data where year  <  1980;,SELECT AVG(CAST(Horsepower AS REAL)) FROM cars_data WHERE Year < 1980;
car_1,What is the average edispl of the cars of model volvo?,SELECT avg(T2.edispl) FROM CAR_NAMES AS T1 JOIN CARS_DATA AS T2 ON T1.MakeId  =  T2.Id WHERE T1.Model  =  'volvo';,SELECT AVG(cars_data.Edispl) FROM cars_data JOIN car_names ON cars_data.Id = car_names.MakeId JOIN model_list ON car_names.Model = model_list.Model WHERE model_list.Model = 'Volvo'
car_1,What is the average edispl for all volvos?,SELECT avg(T2.edispl) FROM CAR_NAMES AS T1 JOIN CARS_DATA AS T2 ON T1.MakeId  =  T2.Id WHERE T1.Model  =  'volvo';,SELECT AVG(cars_data.Edispl) FROM cars_data JOIN car_names ON cars_data.Id = car_names.MakeId JOIN model_list ON car_names.Model = model_list.Model JOIN car_makers ON model_list.Maker = car_makers.Id WHERE car_makers.Maker = 'Volvo'
car_1,What is the maximum accelerate for different number of cylinders?,"SELECT max(Accelerate) ,  Cylinders FROM CARS_DATA GROUP BY Cylinders;","SELECT Cylinders, MAX(Accelerate) FROM cars_data GROUP BY Cylinders ORDER BY Cylinders;"
car_1,What is the maximum accelerate for all the different cylinders?,"SELECT max(Accelerate) ,  Cylinders FROM CARS_DATA GROUP BY Cylinders;","SELECT Cylinders, MAX(Accelerate) FROM cars_data GROUP BY Cylinders;"
car_1,Which model has the most version(make) of cars?,SELECT Model FROM CAR_NAMES GROUP BY Model ORDER BY count(*) DESC LIMIT 1;,"SELECT Model, COUNT(*) AS count FROM model_list GROUP BY Model ORDER BY count DESC LIMIT 1;  But given the schema, the Model is unique, so this would return each model once, count 1. Therefore, the answer would be any model. But since the user is asking for the model with the most makes, perhaps the correct approach is to consider that the Model in car_names is not unique. Let's look at car_names:  car_names has a Model column that references"
car_1,What model has the most different versions?,SELECT Model FROM CAR_NAMES GROUP BY Model ORDER BY count(*) DESC LIMIT 1;,SELECT ml.Model FROM cars_data cd JOIN car_names cn ON cd.Id = cn.MakeId JOIN model_list ml ON cn.Model = ml.Model GROUP BY ml.Model ORDER BY COUNT(*) DESC LIMIT 1;
car_1,How many cars have more than 4 cylinders?,SELECT count(*) FROM CARS_DATA WHERE Cylinders  >  4;,SELECT COUNT(*) FROM cars_data WHERE Cylinders > 4;
car_1,What is the number of cars with more than 4 cylinders?,SELECT count(*) FROM CARS_DATA WHERE Cylinders  >  4;,SELECT COUNT(*) FROM cars_data WHERE Cylinders > 4;
car_1,how many cars were produced in 1980?,SELECT count(*) FROM CARS_DATA WHERE YEAR  =  1980;,SELECT COUNT(*) FROM cars_data WHERE Year = 1980;
car_1,"In 1980, how many cars were made?",SELECT count(*) FROM CARS_DATA WHERE YEAR  =  1980;,SELECT COUNT(*) FROM cars_data WHERE Year = 1980;
car_1,How many car models were produced by the maker with full name American Motor Company?,SELECT count(*) FROM CAR_MAKERS AS T1 JOIN MODEL_LIST AS T2 ON T1.Id  =  T2.Maker WHERE T1.FullName  =  'American Motor Company';,SELECT COUNT(*) FROM model_list WHERE Maker = (SELECT Id FROM car_makers WHERE FullName = 'American Motor Company')
car_1,What is the number of car models created by the car maker American Motor Company?,SELECT count(*) FROM CAR_MAKERS AS T1 JOIN MODEL_LIST AS T2 ON T1.Id  =  T2.Maker WHERE T1.FullName  =  'American Motor Company';,SELECT COUNT(*) FROM model_list WHERE Maker = (SELECT Id FROM car_makers WHERE Maker = 'American Motor Company')
car_1,Which makers designed more than 3 car models? List full name and the id.,"SELECT T1.FullName ,  T1.Id FROM CAR_MAKERS AS T1 JOIN MODEL_LIST AS T2 ON T1.Id  =  T2.Maker GROUP BY T1.Id HAVING count(*)  >  3;","SELECT car_makers.Id, car_makers.FullName FROM car_makers INNER JOIN model_list ON car_makers.Id = model_list.Maker GROUP BY car_makers.Id HAVING COUNT(model_list.Model) > 3;"
car_1,What are the names and ids of all makers with more than 3 models?,"SELECT T1.FullName ,  T1.Id FROM CAR_MAKERS AS T1 JOIN MODEL_LIST AS T2 ON T1.Id  =  T2.Maker GROUP BY T1.Id HAVING count(*)  >  3;","SELECT car_makers.Id, car_makers.Maker FROM car_makers INNER JOIN model_list ON car_makers.Id = model_list.Maker GROUP BY car_makers.Id HAVING COUNT(model_list.Model) > 3;"
car_1,Which distinctive models are produced by maker with the full name General Motors or weighing more than 3500?,SELECT DISTINCT T2.Model FROM CAR_NAMES AS T1 JOIN MODEL_LIST AS T2 ON T1.Model  =  T2.Model JOIN CAR_MAKERS AS T3 ON T2.Maker  =  T3.Id JOIN CARS_DATA AS T4 ON T1.MakeId  =  T4.Id WHERE T3.FullName  =  'General Motors' OR T4.weight  >  3500;,SELECT model_list.Model FROM car_makers INNER JOIN model_list ON car_makers.Id = model_list.Maker WHERE car_makers.FullName = 'General Motors' UNION SELECT model_list.Model FROM model_list INNER JOIN car_names ON model_list.Model = car_names.Model INNER JOIN cars_data ON car_names.MakeId = cars_data.Id WHERE cars_data.Weight > 3500;
car_1,What are the different models created by either the car maker General Motors or weighed more than 3500?,SELECT DISTINCT T2.Model FROM CAR_NAMES AS T1 JOIN MODEL_LIST AS T2 ON T1.Model  =  T2.Model JOIN CAR_MAKERS AS T3 ON T2.Maker  =  T3.Id JOIN CARS_DATA AS T4 ON T1.MakeId  =  T4.Id WHERE T3.FullName  =  'General Motors' OR T4.weight  >  3500;,SELECT DISTINCT model_list.Model FROM model_list JOIN car_makers ON model_list.Maker = car_makers.Id JOIN car_names ON model_list.Model = car_names.Model JOIN cars_data ON car_names.MakeId = cars_data.Id WHERE car_makers.Maker = 'General Motors' OR cars_data.Weight > 3500;
car_1,In which years cars were produced weighing no less than 3000 and no more than 4000 ?,select distinct year from cars_data where weight between 3000 and 4000;,SELECT DISTINCT Year FROM cars_data WHERE Weight BETWEEN 3000 AND 4000;
car_1,What are the different years in which there were cars produced that weighed less than 4000 and also cars that weighted more than 3000 ?,select distinct year from cars_data where weight between 3000 and 4000;,SELECT DISTINCT Year FROM cars_data WHERE Weight < 4000 AND Weight > 3000 ORDER BY Year;
car_1,What is the horsepower of the car with the largest accelerate?,SELECT T1.horsepower FROM CARS_DATA AS T1 ORDER BY T1.accelerate DESC LIMIT 1;,SELECT Horsepower FROM cars_data ORDER BY Accelerate DESC LIMIT 1;
car_1,What is the horsepower of the car with the greatest accelerate?,SELECT T1.horsepower FROM CARS_DATA AS T1 ORDER BY T1.accelerate DESC LIMIT 1;,SELECT Horsepower FROM cars_data ORDER BY Accelerate DESC LIMIT 1;
car_1,"For model volvo, how many cylinders does the car with the least accelerate have?",SELECT T1.cylinders FROM CARS_DATA AS T1 JOIN CAR_NAMES AS T2 ON T1.Id  =  T2.MakeId WHERE T2.Model  =  'volvo' ORDER BY T1.accelerate ASC LIMIT 1;,SELECT Cylinders FROM cars_data WHERE Id IN (SELECT MakeId FROM car_names WHERE Model IN (SELECT Model FROM model_list WHERE Maker IN (SELECT Id FROM car_makers WHERE Maker = 'Volvo'))) ORDER BY Accelerate LIMIT 1;
car_1,"For a volvo model, how many cylinders does the version with least accelerate have?",SELECT T1.cylinders FROM CARS_DATA AS T1 JOIN CAR_NAMES AS T2 ON T1.Id  =  T2.MakeId WHERE T2.Model  =  'volvo' ORDER BY T1.accelerate ASC LIMIT 1;,SELECT Cylinders FROM cars_data INNER JOIN car_names ON cars_data.Id = car_names.MakeId INNER JOIN model_list ON car_names.Model = model_list.Model INNER JOIN car_makers ON model_list.Maker = car_makers.Id WHERE car_makers.Maker = 'Volvo' ORDER BY Accelerate LIMIT 1;
car_1,How many cars have a larger accelerate than the car with the largest horsepower?,SELECT COUNT(*) FROM CARS_DATA WHERE Accelerate  >  ( SELECT Accelerate FROM CARS_DATA ORDER BY Horsepower DESC LIMIT 1 );,SELECT COUNT(*) FROM cars_data WHERE Accelerate > ALL (SELECT Accelerate FROM cars_data WHERE CAST(Horsepower AS INTEGER) = (SELECT MAX(CAST(Horsepower AS INTEGER)) FROM cars_data))
car_1,What is the number of cars with a greater accelerate than the one with the most horsepower?,SELECT COUNT(*) FROM CARS_DATA WHERE Accelerate  >  ( SELECT Accelerate FROM CARS_DATA ORDER BY Horsepower DESC LIMIT 1 );,"SELECT MAX(CAST(Horsepower AS INTEGER)) FROM cars_data;  Then, find the Accelerate value of the car(s) with that horsepower. But there might be multiple cars with that same max horsepower. For example, if two cars have the same max horsepower. Then, each of those cars has their own acceleration. But the question says ""the one with the most horsepower""—so perhaps we need to compare against all those accelerations? Or take the maximum acceleration among them? Or maybe the minimum?  But the question is phrased as ""greater than the one with the most horsepower""—if there are multiple, perhaps the answer is not well-defined. However, perhaps the problem assumes that there is only one car with the maximum horsepower. Let's proceed under that assumption.  So, the SQL query would be:  First, find the Accelerate value of the car with the maximum horsepower. Then, count the number of cars where Accelerate is greater than that value.  Putting it all together, the query would involve a subquery to get the acceleration of the max horsepower car, then count how many cars have higher acceleration.  But how to structure this in SQL?  First, find the max horsepower:  SELECT CAST(Horsepower AS INTEGER) AS max_hp FROM cars_data ORDER BY max_hp DESC LIMIT 1;  But then, get the acceleration of that car. Wait, but there might be multiple cars with that same max_hp. So perhaps:  SELECT Accelerate FROM cars_data WHERE CAST(Horsepower AS INTEGER) = (SELECT MAX(CAST(Horsepower AS INTEGER)) FROM cars_data)  But if there are multiple, then this subquery returns multiple values. So if we use > (subquery) in the WHERE clause, it depends on how many values are returned. But if the subquery returns more than one value, using > would require that the value is greater than all of them? Or any of them? That's not allowed in SQL. So perhaps we need to take the minimum or maximum of those accelerations.  But the question is ambiguous. However, perhaps the problem expects that there is only one car with the maximum horsepower, so the subquery returns a single value.  Assuming that, the query would be:  SELECT COUNT(*) FROM cars_data WHERE Accelerate > (     SELECT Accelerate FROM cars_data     WHERE CAST(Horsepower AS INTEGER) = (         SELECT MAX(CAST(Horsepower AS INTEGER)) FROM cars_data     )     LIMIT 1 );  But wait, if there are multiple cars with max horsepower, the inner subquery might return multiple Accelerate values. However, the LIMIT 1 would pick one of them. But which one? It depends on the database's behavior. Since SQLite's LIMIT without ORDER BY returns an arbitrary row, this might not be reliable. However, given the problem's phrasing, perhaps we can proceed.  Alternatively, perhaps the question wants the acceleration of the car with the maximum horsepower, and if there are multiple, take the maximum acceleration among them. Then, count how many cars have acceleration higher than that.  But that's getting complicated. Let's try to structure the SQL accordingly.  First, find the maximum horsepower value:  SELECT MAX(CAST(Horsepower AS INTEGER)) FROM cars_data;  Then, find the maximum acceleration among the cars that have that max horsepower. Wait, no. The question says ""the one with the most horsepower""—if there are multiple, perhaps the user wants to compare against the acceleration of each of those cars. But the question is about ""the number of cars with a greater accelerate than the one..."" So if there are multiple cars with max horsepower, each of them would have their own acceleration. The count would be the number of cars with acceleration higher than each of those. But that's not possible unless we take the minimum acceleration among them. For example, if there are two cars with max horsepower, one with acceleration 10 and another with 12. Then, cars with acceleration > 10 would include those with acceleration >12, but if we take the max, then cars with acceleration >12 would be the ones to count. The problem is ambiguous.  But given the problem's phrasing, perhaps the intended approach is to find the acceleration of the car with the highest horsepower (assuming one), then count how many cars have higher acceleration than that.  So the SQL query would be:  SELECT COUNT(*) FROM cars_data WHERE Accelerate > (     SELECT Accelerate FROM cars_data     WHERE CAST(Horsepower AS INTEGER) = (         SELECT MAX(CAST(Horsepower AS INTEGER)) FROM cars_data     )     LIMIT 1 );  But again, the LIMIT 1 may not be safe. Alternatively, perhaps the problem expects that the car with the most horsepower is unique. So perhaps the correct approach is to find the car with the maximum horsepower, get its acceleration, then count how many cars have higher acceleration.  Another approach is to find the acceleration of the car that has both the maximum horsepower and, in case of ties, the maximum acceleration. But that's getting more complex.  Alternatively, perhaps the problem wants the acceleration of the car with the highest horsepower, and if there are multiple, take the one with the highest acceleration. Then, count how many cars have higher acceleration than that. But that would result in zero, because that car's acceleration is the highest. Hmm.  Alternatively, maybe the problem is to find the car with the highest horsepower, and then count how many cars have acceleration higher than that car's acceleration. So regardless of other cars with same horsepower.  So the correct SQL would be:  SELECT COUNT(*) FROM cars_data WHERE Accelerate > (     SELECT Accelerate FROM cars_data     WHERE CAST(Horsepower AS INTEGER) = (         SELECT MAX(CAST(Horsepower AS INTEGER)) FROM cars_data     )     LIMIT 1 );  But again, the LIMIT 1 is arbitrary. However, given the problem's phrasing, perhaps that's acceptable.  Another possible approach is to find the maximum horsepower, then find all cars with that horsepower, collect their accelerations, and then count how many cars have acceleration higher than all of them. But that's more complex.  But given the ambiguity, perhaps the intended answer is to find the acceleration of the car with the maximum horsepower (assuming one), then count how many cars have higher acceleration.  So the SQL query would be:  SELECT COUNT(*) FROM cars_data WHERE Accelerate > (     SELECT"
car_1,How many countries has more than 2 car makers ?,select count(*) from countries as t1 join car_makers as t2 on t1.countryid  =  t2.country group by t1.countryid having count(*)  >  2,SELECT COUNT(*) FROM (SELECT Country FROM car_makers GROUP BY Country HAVING COUNT(*) > 2)
car_1,What is the number of countries with more than 2 car makers ?,select count(*) from countries as t1 join car_makers as t2 on t1.countryid  =  t2.country group by t1.countryid having count(*)  >  2,SELECT COUNT(*) FROM (SELECT Country FROM car_makers GROUP BY Country HAVING COUNT(*)>2)
car_1,How many cars has over 6 cylinders?,SELECT COUNT(*) FROM CARS_DATA WHERE Cylinders  >  6;,SELECT COUNT(*) FROM cars_data WHERE Cylinders > 6;
car_1,What is the number of carsw ith over 6 cylinders?,SELECT COUNT(*) FROM CARS_DATA WHERE Cylinders  >  6;,SELECT COUNT(*) FROM cars_data WHERE Cylinders > 6;
car_1,"For the cars with 4 cylinders, which model has the largest horsepower?",SELECT T1.Model FROM CAR_NAMES AS T1 JOIN CARS_DATA AS T2 ON T1.MakeId  =  T2.Id WHERE T2.Cylinders  =  4 ORDER BY T2.horsepower DESC LIMIT 1;,SELECT model_list.Model FROM cars_data JOIN car_names ON cars_data.Id = car_names.MakeId JOIN model_list ON car_names.Model = model_list.Model WHERE cars_data.Cylinders = 4 ORDER BY CAST(cars_data.Horsepower AS INTEGER) DESC LIMIT 1;
car_1,"For all of the 4 cylinder cars, which model has the most horsepower?",SELECT T1.Model FROM CAR_NAMES AS T1 JOIN CARS_DATA AS T2 ON T1.MakeId  =  T2.Id WHERE T2.Cylinders  =  4 ORDER BY T2.horsepower DESC LIMIT 1;,SELECT car_names.Model FROM cars_data JOIN car_names ON cars_data.Id = car_names.MakeId WHERE cars_data.Cylinders = 4 ORDER BY CAST(cars_data.Horsepower AS INTEGER) DESC LIMIT 1;
car_1,"Among the cars with more than lowest horsepower, which ones do not have more than 3 cylinders? List the car makeid and make name.","SELECT T2.MakeId ,  T2.Make FROM CARS_DATA AS T1 JOIN CAR_NAMES AS T2 ON T1.Id  =  T2.MakeId WHERE T1.Horsepower  >  (SELECT min(Horsepower) FROM CARS_DATA) AND T1.Cylinders  <=  3;","SELECT cn.MakeId, cn.Make FROM cars_data cd JOIN car_names cn ON cd.Id = cn.MakeId WHERE CAST(cd.Horsepower AS INTEGER) > (SELECT MIN(CAST(Horsepower AS INTEGER)) FROM cars_data) AND cd.Cylinders <= 3;"
car_1,"Among the cars that do not have the minimum horsepower , what are the make ids and names of all those with less than 4 cylinders ?","select t2.makeid ,  t2.make from cars_data as t1 join car_names as t2 on t1.id  =  t2.makeid where t1.horsepower  >  (select min(horsepower) from cars_data) and t1.cylinders  <  4;","SELECT car_makers.Id, car_makers.Maker FROM cars_data INNER JOIN car_names ON cars_data.Id = car_names.MakeId INNER JOIN model_list ON car_names.Model = model_list.Model INNER JOIN car_makers ON model_list.Maker = car_makers.Id WHERE cars_data.Cylinders < 4 AND CAST(cars_data.Horsepower AS INTEGER) > (SELECT MIN(CAST(Horsepower AS INTEGER)) FROM cars_data)"
car_1,What is the maximum miles per gallon of the car with 8 cylinders or produced before 1980 ?,select max(mpg) from cars_data where cylinders  =  8 or year  <  1980,SELECT MAX(CAST(MPG AS REAL)) FROM cars_data WHERE Cylinders = 8 OR Year < 1980;
car_1,What is the maximum mpg of the cars that had 8 cylinders or that were produced before 1980 ?,select max(mpg) from cars_data where cylinders  =  8 or year  <  1980,SELECT MAX(CAST(MPG AS REAL)) FROM cars_data WHERE Cylinders = 8 OR Year < 1980;
car_1,Which models are lighter than 3500 but not built by the 'Ford Motor Company'?,SELECT DISTINCT T1.model FROM MODEL_LIST AS T1 JOIN CAR_NAMES AS T2 ON T1.Model  =  T2.Model JOIN CARS_DATA AS T3 ON T2.MakeId  =  T3.Id JOIN CAR_MAKERS AS T4 ON T1.Maker  =  T4.Id WHERE T3.weight  <  3500 AND T4.FullName != 'Ford Motor Company';,SELECT model_list.Model FROM model_list INNER JOIN car_makers ON model_list.Maker = car_makers.Id INNER JOIN car_names ON model_list.Model = car_names.Model INNER JOIN cars_data ON car_names.MakeId = cars_data.Id WHERE cars_data.Weight < 3500 AND car_makers.FullName != 'Ford Motor Company'
car_1,What are the different models wthat are lighter than 3500 but were not built by the Ford Motor Company?,SELECT DISTINCT T1.model FROM MODEL_LIST AS T1 JOIN CAR_NAMES AS T2 ON T1.Model  =  T2.Model JOIN CARS_DATA AS T3 ON T2.MakeId  =  T3.Id JOIN CAR_MAKERS AS T4 ON T1.Maker  =  T4.Id WHERE T3.weight  <  3500 AND T4.FullName != 'Ford Motor Company';,SELECT DISTINCT model_list.Model FROM cars_data JOIN car_names ON cars_data.Id = car_names.MakeId JOIN model_list ON car_names.Model = model_list.Model JOIN car_makers ON model_list.Maker = car_makers.Id WHERE cars_data.Weight < 3500 AND car_makers.FullName != 'Ford Motor Company'
car_1,What are the name of the countries where there is not a single car maker?,SELECT CountryName FROM countries EXCEPT SELECT T1.CountryName FROM countries AS T1 JOIN CAR_MAKERS AS T2 ON T1.countryId  =  T2.Country;,SELECT CountryName FROM countries LEFT JOIN car_makers ON countries.CountryId = car_makers.Country WHERE car_makers.Id IS NULL;
car_1,What are the names of the countries with no car makers?,SELECT CountryName FROM countries EXCEPT SELECT T1.CountryName FROM countries AS T1 JOIN CAR_MAKERS AS T2 ON T1.countryId  =  T2.Country;,SELECT CountryName FROM countries LEFT JOIN car_makers ON countries.CountryId = car_makers.Country WHERE car_makers.Id IS NULL;
car_1,Which are the car makers which produce at least 2 models and more than 3 car makers ? List the id and the maker .,"select t1.id ,  t1.maker from car_makers as t1 join model_list as t2 on t1.id  =  t2.maker group by t1.id having count(*)  >=  2 intersect select t1.id ,  t1.maker from car_makers as t1 join model_list as t2 on t1.id  =  t2.maker join car_names as t3 on t2.model  =  t3.model group by t1.id having count(*)  >  3;","SELECT Id, Maker FROM car_makers WHERE Id IN (SELECT Maker FROM model_list GROUP BY Maker HAVING COUNT(Model) >= 2) AND (SELECT COUNT(DISTINCT Maker) FROM car_makers) > 3;"
car_1,What are the ids and makers of all car makers that produce at least 2 models and make more than 3 cars?,"SELECT T1.Id ,  T1.Maker FROM CAR_MAKERS AS T1 JOIN MODEL_LIST AS T2 ON T1.Id  =  T2.Maker GROUP BY T1.Id HAVING count(*)  >=  2 INTERSECT SELECT T1.Id ,  T1.Maker FROM CAR_MAKERS AS T1 JOIN MODEL_LIST AS T2 ON T1.Id  =  T2.Maker JOIN CAR_NAMES AS T3 ON T2.model  =  T3.model GROUP BY T1.Id HAVING count(*)  >  3;","SELECT Maker, COUNT(*) AS model_count FROM model_list GROUP BY Maker HAVING COUNT(*) >= 2;  Then, for the cars count, need to count how many cars are in cars_data for each maker. Let's think about the joins:  cars_data.Id → car_names.MakeId → car_names.Model → model_list.Model → model_list.Maker → car_makers.Id.  So, to get the count of cars per maker:  SELECT m.Id, COUNT(*) AS car_count FROM car_makers m JOIN model_list mdl ON m.Id = mdl.Maker JOIN car_names cn ON mdl.Model = cn.Model JOIN cars_data cd ON cn.MakeId = cd.Id GROUP BY m.Id HAVING COUNT(*) > 3;  But wait, is that correct? Because each model might have multiple car_names entries? Or is each car_names entry a specific model instance? For example, if a model is ""Camry"", then car_names might have entries for different makes? Or maybe each model in model_list is unique, and car_names links to that model. Then cars_data is individual cars. So, for each car in cars_data, it's linked to a specific model (via car_names and model_list), which is linked to a maker. Therefore, the count of cars_data entries per maker would be the total number of cars made by that maker.  So combining both counts:  We need to select car_makers.Id and Maker where:  - The count of models (from model_list) for that maker is >=2.  - The count of cars (from cars_data) linked to that maker is >3.  So, putting it all together:  SELECT m.Id, m.Maker FROM car_makers m JOIN model_list mdl ON m.Id = mdl.Maker JOIN car_names cn ON mdl.Model = cn.Model JOIN cars_data cd ON cn.MakeId = cd.Id GROUP BY m.Id HAVING COUNT(DISTINCT mdl.Model) >= 2 AND COUNT(cd.Id) > 3;  Wait, but COUNT(DISTINCT mdl.Model) would count the number of distinct models for each maker. However, if a maker has multiple models, each model may contribute multiple cars. But in the join, if there are multiple cars per model, then COUNT(cd.Id) would count all cars. However, the problem requires that the maker has at least 2 models (so COUNT(DISTINCT mdl.Model) >=2) and that the total number of cars made (COUNT(cd.Id)) is >3.  But there's a problem here: if a maker has two models, each with two cars, then total cars is 4, which meets the >3 condition. But if we join all these tables, the GROUP BY m.Id would aggregate all the cars. However, the initial JOINs may cause duplication. For example, each model in model_list is joined with car_names and cars_data. But if a model has multiple cars, then each car would be counted. However, if a model isn't present in car_names or cars_data, then it won't be counted. So, perhaps some makers have models but no cars. But the HAVING clause would filter those out.  But the problem requires that the maker has at least 2 models (so even if those models don't have cars, but the question says ""make more than 3 cars""—so maybe the maker must have both conditions. However, if a maker has 2 models but 0 cars, it wouldn't meet the second condition. But the query would exclude them because COUNT(cd.Id) would be 0.  But the user wants makers that have at least 2 models AND more than 3 cars. So the query above would work if the joins are correct.  But another approach is to use subqueries for each count. For example:  SELECT m.Id, m.Maker FROM car_makers m WHERE (     SELECT COUNT(*)      FROM model_list mdl      WHERE mdl.Maker = m.Id ) >= 2 AND (     SELECT COUNT(*)     FROM model_list mdl     JOIN car_names cn ON mdl.Model = cn.Model     JOIN cars_data cd ON cn.MakeId = cd.Id     WHERE mdl.Maker = m.Id ) > 3;  This might be more accurate because it avoids issues with joins causing incorrect counts. For example, if a model is linked to multiple car_names entries, which are linked to multiple cars_data entries. The subquery for car count would count all those cars. The model count is straightforward from model_list.  But how to handle cases where a maker has models but no cars? The subquery for car count would return 0, which would fail the >3 condition.  This approach might be better because it ensures that the model count is based solely on model_list, and the car count is based on the joined tables. However, the subquery for car count may need to be optimized.  Another thing to consider: the car_names.Model references model_list.Model, which is UNIQUE. So, the join between car_names and model_list on Model should be safe.  So, putting it all together, the SQL query would be:  SELECT Id, Maker FROM car_makers WHERE (SELECT COUNT(*) FROM model_list WHERE Maker = car_makers.Id) >= 2 AND (SELECT COUNT(*) FROM model_list JOIN car_names ON model_list.Model = car_names.Model JOIN cars_data ON car_names.MakeId = cars_data.Id WHERE model_list.Maker = car_makers.Id) > 3;  But need to test if this works. Also, need to make sure that the COUNT in the subqueries is correct.  Alternatively, using GROUP BY and HAVING:  SELECT m.Id, m.Maker FROM car_makers m INNER JOIN model_list mdl ON m.Id = mdl.Maker INNER JOIN car_names cn ON mdl.Model = cn.Model INNER JOIN cars_data cd ON cn.MakeId = cd.Id GROUP BY m.Id HAVING COUNT(DISTINCT mdl.Model) >= 2 AND COUNT(cd.Id) > 3;  But here, the COUNT(DISTINCT mdl.Model) counts the number of models per maker, but because of the join with cars_data, if a model has multiple cars, it's counted once for each car. So, for example, if a maker has 2 models, each with 2 cars, then the total rows would be 4. COUNT(DISTINCT mdl.Model) would be 2, which is correct. COUNT(cd.Id) would be 4, which is >3. So this would work.  But what if a maker has 2 models, but one model has 3 cars and another has 1? Total cars is 4. Then COUNT(cd.Id) is 4, which meets the condition. So this approach works.  But what if a maker has 3 models, but only 2 of them have cars? For example, 2 models with 2 cars each (total 4 cars). Then"
car_1,What are the id and names of the countries which have more than 3 car makers or produce the 'fiat' model?,"SELECT T1.countryId ,  T1.CountryName FROM Countries AS T1 JOIN CAR_MAKERS AS T2 ON T1.CountryId  =  T2.Country GROUP BY T1.countryId HAVING count(*)  >  3 UNION SELECT T1.countryId ,  T1.CountryName FROM Countries AS T1 JOIN CAR_MAKERS AS T2 ON T1.CountryId  =  T2.Country JOIN MODEL_LIST AS T3 ON T2.Id  =  T3.Maker WHERE T3.Model  =  'fiat';","SELECT Country FROM car_makers GROUP BY Country HAVING COUNT(*) > 3  Then, countries that have any car maker producing 'fiat' model. To get that, first find the Maker ID from model_list where Model is 'fiat', then get their Country from car_makers.   But model_list has Maker as an integer (foreign key to car_makers.Id). So:  SELECT DISTINCT Country FROM model_list INNER JOIN car_makers ON model_list.Maker = car_makers.Id WHERE model = 'fiat'  Once I have both sets of countries, I need to combine them with OR. So in the final query, select countries where CountryId is in either of these two sets.  So the final query would select from countries where CountryId is in (countries with >3 makers) OR in (countries producing fiat).  But how to write this in SQL?  The main query would be:  SELECT CountryId, CountryName FROM countries WHERE CountryId IN (     SELECT Country FROM car_makers GROUP BY Country HAVING COUNT(*) > 3     UNION     SELECT DISTINCT Country FROM model_list     INNER JOIN car_makers ON model_list.Maker = car_makers.Id     WHERE model_list.Model = 'fiat' )  Wait, but UNION removes duplicates. However, if a country is in both sets, it will still be included once. Since the user wants OR, that's correct.  But maybe using OR in the WHERE clause would be better. Let me think again.  Alternative approach:  SELECT CountryId, CountryName FROM countries WHERE      CountryId IN (SELECT Country FROM car_makers GROUP BY Country HAVING COUNT(*) > 3)     OR     CountryId IN (         SELECT DISTINCT Country FROM model_list         INNER JOIN car_makers ON model_list.Maker = car_makers.Id         WHERE model_list.Model = 'fiat'     )  This might be more efficient and clearer.   Now, need to make sure that the joins are correct. For the fiat part, model_list has the Model, and we need to link to car_makers.Country. So joining model_list.Maker with car_makers.Id is correct.  Now, check if the Country in car_makers is the correct foreign key. Yes, according to the schema, car_makers.Country is a TEXT that references countries.CountryId. Wait, countries.CountryId is INTEGER. So car_makers.Country is an INTEGER? Wait, looking back:  In the countries table, the primary key is CountryId INTEGER. The car_makers table has Country TEXT, but the foreign key is defined as FOREIGN KEY (Country) REFERENCES countries(CountryId). Wait, that's a problem. Because Country in car_makers is TEXT, but it's referencing CountryId which is INTEGER. That's a mistake in the schema. But maybe the user made a typo? Or maybe it's intentional. But according to the schema given, we have to work with that. So, the Country field in car_makers is TEXT, but it's supposed to reference countries.CountryId (INTEGER). That's probably an error, but since the user provided it that way, we have to proceed. However, in practice, that would not work. But assuming that the data is correct, perhaps the Country in car_makers is actually storing the integer as text. But maybe the user intended Country to be CountryId. Maybe it's a mistake in the schema. But since the user provided it that way, I have to use it as is.  So, when joining, the Country in car_makers is TEXT, but countries.CountryId is INTEGER. That would not work. Wait, but in the schema definition, the foreign key is defined as FOREIGN KEY (Country) REFERENCES countries(CountryId). But Country is TEXT in car_makers and CountryId is INTEGER in countries. That's invalid. But the user provided that schema. Maybe it's a typo. For example, maybe the Country in car_makers should be an INTEGER. But given that the user provided the schema as such, perhaps there's a mistake. However, since I have to work with the given schema, perhaps the Country in car_makers is actually a string representation of the CountryId. But that's not ideal. However, for the purpose of writing the query, I have to proceed.  Assuming that the Country in car_makers is correctly referencing countries.CountryId as an integer stored as text. But that's unlikely. Alternatively, maybe the Country in car_makers is supposed to be the country name, but the foreign key is wrong. But according to the schema, the foreign key is set to countries.CountryId. This is conflicting. But since the user provided the schema, perhaps it's a mistake. However, I have to proceed with the given schema.  But for the query, when joining car_makers.Country with countries.CountryId, we need to cast or ensure that they match. However, since Country is TEXT and CountryId is INTEGER, comparing them directly would not work. For example, in the query:  SELECT Country FROM car_makers GROUP BY Country...  But Country is TEXT. However, if the Country in car_makers is actually storing the integer as text (like '1', '2', etc.), then when joining with countries.CountryId (integer), we need to cast. But this is getting complicated. However, given that the user provided the schema, perhaps there's a mistake in the schema definition. For example, maybe the Country in car_makers should be an INTEGER. But since the user says that the Country in car_makers references countries(CountryId), which is an INTEGER, then the Country in car_makers should be an INTEGER. But according to the schema, it's TEXT. That's a problem. But since the user provided that, perhaps it's a typo. For example, maybe the Country in car_makers is supposed to be an INTEGER. But given that the user wrote:  ""Country"" TEXT, FOREIGN KEY (Country) REFERENCES countries(CountryId)  So, perhaps the Country in car_makers is actually the CountryId as TEXT. But that's not ideal. However, for the purpose of writing the query, I have to proceed with the given schema. Therefore, when joining, we need to compare car_makers.Country (TEXT) with countries.CountryId (INTEGER). But that would require converting the text to integer. However, in SQLite, when you compare a TEXT to an INTEGER, it will attempt to convert the TEXT to an INTEGER. So if the Country in car_makers is stored as a string representation of the integer (e.g., '1', '2'), then comparing to CountryId (integer) would work. But if it's stored as the country name, then it's wrong. But according to the schema, the foreign key is set to reference CountryId, which is an integer. Therefore, there's a mistake in the schema. But since the user provided it, perhaps we proceed under the assumption that the Country in car_makers is actually an integer stored as text. Or perhaps it's a mistake and should be an integer. But since the user provided the schema as such, I have to proceed.  Assuming that the Country in car_makers is correctly storing the CountryId as TEXT (e.g., '1', '2', etc.), then the query can proceed. However, in reality, this is a bad schema design. But for the purpose of this problem, proceed.  So, for the fiat part, the query would be:  SELECT DISTINCT CAST(car_makers.Country AS INTEGER) AS CountryId ... ?  Wait, but in the countries table, the primary key is CountryId (INTEGER). So, when joining model_list with car_makers, and then getting the Country (as TEXT) from car_makers, to compare with countries.CountryId (INTEGER), perhaps we need to cast.  But in the final query, the countries.CountryId is an integer. So, when checking if a country is in either group, we need to compare the CountryId from countries with the Country (TEXT) from car_makers. But since Country in car_makers is TEXT, perhaps it's stored as the integer value as a string. For example, if CountryId is 5, then Country in car_makers is '5'.  Therefore, in the subqueries, when selecting Country from car_makers, we"
car_1,What are the ids and names of all countries that either have more than 3 car makers or produce fiat model ?,"select t1.countryid ,  t1.countryname from countries as t1 join car_makers as t2 on t1.countryid  =  t2.country group by t1.countryid having count(*)  >  3 union select t1.countryid ,  t1.countryname from countries as t1 join car_makers as t2 on t1.countryid  =  t2.country join model_list as t3 on t2.id  =  t3.maker where t3.model  =  'fiat';","SELECT c.CountryId, c.CountryName FROM countries c JOIN car_makers cm ON c.CountryId = cm.Country GROUP BY c.CountryId HAVING COUNT(cm.Id) > 3;  Second part: countries that produce Fiat.   SELECT c.CountryId, c.CountryName FROM countries c JOIN car_makers cm ON c.CountryId = cm.Country JOIN model_list ml ON cm.Id = ml.Maker WHERE cm.Maker = 'Fiat';  But wait, the model_list's Maker is a foreign key to car_makers.Id. Wait, no. The model_list table has Maker as an integer, which references car_makers.Id. So, the Maker in model_list is the car_maker's Id. Wait, no: looking back at the schema:  car_makers has Id as primary key. model_list has Maker (integer) as foreign key to car_makers(Id). So, to find models made by Fiat, we need to find car_makers where Maker is 'Fiat', then check if any model_list entries reference that car_maker's Id.  So, the correct approach for the Fiat part is:  Find all car_makers where Maker is 'Fiat', then get their Country. So:  SELECT c.CountryId, c.CountryName FROM countries c JOIN car_makers cm ON c.CountryId = cm.Country WHERE cm.Maker = 'Fiat';  Wait, but the model_list is not needed here. Because the question is about countries that produce Fiat model. Wait, does the question mean that the country produces any model made by Fiat? Or that the country produces a model named 'Fiat'?   The question says ""produce fiat model"". So, perhaps the model name is 'Fiat'? Or the maker is Fiat.   But the model_list has the Model column. So, if a model is named 'Fiat', then that's in model_list.Model. But that's unlikely. More likely, the car maker is Fiat. So, the country that has a car maker named Fiat. Because the car_makers table has the Maker name.   But the question says ""produce fiat model"". So maybe the model name is 'Fiat'. Let me check the tables.   The car_names table has Model and Make, but the model_list has Model. So, if there's a model named 'Fiat' in model_list, then the country that made that model would be through the car_maker's Country.   But this is getting complicated. Let me re-express the question: the user wants countries that either have more than 3 car makers OR produce a Fiat model.   Assuming that producing a Fiat model means that there's a model in model_list where the model is 'Fiat', then we need to find the country associated with that model's maker.   So, the steps would be:  For the Fiat model:  1. Find the ModelId in model_list where Model is 'Fiat'. 2. Join with car_names to get the MakeId (which references car_names.MakeId to cars_data.Id? Wait, the car_names.MakeId is primary key, and cars_data has a foreign key to it. But the question is about the model.   Alternatively, perhaps the model_list.Model is the model name. So, if there's a model named 'Fiat' in model_list, then we need to find the car_maker for that model, then get the country.   So:  SELECT c.CountryId, c.CountryName FROM countries c JOIN car_makers cm ON c.CountryId = cm.Country JOIN model_list ml ON cm.Id = ml.Maker WHERE ml.Model = 'Fiat';  But that would find countries where a model named 'Fiat' exists in model_list, made by a car maker in that country.   But the question is ambiguous. However, given the schema, the car_makers have a Maker name. So if the user is referring to the car maker being Fiat, then checking cm.Maker = 'Fiat' is sufficient.   But the question says ""produce fiat model"". So maybe the model is named 'Fiat'. For example, a car model called 'Fiat 500' would have 'Fiat 500' as the model. But if there's a model named 'Fiat', then the above query would find it.   But perhaps the user intended that the car maker is Fiat. So, the country that has Fiat as a car maker.   In that case, the second part is simply checking if the country has a car maker named 'Fiat'.   So, combining both conditions:  The country has more than 3 car makers OR has at least one car maker named Fiat (or a model named 'Fiat').  Assuming the user meant the car maker is Fiat, then the second part is:  SELECT c.CountryId, c.CountryName FROM countries c JOIN car_makers cm ON c.CountryId = cm.Country WHERE cm.Maker = 'Fiat';  So, combining both conditions with UNION.  Now, the final query would be:  SELECT CountryId, CountryName FROM (     (SELECT c.CountryId, c.CountryName      FROM countries c      JOIN car_makers cm ON c.Country = cm.Country      GROUP BY c.CountryId      HAVING COUNT(cm.Id) > 3)     UNION     (SELECT DISTINCT c.CountryId, c.CountryName      FROM countries c      JOIN car_makers cm ON c.Country = cm.Country      WHERE cm.Maker = 'Fiat') ) AS combined ORDER BY CountryName;  Wait, but in the countries table, the primary key is CountryId. The car_makers.Country references countries.CountryId. So in the countries table, the foreign key in car_makers is Country, which is an integer pointing to countries.CountryId.   So in the first subquery, the JOIN is on c.CountryId = cm.Country.   Yes.   But need to make sure that the SQL syntax is correct. Also, using UNION to combine the two sets.   But the user wants the IDs and names of all countries that meet either condition.   So the final SQL would be:  SELECT CountryId, CountryName FROM (     (SELECT c.CountryId, c.CountryName      FROM countries c      JOIN car_makers cm ON c.CountryId = cm.Country      GROUP BY c.CountryId      HAVING COUNT(cm.Id) > 3)     UNION     (SELECT c.CountryId, c.CountryName      FROM countries c      JOIN car_makers cm ON c.CountryId = cm.Country      WHERE cm.Maker = 'Fiat') ) AS combined ORDER BY CountryName;  But wait, what if there are duplicates? For example, a country that has more than 3 makers and also has Fiat. The UNION will remove duplicates.   But the user wants all countries that meet either condition.   Now, check if the tables are correctly referenced.   Yes.   But need to make sure that the CountryId is the correct column.   Yes, in countries, the primary key is CountryId.   So the SQL should work.   But the user wants the answer in a single line, without explanations. So the final SQL would be:  SELECT CountryId, CountryName FROM (SELECT c.CountryId, c.CountryName FROM countries c JOIN car_makers cm ON c.CountryId = cm.Country GROUP BY c.CountryId HAVING COUNT(cm.Id) > 3 UNION SELECT c.CountryId, c.CountryName FROM countries c JOIN car_makers cm ON c.CountryId = cm.Country WHERE cm.Maker = 'Fiat') AS combined ORDER BY CountryName;  But wait, the user didn't specify ordering, but maybe it's optional. However, the question says ""What are the ids and names..."", so ordering is not required. But including ORDER BY might be better. However, the user might not need it.   But the problem says to return the SQL that answers the question. The answer may or may not include ORDER BY. Since the user didn't specify order, perhaps it's better to omit it.   So the final SQL would be:  SELECT CountryId, CountryName FROM (SELECT c.CountryId, c.CountryName FROM countries c JOIN car_makers cm ON c.CountryId = cm.Country GROUP BY c.CountryId HAVING COUNT(cm.Id) > 3 UNION SELECT c.CountryId, c.CountryName FROM countries c JOIN car_makers cm ON c.CountryId = cm.Country WHERE cm.Maker"
flight_2,"Which country does Airline ""JetBlue Airways"" belong to?","SELECT Country FROM AIRLINES WHERE Airline  =  ""JetBlue Airways""",SELECT Country FROM airlines WHERE Airline = 'JetBlue Airways';
flight_2,What country is Jetblue Airways affiliated with?,"SELECT Country FROM AIRLINES WHERE Airline  =  ""JetBlue Airways""",SELECT Country FROM airlines WHERE Airline = 'Jetblue Airways'
flight_2,"What is the abbreviation of Airline ""JetBlue Airways""?","SELECT Abbreviation FROM AIRLINES WHERE Airline  =  ""JetBlue Airways""",SELECT Abbreviation FROM airlines WHERE Airline = 'JetBlue Airways'
flight_2,Which abbreviation corresponds to Jetblue Airways?,"SELECT Abbreviation FROM AIRLINES WHERE Airline  =  ""JetBlue Airways""",SELECT Abbreviation FROM airlines WHERE Airline = 'Jetblue Airways';
flight_2,"List all airline names and their abbreviations in ""USA"".","SELECT Airline ,  Abbreviation FROM AIRLINES WHERE Country  =  ""USA""","SELECT Airline, Abbreviation FROM airlines WHERE Country = 'USA';"
flight_2,What are the airline names and abbreviations for airlines in the USA?,"SELECT Airline ,  Abbreviation FROM AIRLINES WHERE Country  =  ""USA""","SELECT airlines.Airline, airlines.Abbreviation FROM airlines WHERE airlines.Country = 'USA';"
flight_2,List the airport code and name in the city of Anthony.,"SELECT AirportCode ,  AirportName FROM AIRPORTS WHERE city  =  ""Anthony""","SELECT AirportCode, AirportName FROM airports WHERE City = 'Anthony';"
flight_2,Give the airport code and airport name corresonding to the city Anthony.,"SELECT AirportCode ,  AirportName FROM AIRPORTS WHERE city  =  ""Anthony""","SELECT AirportCode, AirportName FROM airports WHERE City = 'Anthony';"
flight_2,How many airlines do we have?,SELECT count(*) FROM AIRLINES,SELECT COUNT(*) FROM airlines;
flight_2,What is the total number of airlines?,SELECT count(*) FROM AIRLINES,SELECT COUNT(uid) FROM airlines;
flight_2,How many airports do we have?,SELECT count(*) FROM AIRPORTS,SELECT COUNT(AirportCode) FROM airports;
flight_2,Return the number of  airports.,SELECT count(*) FROM AIRPORTS,SELECT COUNT(*) FROM airports;
flight_2,How many flights do we have?,SELECT count(*) FROM FLIGHTS,SELECT COUNT(*) FROM flights;
flight_2,Return the number of flights.,SELECT count(*) FROM FLIGHTS,SELECT COUNT(*) FROM flights;
flight_2,Which airline has abbreviation 'UAL'?,"SELECT Airline FROM AIRLINES WHERE Abbreviation  =  ""UAL""",SELECT Airline FROM airlines WHERE Abbreviation = 'UAL';
flight_2,Give the airline with abbreviation 'UAL'.,"SELECT Airline FROM AIRLINES WHERE Abbreviation  =  ""UAL""",SELECT Airline FROM airlines WHERE Abbreviation = 'UAL';
flight_2,How many airlines are from USA?,"SELECT count(*) FROM AIRLINES WHERE Country  =  ""USA""",SELECT COUNT(*) FROM airlines WHERE Country = 'USA';
flight_2,Return the number of airlines in the USA.,"SELECT count(*) FROM AIRLINES WHERE Country  =  ""USA""",SELECT COUNT(*) FROM airlines WHERE Country = 'USA';
flight_2,Which city and country is the Alton airport at?,"SELECT City ,  Country FROM AIRPORTS WHERE AirportName  =  ""Alton""","SELECT City, Country FROM airports WHERE AirportName = 'Alton';"
flight_2,Give the city and country for the Alton airport.,"SELECT City ,  Country FROM AIRPORTS WHERE AirportName  =  ""Alton""","SELECT City, Country FROM airports WHERE AirportName = 'Alton Airport';"
flight_2,What is the airport name for airport 'AKO'?,"SELECT AirportName FROM AIRPORTS WHERE AirportCode  =  ""AKO""",SELECT AirportName FROM airports WHERE AirportCode = 'AKO';
flight_2,Return the name of the airport with code 'AKO'.,"SELECT AirportName FROM AIRPORTS WHERE AirportCode  =  ""AKO""",SELECT AirportName FROM airports WHERE AirportCode = 'AKO';
flight_2,What are airport names at City 'Aberdeen'?,"SELECT AirportName FROM AIRPORTS WHERE City = ""Aberdeen""",SELECT AirportName FROM airports WHERE City = 'Aberdeen';
flight_2,What are the names of airports in Aberdeen?,"SELECT AirportName FROM AIRPORTS WHERE City = ""Aberdeen""",SELECT AirportName FROM airports WHERE City = 'Aberdeen';
flight_2,How many flights depart from 'APG'?,"SELECT count(*) FROM FLIGHTS WHERE SourceAirport  =  ""APG""",SELECT COUNT(*) FROM flights WHERE SourceAirport = 'APG';
flight_2,Count the number of flights departing from 'APG'.,"SELECT count(*) FROM FLIGHTS WHERE SourceAirport  =  ""APG""",SELECT COUNT(*) FROM flights WHERE SourceAirport = 'APG';
flight_2,How many flights have destination ATO?,"SELECT count(*) FROM FLIGHTS WHERE DestAirport  =  ""ATO""",SELECT COUNT(*) FROM flights WHERE DestAirport = 'ATO';
flight_2,Count the number of flights into ATO.,"SELECT count(*) FROM FLIGHTS WHERE DestAirport  =  ""ATO""",SELECT COUNT(*) FROM flights WHERE DestAirport = 'ATO';
flight_2,How many flights depart from City Aberdeen?,"SELECT count(*) FROM FLIGHTS AS T1 JOIN AIRPORTS AS T2 ON T1.SourceAirport  =  T2.AirportCode WHERE T2.City  =  ""Aberdeen""",SELECT COUNT(*) FROM flights JOIN airports ON flights.SourceAirport = airports.AirportCode WHERE airports.City = 'Aberdeen';
flight_2,Return the number of flights departing from Aberdeen.,"SELECT count(*) FROM FLIGHTS AS T1 JOIN AIRPORTS AS T2 ON T1.SourceAirport  =  T2.AirportCode WHERE T2.City  =  ""Aberdeen""",SELECT COUNT(*) FROM flights INNER JOIN airports ON flights.SourceAirport = airports.AirportCode WHERE airports.City = 'Aberdeen'
flight_2,How many flights arriving in Aberdeen city?,"SELECT count(*) FROM FLIGHTS AS T1 JOIN AIRPORTS AS T2 ON T1.DestAirport  =  T2.AirportCode WHERE T2.City  =  ""Aberdeen""",SELECT COUNT(*) FROM flights JOIN airports ON flights.DestAirport = airports.AirportCode WHERE airports.City = 'Aberdeen';
flight_2,Return the number of flights arriving in Aberdeen.,"SELECT count(*) FROM FLIGHTS AS T1 JOIN AIRPORTS AS T2 ON T1.DestAirport  =  T2.AirportCode WHERE T2.City  =  ""Aberdeen""",SELECT COUNT(*) FROM flights JOIN airports ON flights.DestAirport = airports.AirportCode WHERE airports.City = 'Aberdeen';
flight_2,How many flights depart from City 'Aberdeen' and have destination City 'Ashley'?,"SELECT count(*) FROM FLIGHTS AS T1 JOIN AIRPORTS AS T2 ON T1.DestAirport  =  T2.AirportCode JOIN AIRPORTS AS T3 ON T1.SourceAirport  =  T3.AirportCode WHERE T2.City  =  ""Ashley"" AND T3.City  =  ""Aberdeen""",SELECT COUNT(*) FROM flights JOIN airports AS source ON flights.SourceAirport = source.AirportCode JOIN airports AS dest ON flights.DestAirport = dest.AirportCode WHERE source.City = 'Aberdeen' AND dest.City = 'Ashley'
flight_2,How many flights fly from Aberdeen to Ashley?,"SELECT count(*) FROM FLIGHTS AS T1 JOIN AIRPORTS AS T2 ON T1.DestAirport  =  T2.AirportCode JOIN AIRPORTS AS T3 ON T1.SourceAirport  =  T3.AirportCode WHERE T2.City  =  ""Ashley"" AND T3.City  =  ""Aberdeen""",SELECT COUNT(*) FROM flights JOIN airports AS src ON flights.SourceAirport = src.AirportCode JOIN airports AS dst ON flights.DestAirport = dst.AirportCode WHERE src.City = 'Aberdeen' AND dst.City = 'Ashley';
flight_2,How many flights does airline 'JetBlue Airways' have?,"SELECT count(*) FROM FLIGHTS AS T1 JOIN AIRLINES AS T2 ON T1.Airline  =  T2.uid WHERE T2.Airline = ""JetBlue Airways""",SELECT COUNT(*) FROM flights WHERE Airline = (SELECT uid FROM airlines WHERE Airline = 'JetBlue Airways')
flight_2,Give the number of Jetblue Airways flights.,"SELECT count(*) FROM FLIGHTS AS T1 JOIN AIRLINES AS T2 ON T1.Airline  =  T2.uid WHERE T2.Airline = ""JetBlue Airways""",SELECT COUNT(*) FROM flights JOIN airlines ON flights.Airline = airlines.uid WHERE airlines.Airline = 'Jetblue Airways'
flight_2,How many 'United Airlines' flights go to Airport 'ASY'?,"SELECT count(*) FROM AIRLINES AS T1 JOIN FLIGHTS AS T2 ON T2.Airline  =  T1.uid WHERE T1.Airline  =  ""United Airlines"" AND T2.DestAirport  =  ""ASY""",SELECT COUNT(*) FROM flights JOIN airlines ON flights.Airline = airlines.uid WHERE airlines.Airline = 'United Airlines' AND flights.DestAirport = 'ASY';
flight_2,Count the number of United Airlines flights arriving in ASY Airport.,"SELECT count(*) FROM AIRLINES AS T1 JOIN FLIGHTS AS T2 ON T2.Airline  =  T1.uid WHERE T1.Airline  =  ""United Airlines"" AND T2.DestAirport  =  ""ASY""",SELECT COUNT(*) FROM flights INNER JOIN airlines ON flights.Airline = airlines.uid WHERE airlines.Airline = 'United Airlines' AND flights.DestAirport = 'ASY';
flight_2,How many 'United Airlines' flights depart from Airport 'AHD'?,"SELECT count(*) FROM AIRLINES AS T1 JOIN FLIGHTS AS T2 ON T2.Airline  =  T1.uid WHERE T1.Airline  =  ""United Airlines"" AND T2.SourceAirport  =  ""AHD""",SELECT COUNT(*) FROM flights INNER JOIN airlines ON flights.Airline = airlines.uid WHERE airlines.Airline = 'United Airlines' AND flights.SourceAirport = 'AHD'
flight_2,Return the number of United Airlines flights leaving from AHD Airport.,"SELECT count(*) FROM AIRLINES AS T1 JOIN FLIGHTS AS T2 ON T2.Airline  =  T1.uid WHERE T1.Airline  =  ""United Airlines"" AND T2.SourceAirport  =  ""AHD""",SELECT COUNT(*) FROM flights INNER JOIN airlines ON flights.Airline = airlines.uid WHERE airlines.Airline = 'United Airlines' AND flights.SourceAirport = 'AHD';
flight_2,How many United Airlines flights go to City 'Aberdeen'?,"SELECT count(*) FROM FLIGHTS AS T1 JOIN AIRPORTS AS T2 ON T1.DestAirport  =  T2.AirportCode JOIN AIRLINES AS T3 ON T3.uid  =  T1.Airline WHERE T2.City  =  ""Aberdeen"" AND T3.Airline  =  ""United Airlines""",SELECT COUNT(*) FROM flights JOIN airlines ON flights.Airline = airlines.uid JOIN airports ON flights.DestAirport = airports.AirportCode WHERE airlines.Airline = 'United Airlines' AND airports.City = 'Aberdeen';
flight_2,Count the number of United Airlines flights that arrive in Aberdeen.,"SELECT count(*) FROM FLIGHTS AS T1 JOIN AIRPORTS AS T2 ON T1.DestAirport  =  T2.AirportCode JOIN AIRLINES AS T3 ON T3.uid  =  T1.Airline WHERE T2.City  =  ""Aberdeen"" AND T3.Airline  =  ""United Airlines""",SELECT COUNT(*) FROM flights JOIN airlines ON flights.Airline = airlines.uid JOIN airports ON flights.DestAirport = airports.AirportCode WHERE airlines.Airline = 'United Airlines' AND airports.City = 'Aberdeen'
flight_2,Which city has most number of arriving flights?,SELECT T1.City FROM AIRPORTS AS T1 JOIN FLIGHTS AS T2 ON T1.AirportCode  =  T2.DestAirport GROUP BY T1.City ORDER BY count(*) DESC LIMIT 1,SELECT City FROM flights JOIN airports ON flights.DestAirport = airports.AirportCode GROUP BY City ORDER BY COUNT(*) DESC LIMIT 1;
flight_2,Which city has the most frequent destination airport?,SELECT T1.City FROM AIRPORTS AS T1 JOIN FLIGHTS AS T2 ON T1.AirportCode  =  T2.DestAirport GROUP BY T1.City ORDER BY count(*) DESC LIMIT 1,SELECT City FROM flights JOIN airports ON flights.DestAirport = airports.AirportCode GROUP BY City ORDER BY COUNT(*) DESC LIMIT 1;
flight_2,Which city has most number of departing flights?,SELECT T1.City FROM AIRPORTS AS T1 JOIN FLIGHTS AS T2 ON T1.AirportCode  =  T2.SourceAirport GROUP BY T1.City ORDER BY count(*) DESC LIMIT 1,SELECT City FROM airports JOIN flights ON airports.AirportCode = flights.SourceAirport GROUP BY City ORDER BY COUNT(*) DESC LIMIT 1;
flight_2,Which city is the most frequent source airport?,SELECT T1.City FROM AIRPORTS AS T1 JOIN FLIGHTS AS T2 ON T1.AirportCode  =  T2.SourceAirport GROUP BY T1.City ORDER BY count(*) DESC LIMIT 1,SELECT airports.City FROM flights JOIN airports ON flights.SourceAirport = airports.AirportCode GROUP BY airports.City ORDER BY COUNT(*) DESC LIMIT 1;
flight_2,What is the code of airport that has the highest number of flights?,SELECT T1.AirportCode FROM AIRPORTS AS T1 JOIN FLIGHTS AS T2 ON T1.AirportCode  =  T2.DestAirport OR T1.AirportCode  =  T2.SourceAirport GROUP BY T1.AirportCode ORDER BY count(*) DESC LIMIT 1,"SELECT AirportCode FROM (SELECT SourceAirport AS AirportCode, COUNT(*) AS count FROM flights GROUP BY SourceAirport UNION ALL SELECT DestAirport AS AirportCode, COUNT(*) AS count FROM flights GROUP BY DestAirport) GROUP BY AirportCode ORDER BY SUM(count) DESC LIMIT 1;"
flight_2,What is the airport code of the airport with the most flights?,SELECT T1.AirportCode FROM AIRPORTS AS T1 JOIN FLIGHTS AS T2 ON T1.AirportCode  =  T2.DestAirport OR T1.AirportCode  =  T2.SourceAirport GROUP BY T1.AirportCode ORDER BY count(*) DESC LIMIT 1,SELECT AirportCode FROM (SELECT SourceAirport AS AirportCode FROM flights UNION ALL SELECT DestAirport AS AirportCode FROM flights) GROUP BY AirportCode ORDER BY COUNT(*) DESC LIMIT 1;
flight_2,What is the code of airport that has fewest number of flights?,SELECT T1.AirportCode FROM AIRPORTS AS T1 JOIN FLIGHTS AS T2 ON T1.AirportCode  =  T2.DestAirport OR T1.AirportCode  =  T2.SourceAirport GROUP BY T1.AirportCode ORDER BY count(*) LIMIT 1,SELECT AirportCode FROM (SELECT SourceAirport AS AirportCode FROM flights UNION ALL SELECT DestAirport AS AirportCode FROM flights) GROUP BY AirportCode ORDER BY COUNT(*) ASC LIMIT 1;
flight_2,Give the code of the airport with the least flights.,SELECT T1.AirportCode FROM AIRPORTS AS T1 JOIN FLIGHTS AS T2 ON T1.AirportCode  =  T2.DestAirport OR T1.AirportCode  =  T2.SourceAirport GROUP BY T1.AirportCode ORDER BY count(*) LIMIT 1,SELECT AirportCode FROM (SELECT SourceAirport AS AirportCode FROM flights UNION ALL SELECT DestAirport AS AirportCode FROM flights) GROUP BY AirportCode ORDER BY COUNT(*) ASC LIMIT 1;
flight_2,Which airline has most number of flights?,SELECT T1.Airline FROM AIRLINES AS T1 JOIN FLIGHTS AS T2 ON T1.uid  =  T2.Airline GROUP BY T1.Airline ORDER BY count(*) DESC LIMIT 1,SELECT airlines.Airline FROM flights JOIN airlines ON flights.Airline = airlines.uid GROUP BY airlines.uid ORDER BY COUNT(*) DESC LIMIT 1;
flight_2,What airline serves the most flights?,SELECT T1.Airline FROM AIRLINES AS T1 JOIN FLIGHTS AS T2 ON T1.uid  =  T2.Airline GROUP BY T1.Airline ORDER BY count(*) DESC LIMIT 1,SELECT airlines.Airline FROM flights JOIN airlines ON flights.Airline = airlines.uid GROUP BY airlines.uid ORDER BY COUNT(*) DESC LIMIT 1;
flight_2,Find the abbreviation and country of the airline that has fewest number of flights?,"SELECT T1.Abbreviation ,  T1.Country FROM AIRLINES AS T1 JOIN FLIGHTS AS T2 ON T1.uid  =  T2.Airline GROUP BY T1.Airline ORDER BY count(*) LIMIT 1","SELECT airlines.Abbreviation, airlines.Country FROM flights JOIN airlines ON flights.Airline = airlines.uid GROUP BY airlines.uid ORDER BY COUNT(*) ASC LIMIT 1;"
flight_2,What is the abbreviation of the airilne has the fewest flights and what country is it in?,"SELECT T1.Abbreviation ,  T1.Country FROM AIRLINES AS T1 JOIN FLIGHTS AS T2 ON T1.uid  =  T2.Airline GROUP BY T1.Airline ORDER BY count(*) LIMIT 1","SELECT airlines.Abbreviation, airlines.Country FROM airlines LEFT JOIN flights ON airlines.uid = flights.Airline GROUP BY airlines.uid ORDER BY COUNT(flights.Airline) ASC LIMIT 1;"
flight_2,What are airlines that have some flight departing from airport 'AHD'?,"SELECT T1.Airline FROM AIRLINES AS T1 JOIN FLIGHTS AS T2 ON T1.uid  =  T2.Airline WHERE T2.SourceAirport  =  ""AHD""",SELECT DISTINCT airlines.Airline FROM airlines INNER JOIN flights ON airlines.uid = flights.Airline WHERE flights.SourceAirport = 'AHD'
flight_2,Which airlines have a flight with source airport AHD?,"SELECT T1.Airline FROM AIRLINES AS T1 JOIN FLIGHTS AS T2 ON T1.uid  =  T2.Airline WHERE T2.SourceAirport  =  ""AHD""",SELECT DISTINCT airlines.Airline FROM airlines INNER JOIN flights ON airlines.uid = flights.Airline WHERE flights.SourceAirport = 'AHD'
flight_2,What are airlines that have flights arriving at airport 'AHD'?,"SELECT T1.Airline FROM AIRLINES AS T1 JOIN FLIGHTS AS T2 ON T1.uid  =  T2.Airline WHERE T2.DestAirport  =  ""AHD""",SELECT DISTINCT airlines.Airline FROM airlines JOIN flights ON airlines.uid = flights.Airline WHERE flights.DestAirport = 'AHD'
flight_2,Which airlines have a flight with destination airport AHD?,"SELECT T1.Airline FROM AIRLINES AS T1 JOIN FLIGHTS AS T2 ON T1.uid  =  T2.Airline WHERE T2.DestAirport  =  ""AHD""",SELECT DISTINCT airlines.Airline FROM airlines INNER JOIN flights ON airlines.uid = flights.Airline WHERE flights.DestAirport = 'AHD';
flight_2,Find all airlines that have flights from both airports 'APG' and 'CVO'.,"SELECT T1.Airline FROM AIRLINES AS T1 JOIN FLIGHTS AS T2 ON T1.uid  =  T2.Airline WHERE T2.SourceAirport  =  ""APG"" INTERSECT SELECT T1.Airline FROM AIRLINES AS T1 JOIN FLIGHTS AS T2 ON T1.uid  =  T2.Airline WHERE T2.SourceAirport  =  ""CVO""","SELECT a.Airline, a.Abbreviation, a.Airline FROM airlines a WHERE a.uid IN (     SELECT f1.Airline     FROM flights f1     WHERE f1.SourceAirport = 'APG'     INTERSECT     SELECT f2.Airline     FROM flights f2     WHERE f2.SourceAirport = 'CVO' );  Wait, but the user might just need the airline names. Alternatively, maybe the user wants all columns from airlines? The question says ""Find all airlines"", so probably return all columns, but the exact columns depend on what's needed. The original problem doesn't specify, but the answer should probably return the airlines in their entirety.  Alternatively, maybe just the Airline name. But the problem says ""Find all airlines"", so probably return all columns from the airlines table.  But the exact SQL depends on how to structure it. Another approach is to use a HAVING clause with two conditions. For example, group by Airline and check that there are two distinct SourceAirports where each is either 'APG' or 'CVO'. But that's not sufficient because maybe an airline has one of them multiple times. So better to check that both 'APG' and 'CVO' are present.  Another way is:  SELECT a.* FROM airlines a JOIN flights f ON a.uid = f.Airline WHERE f.SourceAirport IN ('APG', 'CVO') GROUP BY a.uid HAVING COUNT(DISTINCT f.SourceAirport) = 2;  This groups by airline and ensures that there are two distinct source airports in the allowed list. Since the list is exactly two airports, having count 2 means that both are present. But this requires that the airline has at least one flight from each. That seems correct.  But how to make sure that for each of 'APG' and 'CVO', there's at least one flight. The COUNT(DISTINCT) approach works here because if an airline has flights from both, then the count is 2. So this approach would work.  So this might be a better approach than using INTERSECT. Because INTERSECT can be slower, but in SQLite, both should work.  So the HAVING approach would be more efficient. Let me test this logic.  Suppose an airline has a flight from 'APG' and another from 'CVO' — then COUNT(DISTINCT) is 2. If they have only one, then count is 1. So yes, this works.  Therefore, the SQL query would be:  SELECT a.Airline, a.Abbreviation, a.Country FROM airlines a INNER JOIN flights f ON a.uid = f.Airline WHERE f.SourceAirport IN ('APG', 'CVO') GROUP BY a.uid HAVING COUNT(DISTINCT f.SourceAirport) = 2;  But wait, the user might need to return all columns from airlines. Since a.uid is the primary key, grouping by a.uid is sufficient. But in SQLite, when using GROUP BY, you can select columns that are functionally dependent. So if we group by a.uid, we can select all columns from airlines, as each a.uid corresponds to one row.  But in practice, when you do GROUP BY in SQL, you have to either group by all non-aggregated columns or they have to be functionally dependent. In SQLite, it's more lenient, but best practice would be to select the columns you group by. However, since the user wants all airlines columns, perhaps it's better to select a.*, but in the GROUP BY, group by a.uid. Let me check SQLite's handling. SQLite allows selecting columns not in the GROUP BY if they are functionally dependent. Since a.uid is the primary key, all columns in a are functionally dependent on a.uid. Therefore, the following should work:  SELECT a.* FROM airlines a INNER JOIN flights f ON a.uid = f.Airline WHERE f.SourceAirport IN ('APG', 'CVO') GROUP BY a.uid HAVING COUNT(DISTINCT f.SourceAirport) = 2;  But the problem is that if an airline has multiple flights from 'APG' and 'CVO', but the COUNT(DISTINCT) would still be 2. So this should work.  This approach would include airlines that have at least one flight from each of the two airports.  Alternatively, using INTERSECT:  SELECT a.* FROM airlines a INNER JOIN flights f ON a.uid = f.Airline WHERE f.SourceAirport = 'APG' INTERSECT SELECT a.* FROM airlines a INNER JOIN flights f ON a.uid = f.Airline WHERE f.SourceAirport = 'CVO';  But INTERSECT returns distinct rows that are in both result sets. However, if an airline has multiple flights from 'APG' and also multiple from 'CVO', the INTERSECT would still return the same row once. But since the first part is all airlines with flights from 'APG' and the second all with 'CVO', the INTERSECT would give those that are in both. However, this approach requires that the same row (airlines row) appears in both selects. Since for each flight, the same airline may have multiple entries, but joining with flights would give multiple rows. However, using SELECT DISTINCT a.* in each part would help. But INTERSECT automatically removes duplicates.  But the problem with this approach is that if an airline has one flight from 'APG' and one from 'CVO', then the two selects would have that airline in both, so it would be in the result. However, the INTERSECT approach would work. But which is better?  The HAVING approach may include more rows if there are other airports in the WHERE clause, but in this case, the WHERE is only for the two airports. So both approaches should work.  But which one is more efficient? It depends on the data. For the HAVING approach, it's grouping and counting, while INTERSECT would do two selects and then intersect.  But the user wants the SQL query. Let's think about the correct answer.  The question is to find all airlines that have flights from both airports. The correct approach is to ensure that for an airline, there exists at least one flight from 'APG' and at least one from 'CVO'.  The HAVING COUNT(DISTINCT ...) = 2 approach is correct. So the SQL would be:  SELECT a.Airline, a.Abbreviation, a.Country FROM airlines a JOIN flights f ON a.uid = f.Airline WHERE f.SourceAirport IN ('APG', 'CVO') GROUP BY a.uid HAVING COUNT(DISTINCT f.SourceAirport) = 2;  But since the user wants to return all columns from airlines, perhaps using a.*:  SELECT a.* FROM airlines a JOIN flights f ON a.uid = f.Airline WHERE f.SourceAirport IN ('APG', 'CVO') GROUP BY a.uid HAVING COUNT(DISTINCT f.SourceAirport) = 2;  But wait, what if an airline has a flight from 'APG' and another from 'APG' again? Then COUNT(DISTINCT) would be 1. But if they have 'APG' and 'CVO', then 2. So this works.  Another edge case: an airline has one flight from 'APG' and one from 'CVO'. Then it's"
flight_2,Which airlines have departing flights from both APG and CVO airports?,"SELECT T1.Airline FROM AIRLINES AS T1 JOIN FLIGHTS AS T2 ON T1.uid  =  T2.Airline WHERE T2.SourceAirport  =  ""APG"" INTERSECT SELECT T1.Airline FROM AIRLINES AS T1 JOIN FLIGHTS AS T2 ON T1.uid  =  T2.Airline WHERE T2.SourceAirport  =  ""CVO""","SELECT a.Airline FROM flights f JOIN airlines a ON f.Airline = a.uid WHERE f.SourceAirport IN ('APG','CVO') GROUP BY a.uid HAVING COUNT(DISTINCT f.SourceAirport) = 2;"
flight_2,Find all airlines that have flights from airport 'CVO' but not from 'APG'.,"SELECT T1.Airline FROM AIRLINES AS T1 JOIN FLIGHTS AS T2 ON T1.uid  =  T2.Airline WHERE T2.SourceAirport  =  ""CVO"" EXCEPT SELECT T1.Airline FROM AIRLINES AS T1 JOIN FLIGHTS AS T2 ON T1.uid  =  T2.Airline WHERE T2.SourceAirport  =  ""APG""",SELECT DISTINCT a.Airline FROM airlines a JOIN flights f ON a.uid = f.Airline WHERE f.SourceAirport = 'CVO' AND NOT EXISTS (SELECT 1 FROM flights f2 WHERE f2.Airline = a.uid AND f2.SourceAirport = 'APG')
flight_2,Which airlines have departures from CVO but not from APG airports?,"SELECT T1.Airline FROM AIRLINES AS T1 JOIN FLIGHTS AS T2 ON T1.uid  =  T2.Airline WHERE T2.SourceAirport  =  ""CVO"" EXCEPT SELECT T1.Airline FROM AIRLINES AS T1 JOIN FLIGHTS AS T2 ON T1.uid  =  T2.Airline WHERE T2.SourceAirport  =  ""APG""",SELECT Airline FROM airlines WHERE uid IN (SELECT Airline FROM flights WHERE SourceAirport = 'CVO') AND uid NOT IN (SELECT Airline FROM flights WHERE SourceAirport = 'APG')
flight_2,Find all airlines that have at least 10 flights.,SELECT T1.Airline FROM AIRLINES AS T1 JOIN FLIGHTS AS T2 ON T1.uid  =  T2.Airline GROUP BY T1.Airline HAVING count(*)  >  10,SELECT Airline FROM airlines JOIN flights ON airlines.uid = flights.Airline GROUP BY airlines.uid HAVING COUNT(*) >= 10;
flight_2,Which airlines have at least 10 flights?,SELECT T1.Airline FROM AIRLINES AS T1 JOIN FLIGHTS AS T2 ON T1.uid  =  T2.Airline GROUP BY T1.Airline HAVING count(*)  >  10,SELECT Airline FROM airlines INNER JOIN flights ON airlines.uid = flights.Airline GROUP BY airlines.uid HAVING COUNT(*) >= 10;
flight_2,Find all airlines that have fewer than 200 flights.,SELECT T1.Airline FROM AIRLINES AS T1 JOIN FLIGHTS AS T2 ON T1.uid  =  T2.Airline GROUP BY T1.Airline HAVING count(*)  <  200,"SELECT a.Airline, a.Abbreviation, a.Country, COUNT(*) AS flight_count FROM flights f JOIN airlines a ON f.Airline = a.uid GROUP BY a.uid HAVING flight_count < 200;  But the user didn't specify which columns to return. The question says ""find all airlines"", so probably return all the columns from airlines for those airlines that meet the condition.  But in SQL, when using GROUP BY, you can't select columns that are not grouped or aggregated. So if I want all columns from airlines, I need to group by all of them. But since uid is the primary key, grouping by uid is sufficient, and other columns are functionally dependent. However, SQLite may require that you include all non-aggregated columns in the GROUP BY clause. Wait, SQLite has some flexibility here, but according to SQL standards, if you group by a primary key, you can include other columns from that table because they are functionally dependent. But sometimes it's safer to include them.  But in this case, since a.uid is the primary key, grouping by a.uid is sufficient. So the correct approach is to join flights with airlines, group by a.uid, and select the columns from airlines, along with the count.  So the correct SQL would be:  SELECT a.* FROM flights f JOIN airlines a ON f.Airline = a.uid GROUP BY a.uid HAVING COUNT(*) < 200;  But wait, the user might want to see the count as well. But the question says ""find all airlines"", so maybe just the airline details. However, the exact columns to return aren't specified. The original question says ""find all airlines that have fewer than 200 flights"", so the output should be the airlines (probably their names, but maybe all columns from airlines).  But the problem says to return the SQL code. So the user might want to return the airlines' details. Let me check the tables again.  The airlines table has uid, Airline, Abbreviation, Country. So if the user wants all airlines with flight count < 200, the SQL should select from airlines, joining with flights, group by airline, and filter with having.  So the correct query would be:  SELECT a.Airline, a.Abbreviation, a.Country, COUNT(*) AS num_flights FROM flights f JOIN airlines a ON f.Airline = a.uid GROUP BY a.uid HAVING num_flights < 200;  But the user might not need the count, just the airlines. So maybe just select the airlines' columns. Also, if an airline has zero flights, would they be included? Since flights is the table with the flight numbers, if an airline has zero flights, they wouldn't be in the flights table. So the query as written would not include them. But the question is about airlines that have fewer than 200 flights. So airlines with zero flights would be included if the condition is <200. But the current query uses an inner join, which would exclude airlines with zero flights. To include them, we need a left join.  Wait, that's an important point. Suppose there's an airline that has no flights. Then, joining flights with airlines via inner join would exclude them. But if we want to include airlines with zero flights, we need to use a left join. The question says ""have fewer than 200 flights"", which includes zero. So the correct approach would be to account for airlines with no flights.  So the correct SQL should be:  SELECT a.Airline, COUNT(f.Airline) AS num_flights FROM airlines a LEFT JOIN flights f ON a.uid = f.Airline GROUP BY a.uid HAVING num_flights < 200;  Ah, right. Because if you do a LEFT JOIN, even airlines with no flights will be included, and COUNT(f.Airline) will be zero for them. Using COUNT(f.Airline) instead of COUNT(*) because COUNT(*) would count the rows, including the left-joined ones. For example, for an airline with no flights, the left join would produce one row with f.Airline as NULL, and COUNT(f.Airline) would be 0, whereas COUNT(*) would be 1 (the row from the airlines table).  So the correct approach is to start with the airlines table and left join flights. Then group by a.uid, and count the number of flights per airline. Then filter with HAVING COUNT(f.Airline) < 200.  Therefore, the correct SQL query is:  SELECT a.* FROM airlines a LEFT JOIN flights f ON a.uid = f.Airline GROUP BY a.uid HAVING COUNT(f.Airline) < 200;  But the user might want to return all columns from airlines. However, in SQLite, when using GROUP BY, if you select a.uid, a.Airline, etc., they need to be in the GROUP BY clause. But since a.uid is the primary key, grouping by a.uid is sufficient. However, when using SELECT a.*, SQLite allows this because all columns are functionally dependent on the primary key. But in some SQL dialects, you have to include all selected columns in GROUP BY. But SQLite is more lenient here.  So the correct SQL would be:  SELECT a.Airline, a.Abbreviation, a.Country FROM airlines a LEFT JOIN flights f ON a.uid = f.Airline GROUP BY a.uid HAVING COUNT(f.Airline) < 200;  But the user might want all columns from airlines. The original problem says ""find all airlines"", so returning all columns is acceptable. So using SELECT a.*.  But the problem is that in the HAVING clause, COUNT(f.Airline) counts the number of flights per airline. For airlines with no flights, this count is zero, which is less than 200, so they would be included. If the user wants to include them, this is correct. If not, but the question says ""have fewer than 200 flights"", then zero is acceptable.  So the final SQL is:  SELECT a.* FROM airlines a LEFT JOIN flights f ON a.uid = f.Airline GROUP BY a.uid HAVING COUNT(f.Airline) < 200;  But wait, the flights table has Airline as an INTEGER, which is the uid of the airlines. So the LEFT JOIN is correct.  Another thing: the flights table's primary key is (Airline, FlightNo). So for each Airline, there can be multiple FlightNo entries. So COUNT(f.Airline) would count the number of flights per airline. But since each flight is a unique (Airline, FlightNo) pair, COUNT(*) would also work. However, when using LEFT JOIN, COUNT(f.Airline) is better because it counts only the non-NULL entries. For example, if an airline has no flights, COUNT(f.Airline) would be 0, whereas COUNT(*) would count 1 (the row from airlines) which is incorrect.  So the correct count is COUNT(f.Airline) or COUNT(f.FlightNo), since those are the flight entries.  Therefore, the correct query is as above.  Now, putting it all together. The user wants the SQL code in one line, without explanations. So the final answer is:  SELECT airlines.Airline, airlines.Abbreviation, airlines.Country FROM airlines LEFT JOIN flights ON airlines.uid = flights.Airline GROUP BY airlines.uid HAVING COUNT(flights.Airline) < 200;  Alternatively, using table"
flight_2,Which airlines have less than 200 flights?,SELECT T1.Airline FROM AIRLINES AS T1 JOIN FLIGHTS AS T2 ON T1.uid  =  T2.Airline GROUP BY T1.Airline HAVING count(*)  <  200,SELECT Airline FROM airlines LEFT JOIN flights ON airlines.uid = flights.Airline GROUP BY airlines.uid HAVING COUNT(flights.FlightNo) < 200;
flight_2,"What are flight numbers of Airline ""United Airlines""?","SELECT T1.FlightNo FROM FLIGHTS AS T1 JOIN AIRLINES AS T2 ON T2.uid  =  T1.Airline WHERE T2.Airline  =  ""United Airlines""",SELECT flights.FlightNo FROM flights INNER JOIN airlines ON flights.Airline = airlines.uid WHERE airlines.Airline = 'United Airlines'
flight_2,Which flight numbers correspond to United Airlines flights?,"SELECT T1.FlightNo FROM FLIGHTS AS T1 JOIN AIRLINES AS T2 ON T2.uid  =  T1.Airline WHERE T2.Airline  =  ""United Airlines""",SELECT flights.FlightNo FROM flights INNER JOIN airlines ON flights.Airline = airlines.uid WHERE airlines.Airline = 'United Airlines';
flight_2,"What are flight numbers of flights departing from Airport ""APG""?","SELECT FlightNo FROM FLIGHTS WHERE SourceAirport  =  ""APG""",SELECT FlightNo FROM flights WHERE SourceAirport = 'APG'
flight_2,Give the flight numbers of flights leaving from APG.,"SELECT FlightNo FROM FLIGHTS WHERE SourceAirport  =  ""APG""",SELECT FlightNo FROM flights WHERE SourceAirport = 'APG';
flight_2,"What are flight numbers of flights arriving at Airport ""APG""?","SELECT FlightNo FROM FLIGHTS WHERE DestAirport  =  ""APG""",SELECT FlightNo FROM flights WHERE DestAirport = 'APG';
flight_2,Give the flight numbers of flights landing at APG.,"SELECT FlightNo FROM FLIGHTS WHERE DestAirport  =  ""APG""",SELECT FlightNo FROM flights WHERE DestAirport = 'APG';
flight_2,"What are flight numbers of flights departing from City ""Aberdeen ""?","SELECT T1.FlightNo FROM FLIGHTS AS T1 JOIN AIRPORTS AS T2 ON T1.SourceAirport   =  T2.AirportCode WHERE T2.City  =  ""Aberdeen""",SELECT flights.FlightNo FROM flights INNER JOIN airports ON flights.SourceAirport = airports.AirportCode WHERE airports.City = 'Aberdeen';
flight_2,Give the flight numbers of flights leaving from Aberdeen.,"SELECT T1.FlightNo FROM FLIGHTS AS T1 JOIN AIRPORTS AS T2 ON T1.SourceAirport   =  T2.AirportCode WHERE T2.City  =  ""Aberdeen""",SELECT flights.FlightNo FROM flights INNER JOIN airports ON flights.SourceAirport = airports.AirportCode WHERE airports.City = 'Aberdeen';
flight_2,"What are flight numbers of flights arriving at City ""Aberdeen""?","SELECT T1.FlightNo FROM FLIGHTS AS T1 JOIN AIRPORTS AS T2 ON T1.DestAirport   =  T2.AirportCode WHERE T2.City  =  ""Aberdeen""",SELECT flights.FlightNo FROM flights JOIN airports ON flights.DestAirport = airports.AirportCode WHERE airports.City = 'Aberdeen';
flight_2,Give the flight numbers of flights arriving in Aberdeen.,"SELECT T1.FlightNo FROM FLIGHTS AS T1 JOIN AIRPORTS AS T2 ON T1.DestAirport   =  T2.AirportCode WHERE T2.City  =  ""Aberdeen""",SELECT FlightNo FROM flights WHERE DestAirport IN (SELECT AirportCode FROM airports WHERE City = 'Aberdeen')
flight_2,Find the number of flights landing in the city of Aberdeen or Abilene.,"SELECT count(*) FROM Flights AS T1 JOIN Airports AS T2 ON T1.DestAirport  =  T2.AirportCode WHERE T2.city  =  ""Aberdeen"" OR T2.city  =  ""Abilene""","SELECT COUNT(*) FROM flights JOIN airports ON flights.DestAirport = airports.AirportCode WHERE airports.City IN ('Aberdeen', 'Abilene');"
flight_2,How many flights land in Aberdeen or Abilene?,"SELECT count(*) FROM Flights AS T1 JOIN Airports AS T2 ON T1.DestAirport  =  T2.AirportCode WHERE T2.city  =  ""Aberdeen"" OR T2.city  =  ""Abilene""","SELECT COUNT(*) FROM flights WHERE DestAirport IN (SELECT AirportCode FROM airports WHERE AirportName IN ('Aberdeen', 'Abilene'));"
flight_2,Find the name of airports which do not have any flight in and out.,SELECT AirportName FROM Airports WHERE AirportCode NOT IN (SELECT SourceAirport FROM Flights UNION SELECT DestAirport FROM Flights),SELECT AirportName FROM airports WHERE AirportCode NOT IN (SELECT SourceAirport FROM flights UNION SELECT DestAirport FROM flights);
flight_2,Which airports do not have departing or arriving flights?,SELECT AirportName FROM Airports WHERE AirportCode NOT IN (SELECT SourceAirport FROM Flights UNION SELECT DestAirport FROM Flights),SELECT AirportCode FROM airports WHERE AirportCode NOT IN (SELECT SourceAirport FROM flights UNION SELECT DestAirport FROM flights);
employee_hire_evaluation,How many employees are there?,SELECT count(*) FROM employee,SELECT COUNT(*) FROM employee;
employee_hire_evaluation,Count the number of employees,SELECT count(*) FROM employee,SELECT COUNT(*) FROM employee;
employee_hire_evaluation,Sort employee names by their age in ascending order.,SELECT name FROM employee ORDER BY age,SELECT Name FROM employee ORDER BY Age ASC;
employee_hire_evaluation,List the names of employees and sort in ascending order of age.,SELECT name FROM employee ORDER BY age,"SELECT Name, Age FROM employee ORDER BY Age ASC;"
employee_hire_evaluation,What is the number of employees from each city?,"SELECT count(*) ,  city FROM employee GROUP BY city","SELECT City, COUNT(*) AS Number_of_Employees FROM employee GROUP BY City;"
employee_hire_evaluation,Count the number of employees for each city.,"SELECT count(*) ,  city FROM employee GROUP BY city","SELECT City, COUNT(*) FROM employee GROUP BY City;"
employee_hire_evaluation,Which cities do more than one employee under age 30 come from?,SELECT city FROM employee WHERE age  <  30 GROUP BY city HAVING count(*)  >  1,SELECT City FROM employee WHERE Age < 30 GROUP BY City HAVING COUNT(*) > 1;
employee_hire_evaluation,Find the cities that have more than one employee under age 30.,SELECT city FROM employee WHERE age  <  30 GROUP BY city HAVING count(*)  >  1,SELECT City FROM employee WHERE Age < 30 GROUP BY City HAVING COUNT(*) > 1;
employee_hire_evaluation,Find the number of shops in each location.,"SELECT count(*) ,  LOCATION FROM shop GROUP BY LOCATION","SELECT Location, COUNT(Shop_ID) FROM shop GROUP BY Location;"
employee_hire_evaluation,How many shops are there in each location?,"SELECT count(*) ,  LOCATION FROM shop GROUP BY LOCATION","SELECT Location, COUNT(*) FROM shop GROUP BY Location;"
employee_hire_evaluation,Find the manager name and district of the shop whose number of products is the largest.,"SELECT manager_name ,  district FROM shop ORDER BY number_products DESC LIMIT 1","SELECT Manager_name, District FROM shop WHERE Number_products = (SELECT MAX(Number_products) FROM shop)"
employee_hire_evaluation,What are the manager name and district of the shop that sells the largest number of products?,"SELECT manager_name ,  district FROM shop ORDER BY number_products DESC LIMIT 1","SELECT Manager_name, District FROM shop ORDER BY Number_products DESC LIMIT 1;"
employee_hire_evaluation,find the minimum and maximum number of products of all stores.,"SELECT min(Number_products) ,  max(Number_products) FROM shop","SELECT MIN(Number_products), MAX(Number_products) FROM shop;"
employee_hire_evaluation,What are the minimum and maximum number of products across all the shops?,"SELECT min(Number_products) ,  max(Number_products) FROM shop","SELECT MIN(Number_products), MAX(Number_products) FROM shop;"
employee_hire_evaluation,"Return the name, location and district of all shops in descending order of number of products.","SELECT name ,  LOCATION ,  district FROM shop ORDER BY number_products DESC","SELECT Name,Location,District FROM shop ORDER BY Number_products DESC;"
employee_hire_evaluation,"Sort all the shops by number products in descending order, and return the name, location and district of each shop.","SELECT name ,  LOCATION ,  district FROM shop ORDER BY number_products DESC","SELECT Name, Location, District FROM shop ORDER BY Number_products DESC;"
employee_hire_evaluation,Find the names of stores whose number products is more than the average number of products.,SELECT name FROM shop WHERE number_products  >  (SELECT avg(number_products) FROM shop),SELECT Name FROM shop WHERE Number_products > (SELECT AVG(Number_products) FROM shop)
employee_hire_evaluation,Which shops' number products is above the average? Give me the shop names.,SELECT name FROM shop WHERE number_products  >  (SELECT avg(number_products) FROM shop),SELECT Name FROM shop WHERE Number_products > (SELECT AVG(Number_products) FROM shop);
employee_hire_evaluation,find the name of employee who was awarded the most times in the evaluation.,SELECT t1.name FROM employee AS t1 JOIN evaluation AS t2 ON t1.Employee_ID  =  t2.Employee_ID GROUP BY t2.Employee_ID ORDER BY count(*) DESC LIMIT 1,"SELECT e.Name FROM employee e JOIN (SELECT Employee_ID AS eid, COUNT(*) AS cnt FROM evaluation GROUP BY eid ORDER BY cnt DESC LIMIT 1) AS sub ON CAST(sub.eid AS INTEGER) = e.Employee_ID;"
employee_hire_evaluation,Which employee received the most awards in evaluations? Give me the employee name.,SELECT t1.name FROM employee AS t1 JOIN evaluation AS t2 ON t1.Employee_ID  =  t2.Employee_ID GROUP BY t2.Employee_ID ORDER BY count(*) DESC LIMIT 1,SELECT e.Name FROM employee e JOIN evaluation ev ON e.Employee_ID = CAST(ev.Employee_ID AS INTEGER) GROUP BY e.Employee_ID ORDER BY COUNT(*) DESC LIMIT 1;
employee_hire_evaluation,Find the name of the employee who got the highest one time bonus.,SELECT t1.name FROM employee AS t1 JOIN evaluation AS t2 ON t1.Employee_ID  =  t2.Employee_ID ORDER BY t2.bonus DESC LIMIT 1,SELECT e.Name FROM evaluation JOIN employee e ON CAST(evaluation.Employee_ID AS INTEGER) = e.Employee_ID WHERE evaluation.Bonus = (SELECT MAX(Bonus) FROM evaluation) LIMIT 1;
employee_hire_evaluation,Which employee received the biggest bonus? Give me the employee name.,SELECT t1.name FROM employee AS t1 JOIN evaluation AS t2 ON t1.Employee_ID  =  t2.Employee_ID ORDER BY t2.bonus DESC LIMIT 1,SELECT e.Name FROM employee e JOIN evaluation ev ON e.Employee_ID = ev.Employee_ID WHERE ev.Bonus = (SELECT MAX(Bonus) FROM evaluation) LIMIT 1;
employee_hire_evaluation,Find the names of employees who never won any award in the evaluation.,SELECT name FROM employee WHERE Employee_ID NOT IN (SELECT Employee_ID FROM evaluation),SELECT Name FROM employee WHERE CAST(Employee_ID AS TEXT) NOT IN (SELECT Employee_ID FROM evaluation)
employee_hire_evaluation,What are the names of the employees who never received any evaluation?,SELECT name FROM employee WHERE Employee_ID NOT IN (SELECT Employee_ID FROM evaluation),SELECT Name FROM employee WHERE Employee_ID NOT IN (SELECT Employee_ID FROM evaluation)
employee_hire_evaluation,What is the name of the shop that is hiring the largest number of employees?,SELECT t2.name FROM hiring AS t1 JOIN shop AS t2 ON t1.shop_id  =  t2.shop_id GROUP BY t1.shop_id ORDER BY count(*) DESC LIMIT 1,"SELECT s.Name FROM shop s INNER JOIN (SELECT Shop_ID, COUNT(*) AS count FROM hiring GROUP BY Shop_ID ORDER BY count DESC LIMIT 1) AS max_hiring ON s.Shop_ID = max_hiring.Shop_ID;"
employee_hire_evaluation,Which shop has the most employees? Give me the shop name.,SELECT t2.name FROM hiring AS t1 JOIN shop AS t2 ON t1.shop_id  =  t2.shop_id GROUP BY t1.shop_id ORDER BY count(*) DESC LIMIT 1,SELECT s.Name FROM shop s JOIN hiring h ON s.Shop_ID = h.Shop_ID GROUP BY s.Shop_ID ORDER BY COUNT(h.Employee_ID) DESC LIMIT 1;
employee_hire_evaluation,Find the name of the shops that do not hire any employee.,SELECT name FROM shop WHERE shop_id NOT IN (SELECT shop_id FROM hiring),SELECT s.Name FROM shop s LEFT JOIN hiring h ON s.Shop_ID = h.Shop_ID WHERE h.Shop_ID IS NULL;
employee_hire_evaluation,Which shops run with no employees? Find the shop names,SELECT name FROM shop WHERE shop_id NOT IN (SELECT shop_id FROM hiring),"SELECT s.Name FROM shop s LEFT JOIN hiring h ON s.Shop_ID = h.Shop_ID WHERE h.Shop_ID IS NULL;  Wait, but if a shop has multiple entries in hiring? For example, if a shop has employees but maybe some are full-time and others part-time. But the question is about shops that have no employees. So even if there's one employee in hiring, the shop is not considered. So the LEFT JOIN approach would work because if there's at least one entry in hiring for the shop, then h.Shop_ID would not be NULL.  But another way is to use NOT IN. For example, select shops where Shop_ID is not in the list of Shop_IDs from hiring. But that might not be efficient for large tables, but for SQLite, it's acceptable.  Another possibility is using NOT EXISTS. For example:  SELECT Name FROM shop WHERE Shop_ID NOT IN (SELECT DISTINCT Shop_ID FROM hiring);  But what if a shop has an entry in hiring but the employee is not active? The problem states ""run with no employees"", so perhaps any shop that doesn't have a hiring record. Because the hiring table's primary key is Employee_ID, so each employee can only be hired once per shop? Wait, the primary key is Employee_ID, so each employee can be in only one shop? Or maybe the primary key is the combination of Shop_ID and Employee_ID? Wait, looking back at the schema:  The hiring table's primary key is (""Employee_ID""), which is a bit odd because that would mean each employee can be hired only once, but multiple employees can be hired by the same shop. But the foreign key references employee.Employee_ID. So the primary key is Employee_ID, meaning each employee can be in only one shop. So Shop_ID can have multiple entries in the hiring table (different employees), but each employee is linked to one shop.  So, if a shop has no entries in the hiring table, then it has no employees. So to find those shops, we need to select shops where their Shop_ID is not present in the hiring table's Shop_IDs.  So using a LEFT JOIN approach:  SELECT s.Name FROM shop s LEFT JOIN hiring h ON s.Shop_ID = h.Shop_ID WHERE h.Employee_ID IS NULL;  Wait, no. Because if we LEFT JOIN on Shop_ID, then for shops with no entries in hiring, h.Shop_ID would be NULL. But the Shop_ID in the shop table is the primary key, so in the LEFT JOIN, for those shops without any hiring records, all the columns from hiring would be NULL. So checking for h.Employee_ID IS NULL would work. Alternatively, checking for h.Shop_ID IS NULL would also work. But since the primary key of hiring is Employee_ID, maybe the Shop_ID in hiring is allowed to be non-unique. So, if a shop has multiple employees, there would be multiple entries in hiring with the same Shop_ID.   But when doing a LEFT JOIN between shop and hiring on Shop_ID, each shop row is joined with all matching hiring rows. But if there are none, then one row is joined with NULLs. So if we select where h.Shop_ID IS NULL, that would give shops with no entries in hiring. However, if we use LEFT JOIN and check for h.Employee_ID IS NULL, that's also possible. Either way, the idea is to find shops that have no records in hiring.  Another approach is to use NOT EXISTS:  SELECT s.Name FROM shop s WHERE NOT EXISTS (SELECT 1 FROM hiring h WHERE h.Shop_ID = s.Shop_ID);  This would also work. But which method is better? Both should work. Let's think about possible cases. Suppose a shop has a hiring record with Shop_ID but the Employee_ID is NULL? But according to the schema, Shop_ID is a foreign key to shop.Shop_ID, and Employee_ID is a foreign key to employee.Employee_ID. Also, the primary key of hiring is Employee_ID. So, each row in hiring must have a valid Employee_ID and Shop_ID. Therefore, if there's a row in hiring, both Shop_ID and Employee_ID are present. Therefore, in the LEFT JOIN approach, for shops that have no entries in hiring, the h.Shop_ID would be NULL. Therefore, the correct condition is WHERE h.Shop_ID IS NULL.  So the SQL query would be:  SELECT s.Name FROM shop s LEFT JOIN hiring h ON s.Shop_ID = h.Shop_ID WHERE h.Shop_ID IS NULL;  But wait, if there are multiple entries in hiring for the same Shop_ID, the LEFT JOIN would still result in h.Shop_ID being present. So even if there's one employee in the shop, the LEFT JOIN would have h.Shop_ID not NULL, and thus the shop would not be in the result.  But when you do a LEFT JOIN, if there are multiple matches, it would return multiple rows. However, in this case, the WHERE condition would filter out any rows where there's at least one match. So the shops with employees would have their h.Shop_ID not NULL, and thus be excluded. Only shops with no entries in hiring would have h.Shop_ID NULL.  But another thing to consider: if a shop has an entry in hiring, but the Employee_ID is not valid (but due to foreign key constraints, that shouldn't happen). So the LEFT JOIN approach is correct.  Alternatively, using the NOT IN approach:  SELECT Name FROM shop WHERE Shop_ID NOT IN (SELECT DISTINCT Shop_ID FROM hiring);  But what if there are no entries in hiring? Then all shops would be returned.  So both approaches should work. Which one is better? For SQLite, perhaps the NOT IN approach is simpler. However, if the hiring table is empty, the subquery returns no rows, and the NOT IN would be equivalent to Shop_ID NOT IN (NULL), which in SQL is tricky because of three-valued logic. Wait, if the subquery returns no rows, then the NOT IN condition would be true for all rows. Because the subquery returns an empty list, so Shop_ID NOT IN (empty list) is true. So that would work.  But if the subquery returns some values, then the NOT IN would work as expected. However, if there are NULLs in the subquery, but since Shop_ID in hiring is a primary key (no, the primary key of hiring is Employee_ID, but Shop_ID is a foreign key. So Shop_ID in hiring can't be NULL because of the foreign key constraint. So the subquery SELECT DISTINCT Shop_ID FROM hiring would return non-NULL values. Therefore, the NOT IN approach is safe.  So the query could be written as:  SELECT Name FROM shop WHERE Shop_ID NOT IN (SELECT Shop_ID FROM hiring);  But if a shop's Shop_ID is not present in the hiring Shop_IDs, then it's selected.  But what if there are shops with multiple entries in hiring? It doesn't matter because the subquery uses DISTINCT (or even if not, since NOT IN with a list of values would check if the Shop_ID is in any of them).  So both methods are valid. Which one is better? The LEFT JOIN method may return multiple rows if a shop has multiple employees, but since we are checking for NULL, it would still work. Let me test with an example.  Suppose there's a shop with Shop_ID 1, and in hiring, there are two entries for Shop_ID 1. Then, when LEFT JOINING shop with hiring on Shop_ID, the shop would have two rows joined with the two hiring entries. But the WHERE clause WHERE h.Shop_ID IS NULL would exclude those, so the shop wouldn't be in the result. Whereas if the shop has no entries, it would be included.  So the LEFT JOIN approach works. However, if the subquery approach is easier, perhaps that's better.  But in SQLite, which method is more efficient? Probably depends on the data. But for the purpose of this question, either is acceptable.  The user wants the SQL query. Let's choose the LEFT JOIN approach as it's a common method for finding missing records.  So the final SQL would be:  SELECT s.Name FROM shop s LEFT JOIN hiring h ON s.Shop_ID = h.Shop_ID WHERE h.Shop_ID IS NULL;  But wait, since the hiring table's primary key is Employee_ID, but the foreign key is Shop_ID. So the Shop_ID in hiring can be any valid shop. So the LEFT JOIN approach is correct.  Another thing to note: the hiring table's primary key is Employee_ID, which implies that each employee can be in the hiring table only once. But the Shop_ID can have multiple entries (different employees in the same shop).   So the LEFT JOIN would produce for each shop, all its hiring records."
employee_hire_evaluation,Find the number of employees hired in each shop; show the shop name as well.,"SELECT count(*) ,  t2.name FROM hiring AS t1 JOIN shop AS t2 ON t1.shop_id  =  t2.shop_id GROUP BY t2.name","SELECT s.Name, COUNT(*) FROM hiring h JOIN shop s ON h.Shop_ID = s.Shop_ID GROUP BY s.Shop_ID;"
employee_hire_evaluation,"For each shop, return the number of employees working there and the name of the shop.","SELECT count(*) ,  t2.name FROM hiring AS t1 JOIN shop AS t2 ON t1.shop_id  =  t2.shop_id GROUP BY t2.name","SELECT s.Name, COUNT(h.Employee_ID) FROM shop s LEFT JOIN hiring h ON s.Shop_ID = h.Shop_ID GROUP BY s.Shop_ID;"
employee_hire_evaluation,What is total bonus given in all evaluations?,SELECT sum(bonus) FROM evaluation,SELECT SUM(Bonus) FROM evaluation;
employee_hire_evaluation,Find the total amount of bonus given in all the evaluations.,SELECT sum(bonus) FROM evaluation,SELECT SUM(Bonus) FROM evaluation;
employee_hire_evaluation,Give me all the information about hiring.,SELECT * FROM hiring,SELECT * FROM hiring;
employee_hire_evaluation,What is all the information about hiring?,SELECT * FROM hiring,SELECT * FROM hiring;
employee_hire_evaluation,Which district has both stores with less than 3000 products and stores with more than 10000 products?,SELECT district FROM shop WHERE Number_products  <  3000 INTERSECT SELECT district FROM shop WHERE Number_products  >  10000,SELECT District FROM shop GROUP BY District HAVING MIN(Number_products) < 3000 AND MAX(Number_products) > 10000;
employee_hire_evaluation,Find the districts in which there are both shops selling less than 3000 products and shops selling more than 10000 products.,SELECT district FROM shop WHERE Number_products  <  3000 INTERSECT SELECT district FROM shop WHERE Number_products  >  10000,SELECT District FROM shop WHERE Number_products < 3000 INTERSECT SELECT District FROM shop WHERE Number_products > 10000;
employee_hire_evaluation,How many different store locations are there?,SELECT count(DISTINCT LOCATION) FROM shop,SELECT COUNT(DISTINCT Location) FROM shop;
employee_hire_evaluation,Count the number of distinct store locations.,SELECT count(DISTINCT LOCATION) FROM shop,SELECT COUNT(DISTINCT Location) FROM shop;
cre_Doc_Template_Mgt,How many documents do we have?,SELECT count(*) FROM Documents,SELECT COUNT(*) FROM Documents;
cre_Doc_Template_Mgt,Count the number of documents.,SELECT count(*) FROM Documents,SELECT COUNT(Document_ID) FROM Documents;
cre_Doc_Template_Mgt,"List document IDs, document names, and document descriptions for all documents.","SELECT document_id ,  document_name ,  document_description FROM Documents","SELECT Documents.Document_ID, Documents.Document_Name, Documents.Document_Description FROM Documents;"
cre_Doc_Template_Mgt,"What are the ids, names, and descriptions for all documents?","SELECT document_id ,  document_name ,  document_description FROM Documents","SELECT Documents.Document_ID, Documents.Document_Name, Documents.Document_Description FROM Documents;"
cre_Doc_Template_Mgt,What is the document name and template id for document with description with the letter 'w' in it?,"SELECT document_name ,  template_id FROM Documents WHERE Document_Description LIKE ""%w%""","SELECT Documents.Document_Name, Documents.Template_ID FROM Documents WHERE Documents.Document_Description LIKE '%w%';"
cre_Doc_Template_Mgt,Return the names and template ids for documents that contain the letter w in their description.,"SELECT document_name ,  template_id FROM Documents WHERE Document_Description LIKE ""%w%""","SELECT Documents.Document_Name, Documents.Template_ID FROM Documents WHERE Documents.Document_Description LIKE '%w%';"
cre_Doc_Template_Mgt,"What is the document id, template id and description for document named ""Robbin CV""?","SELECT document_id ,  template_id ,  Document_Description FROM Documents WHERE document_name  =  ""Robbin CV""","SELECT Documents.Document_ID, Documents.Template_ID, Documents.Document_Description FROM Documents WHERE Documents.Document_Name = 'Robbin CV';"
cre_Doc_Template_Mgt,"Return the document id, template id, and description for the document with the name Robbin CV.","SELECT document_id ,  template_id ,  Document_Description FROM Documents WHERE document_name  =  ""Robbin CV""","SELECT Documents.Document_ID, Documents.Template_ID, Documents.Document_Description FROM Documents WHERE Documents.Document_Name = 'Robbin CV';"
cre_Doc_Template_Mgt,How many different templates do all document use?,SELECT count(DISTINCT template_id) FROM Documents,SELECT COUNT(DISTINCT Template_ID) FROM Documents;
cre_Doc_Template_Mgt,Count the number of different templates used for documents.,SELECT count(DISTINCT template_id) FROM Documents,SELECT COUNT(DISTINCT Template_ID) FROM Documents;
cre_Doc_Template_Mgt,How many documents are using the template with type code 'PPT'?,SELECT count(*) FROM Documents AS T1 JOIN Templates AS T2 ON T1.Template_ID  =  T2.Template_ID WHERE T2.Template_Type_Code  =  'PPT',SELECT COUNT(*) FROM Documents INNER JOIN Templates ON Documents.Template_ID = Templates.Template_ID WHERE Templates.Template_Type_Code = 'PPT'
cre_Doc_Template_Mgt,Count the number of documents that use the PPT template type.,SELECT count(*) FROM Documents AS T1 JOIN Templates AS T2 ON T1.Template_ID  =  T2.Template_ID WHERE T2.Template_Type_Code  =  'PPT',SELECT COUNT(*) FROM Documents INNER JOIN Templates ON Documents.Template_ID = Templates.Template_ID WHERE Templates.Template_Type_Code = 'PPT';
cre_Doc_Template_Mgt,Show all template ids and number of documents using each template.,"SELECT template_id ,  count(*) FROM Documents GROUP BY template_id","SELECT Templates.Template_ID, COUNT(Documents.Document_ID) AS Num_Documents FROM Templates INNER JOIN Documents ON Templates.Template_ID = Documents.Template_ID GROUP BY Templates.Template_ID;"
cre_Doc_Template_Mgt,"What are all different template ids used for documents, and how many times were each of them used?","SELECT template_id ,  count(*) FROM Documents GROUP BY template_id","SELECT Template_ID, COUNT(*) FROM Documents WHERE Template_ID IS NOT NULL GROUP BY Template_ID;"
cre_Doc_Template_Mgt,What is the id and type code for the template used by the most documents?,"SELECT T1.template_id ,  T2.Template_Type_Code FROM Documents AS T1 JOIN Templates AS T2 ON T1.template_id  =  T2.template_id GROUP BY T1.template_id ORDER BY count(*) DESC LIMIT 1","SELECT Templates.Template_ID, Templates.Template_Type_Code FROM Templates INNER JOIN Documents ON Templates.Template_ID = Documents.Template_ID GROUP BY Templates.Template_ID ORDER BY COUNT(Documents.Document_ID) DESC LIMIT 1;"
cre_Doc_Template_Mgt,Return the id and type code of the template that is used for the greatest number of documents.,"SELECT T1.template_id ,  T2.Template_Type_Code FROM Documents AS T1 JOIN Templates AS T2 ON T1.template_id  =  T2.template_id GROUP BY T1.template_id ORDER BY count(*) DESC LIMIT 1","SELECT T.Template_ID, T.Template_Type_Code FROM Templates T JOIN Documents D ON T.Template_ID = D.Template_ID GROUP BY T.Template_ID, T.Template_Type_Code ORDER BY COUNT(D.Document_ID) DESC LIMIT 1;"
cre_Doc_Template_Mgt,Show ids for all templates that are used by more than one document.,SELECT template_id FROM Documents GROUP BY template_id HAVING count(*)  >  1,SELECT Template_ID FROM Documents GROUP BY Template_ID HAVING COUNT(*) > 1;
cre_Doc_Template_Mgt,What are the template ids of any templates used in more than a single document?,SELECT template_id FROM Documents GROUP BY template_id HAVING count(*)  >  1,SELECT Template_ID FROM Documents WHERE Template_ID IS NOT NULL GROUP BY Template_ID HAVING COUNT(*) > 1;
cre_Doc_Template_Mgt,Show ids for all templates not used by any document.,SELECT template_id FROM Templates EXCEPT SELECT template_id FROM Documents,SELECT Templates.Template_ID FROM Templates LEFT JOIN Documents ON Templates.Template_ID = Documents.Template_ID WHERE Documents.Template_ID IS NULL;
cre_Doc_Template_Mgt,What are the ids for templates that are not used in any documents?,SELECT template_id FROM Templates EXCEPT SELECT template_id FROM Documents,SELECT Template_ID FROM Templates LEFT JOIN Documents ON Templates.Template_ID = Documents.Template_ID WHERE Documents.Document_ID IS NULL;
cre_Doc_Template_Mgt,How many templates do we have?,SELECT count(*) FROM Templates,SELECT COUNT(*) FROM Templates;
cre_Doc_Template_Mgt,Count the number of templates.,SELECT count(*) FROM Templates,SELECT COUNT(*) FROM Templates;
cre_Doc_Template_Mgt,"Show template ids, version numbers, and template type codes for all templates.","SELECT template_id ,  version_number ,  template_type_code FROM Templates","SELECT Templates.Template_ID, Templates.Version_Number, Templates.Template_Type_Code FROM Templates;"
cre_Doc_Template_Mgt,"What are the ids, version numbers, and type codes for each template?","SELECT template_id ,  version_number ,  template_type_code FROM Templates","SELECT Templates.Template_ID, Templates.Version_Number, Templates.Template_Type_Code FROM Templates;"
cre_Doc_Template_Mgt,Show all distinct template type codes for all templates.,SELECT DISTINCT template_type_code FROM Templates,SELECT DISTINCT Template_Type_Code FROM Templates;
cre_Doc_Template_Mgt,What are the different template type codes?,SELECT DISTINCT template_type_code FROM Templates,SELECT Template_Type_Code FROM Ref_Template_Types;
cre_Doc_Template_Mgt,What are the ids of templates with template type code PP or PPT?,"SELECT template_id FROM Templates WHERE template_type_code  =  ""PP"" OR template_type_code  =  ""PPT""","SELECT Template_ID FROM Templates WHERE Template_Type_Code IN ('PP', 'PPT');"
cre_Doc_Template_Mgt,Return the ids of templates that have the code PP or PPT.,"SELECT template_id FROM Templates WHERE template_type_code  =  ""PP"" OR template_type_code  =  ""PPT""","SELECT Template_ID FROM Templates WHERE Template_Type_Code IN ('PP', 'PPT');"
cre_Doc_Template_Mgt,How many templates have template type code CV?,"SELECT count(*) FROM Templates WHERE template_type_code  =  ""CV""",SELECT COUNT(*) FROM Templates WHERE Template_Type_Code = 'CV';
cre_Doc_Template_Mgt,Count the number of templates of the type CV.,"SELECT count(*) FROM Templates WHERE template_type_code  =  ""CV""",SELECT COUNT(*) FROM Templates WHERE Template_Type_Code = 'CV';
cre_Doc_Template_Mgt,What is the version number and template type code for the template with version number later than 5?,"SELECT version_number ,  template_type_code FROM Templates WHERE version_number  >  5","SELECT Version_Number, Template_Type_Code FROM Templates WHERE Version_Number > 5;"
cre_Doc_Template_Mgt,Return the version numbers and template type codes of templates with a version number greater than 5.,"SELECT version_number ,  template_type_code FROM Templates WHERE version_number  >  5","SELECT Version_Number, Template_Type_Code FROM Templates WHERE Version_Number > 5;"
cre_Doc_Template_Mgt,Show all template type codes and number of templates for each.,"SELECT template_type_code ,  count(*) FROM Templates GROUP BY template_type_code","SELECT r.Template_Type_Code, COUNT(t.Template_ID) AS num_templates FROM Ref_Template_Types r LEFT JOIN Templates t ON r.Template_Type_Code = t.Template_Type_Code GROUP BY r.Template_Type_Code;"
cre_Doc_Template_Mgt,"What are the different template type codes, and how many templates correspond to each?","SELECT template_type_code ,  count(*) FROM Templates GROUP BY template_type_code","SELECT Template_Type_Code, COUNT(*) FROM Templates GROUP BY Template_Type_Code;"
cre_Doc_Template_Mgt,Which template type code has most number of templates?,SELECT template_type_code FROM Templates GROUP BY template_type_code ORDER BY count(*) DESC LIMIT 1,SELECT Template_Type_Code FROM Templates GROUP BY Template_Type_Code ORDER BY COUNT(*) DESC LIMIT 1;
cre_Doc_Template_Mgt,Return the type code of the template type that the most templates belong to.,SELECT template_type_code FROM Templates GROUP BY template_type_code ORDER BY count(*) DESC LIMIT 1,SELECT Template_Type_Code FROM Templates GROUP BY Template_Type_Code ORDER BY COUNT(*) DESC LIMIT 1;
cre_Doc_Template_Mgt,Show all template type codes with less than three templates.,SELECT template_type_code FROM Templates GROUP BY template_type_code HAVING count(*)  <  3,SELECT r.Template_Type_Code FROM Ref_Template_Types r LEFT JOIN Templates t ON r.Template_Type_Code = t.Template_Type_Code GROUP BY r.Template_Type_Code HAVING COUNT(t.Template_ID) < 3;
cre_Doc_Template_Mgt,What are the codes of template types that have fewer than 3 templates?,SELECT template_type_code FROM Templates GROUP BY template_type_code HAVING count(*)  <  3,SELECT Template_Type_Code FROM Ref_Template_Types LEFT JOIN Templates ON Ref_Template_Types.Template_Type_Code = Templates.Template_Type_Code GROUP BY Ref_Template_Types.Template_Type_Code HAVING COUNT(Templates.Template_ID) < 3;
cre_Doc_Template_Mgt,What the smallest version number and its template type code?,"SELECT min(Version_Number) ,  template_type_code FROM Templates","SELECT Version_Number, Template_Type_Code FROM Templates WHERE Version_Number = (SELECT MIN(Version_Number) FROM Templates)"
cre_Doc_Template_Mgt,"Return the lowest version number, along with its corresponding template type code.","SELECT min(Version_Number) ,  template_type_code FROM Templates","SELECT Version_Number, Template_Type_Code FROM Templates ORDER BY Version_Number ASC LIMIT 1"
cre_Doc_Template_Mgt,"What is the template type code of the template used by document with the name ""Data base""?","SELECT T1.template_type_code FROM Templates AS T1 JOIN Documents AS T2 ON T1.template_id  =  T2.template_id WHERE T2.document_name  =  ""Data base""",SELECT Templates.Template_Type_Code FROM Documents INNER JOIN Templates ON Documents.Template_ID = Templates.Template_ID WHERE Documents.Document_Name = 'Data base';
cre_Doc_Template_Mgt,Return the template type code of the template that is used by a document named Data base.,"SELECT T1.template_type_code FROM Templates AS T1 JOIN Documents AS T2 ON T1.template_id  =  T2.template_id WHERE T2.document_name  =  ""Data base""",SELECT Templates.Template_Type_Code FROM Documents INNER JOIN Templates ON Documents.Template_ID = Templates.Template_ID WHERE Documents.Document_Name = 'Data base' LIMIT 1;
cre_Doc_Template_Mgt,Show all document names using templates with template type code BK.,"SELECT T2.document_name FROM Templates AS T1 JOIN Documents AS T2 ON T1.template_id  =  T2.template_id WHERE T1.template_type_code  =  ""BK""",SELECT Documents.Document_Name FROM Documents INNER JOIN Templates ON Documents.Template_ID = Templates.Template_ID WHERE Templates.Template_Type_Code = 'BK'
cre_Doc_Template_Mgt,What are the names of documents that use templates with the code BK?,"SELECT T2.document_name FROM Templates AS T1 JOIN Documents AS T2 ON T1.template_id  =  T2.template_id WHERE T1.template_type_code  =  ""BK""",SELECT Documents.Document_Name FROM Documents INNER JOIN Templates ON Documents.Template_ID = Templates.Template_ID WHERE Templates.Template_Type_Code = 'BK'
cre_Doc_Template_Mgt,Show all template type codes and the number of documents using each type.,"SELECT T1.template_type_code ,  count(*) FROM Templates AS T1 JOIN Documents AS T2 ON T1.template_id  =  T2.template_id GROUP BY T1.template_type_code","SELECT RTT.Template_Type_Code, COUNT(D.Document_ID) FROM Ref_Template_Types RTT LEFT JOIN Templates T ON RTT.Template_Type_Code = T.Template_Type_Code LEFT JOIN Documents D ON T.Template_ID = D.Template_ID GROUP BY RTT.Template_Type_Code;"
cre_Doc_Template_Mgt,"What are the different template type codes, and how many documents use each type?","SELECT T1.template_type_code ,  count(*) FROM Templates AS T1 JOIN Documents AS T2 ON T1.template_id  =  T2.template_id GROUP BY T1.template_type_code","SELECT Templates.Template_Type_Code, COUNT(Documents.Document_ID)  FROM Templates  JOIN Documents ON Templates.Template_ID = Documents.Template_ID  GROUP BY Templates.Template_Type_Code;  But wait, what if a Template is not used by any Document? The user wants the different template type codes. If a template type has no documents, would it show up? Since we're joining with Documents, Templates without any Documents would be excluded. But the question is about how many documents use each type. So if a template type exists but has no documents, the count would be zero. But the current approach would not include those. However, the question says ""how many documents use each type"", so maybe they want only the ones that have documents. So it's okay.  But to make sure, maybe we need to consider if Templates can have multiple versions. But the Documents table references Template_ID, which is unique in Templates. So each Document is linked to a specific Template version (since Template_ID is the primary key). So the count of Documents per Template_Type_Code is correct.  Alternatively, maybe the user wants to include the Template_Type_Description from Ref_Template_Types. But the question is about the codes, not the descriptions. The question says ""template type codes"" and ""how many documents use each type"". So the answer should be the Template_Type_Code and the count.  So the SQL would be joining Templates and Documents, grouping by Template_Type_Code.  But wait, the Templates table's Template_Type_Code is a foreign key to Ref_Template_Types. But for the count, we just need the code from Templates. So the correct query is:  SELECT t.Template_Type_Code, COUNT(d.Document_ID) AS document_count FROM Templates t JOIN Documents d ON t.Template_ID = d.Template_ID GROUP BY t.Template_Type_Code;  But wait, what if there are multiple versions of a template (Version_Number) in Templates? But the Documents reference Template_ID, which is unique. So each Template_ID is unique, and each version of a template would have a different Template_ID. So even if there are multiple versions of the same Template_Type_Code, each Template_ID is separate, and each Document refers to a specific Template_ID. Therefore, the count is correct per Template_Type_Code.  Yes, that should work. So the SQL is as above. But need to check if there are Template_Type_Codes in Ref_Template_Types that are not used in Templates. But the question is about how many documents use each type. So if a template type has no templates, it's not in Templates. Wait, Templates has a foreign key to Ref_Template_Types. So if a Template_Type_Code exists in Ref_Template_Types but no Templates use it, then there would be zero documents. But the current query would not include those. But the user's question is about the different template type codes. If they want all template type codes, even those with zero documents, then we need a LEFT JOIN from Ref_Template_Types to Templates. But the user's question is ""how many documents use each type"", which implies that they want the types that have documents. But maybe they want all types. Let me check the question again.  The question says: ""What are the different template type codes, and how many documents use each type?"" So ""different template type codes"" could mean all existing codes in the system, even if they have zero documents. But the way the tables are structured, the Template_Type_Code is in Ref_Template_Types, but Templates may or may not have entries with that code. Documents are linked to Templates. So to get all template type codes, including those with zero documents, we need to start from Ref_Template_Types, LEFT JOIN Templates, then LEFT JOIN Documents. But that could be more accurate.  Let me think again. Suppose there's a Template_Type_Code in Ref_Template_Types that has no Templates. Then there would be zero documents. But the question is about the different template type codes. So if the user wants all possible codes, even those not used, then the query should start with Ref_Template_Types. However, if the user wants only those codes that are actually used in Templates (and thus in Documents), then starting with Templates is correct.  The question is ambiguous. But given that Ref_Template_Types is a reference table, it's possible that there are codes in there that are not yet used. However, the user's question is about how many documents use each type. So if a code has zero documents, it's possible that the user still wants to include it. But without joining Ref_Template_Types, the query I wrote earlier would only include Template_Type_Codes that are present in Templates (since Templates have the foreign key). So if there's a code in Ref_Template_Types not used in Templates, it's not in the result. But if the user wants all codes, even those with zero documents, then the correct approach is:  SELECT rtt.Template_Type_Code, COUNT(d.Document_ID)  FROM Ref_Template_Types rtt LEFT JOIN Templates t ON rtt.Template_Type_Code = t.Template_Type_Code LEFT JOIN Documents d ON t.Template_ID = d.Template_ID GROUP BY rtt.Template_Type_Code;  But this would count all documents linked to any template of that type. However, if there are multiple templates of the same type, each with multiple documents, this should aggregate them. But COUNT(d.Document_ID) with LEFT JOIN would count all documents, even if some are NULL. But COUNT would count non-null values. Wait, but if there are multiple templates per type, each with documents, then this approach would include all documents. However, if there are multiple templates of the same type, each with their own documents, then the total count would be the sum of all documents across all templates of that type.  But the original question is about how many documents use each type. So the correct approach is to count the number of documents that are linked to templates of each type. So whether there are multiple templates per type, the count is correct. However, if we start from Ref_Template_Types, and LEFT JOIN Templates, then LEFT JOIN Documents, then for each Template_Type_Code, we get all documents linked to any of its templates.  But the problem is that if a Template_Type_Code has no Templates, then the count would be zero. If the user wants all possible Template_Type_Codes, even those not used, then this is correct. But if the user only wants Template_Type_Codes that are used in at least one Template, then starting from Templates is better.  The question is ambiguous. However, given that the user is asking for ""how many documents use each type"", it's possible that they want all types, even those with zero documents. But without knowing, perhaps the safest approach is to include all Template_Type_Codes from Ref_Template_Types, even if they have zero documents. However, the original answer I thought of (joining Templates and Documents) would only include Template_Type_Codes that are present in Templates (and thus possibly in Documents). But maybe the user wants all possible codes. Let me check the database schema again.  The Ref_Template_Types is a reference table. The Templates table has a foreign key to it. So the Template_Type_Code in Templates must exist in Ref_Template_Types. Therefore, any Template_Type_Code present in Templates is also in Ref_Template_Types. Therefore, if we start from Templates, we are getting all Template_Type_Codes that are used in Templates, which are valid. However, there may be Template_Type_Codes in Ref_Template_Types that are not used in Templates. But the question is about how many documents use each type. If a type has no templates, then no documents can use it. Therefore, including those would have a count of zero, but perhaps the user wants to know that. However, the question is phrased as ""how many documents use each type"", which could imply that they want the types that have at least one document. But without more context, it's hard to say.  But given that the user is asking for ""different template type codes"", which"
cre_Doc_Template_Mgt,Which template type code is used by most number of documents?,SELECT T1.template_type_code FROM Templates AS T1 JOIN Documents AS T2 ON T1.template_id  =  T2.template_id GROUP BY T1.template_type_code ORDER BY count(*) DESC LIMIT 1,SELECT Templates.Template_Type_Code FROM Documents INNER JOIN Templates ON Documents.Template_ID = Templates.Template_ID GROUP BY Templates.Template_Type_Code ORDER BY COUNT(*) DESC LIMIT 1;
cre_Doc_Template_Mgt,Return the code of the template type that is most commonly used in documents.,SELECT T1.template_type_code FROM Templates AS T1 JOIN Documents AS T2 ON T1.template_id  =  T2.template_id GROUP BY T1.template_type_code ORDER BY count(*) DESC LIMIT 1,SELECT Templates.Template_Type_Code FROM Documents INNER JOIN Templates ON Documents.Template_ID = Templates.Template_ID GROUP BY Templates.Template_Type_Code ORDER BY COUNT(*) DESC LIMIT 1;
cre_Doc_Template_Mgt,Show all template type codes that are not used by any document.,SELECT template_type_code FROM Templates EXCEPT SELECT template_type_code FROM Templates AS T1 JOIN Documents AS T2 ON T1.template_id  =  T2.template_id,SELECT Template_Type_Code FROM Ref_Template_Types WHERE Template_Type_Code NOT IN (SELECT Template_Type_Code FROM Templates WHERE Template_ID IN (SELECT Template_ID FROM Documents))
cre_Doc_Template_Mgt,What are the codes of template types that are not used for any document?,SELECT template_type_code FROM Templates EXCEPT SELECT template_type_code FROM Templates AS T1 JOIN Documents AS T2 ON T1.template_id  =  T2.template_id,"SELECT Template_Type_Code FROM Ref_Template_Types WHERE NOT EXISTS (     SELECT 1 FROM Templates     JOIN Documents ON Templates.Template_ID = Documents.Template_ID     WHERE Templates.Template_Type_Code = Ref_Template_Types.Template_Type_Code )  But this would check if there exists any document that uses a template of this type. If not, then include the code.  Alternatively, maybe using LEFT JOINs and checking for NULLs. For example:  SELECT rtt.Template_Type_Code FROM Ref_Template_Types rtt LEFT JOIN Templates t ON rtt.Template_Type_Code = t.Template_Type_Code LEFT JOIN Documents d ON t.Template_ID = d.Template_ID WHERE d.Document_ID IS NULL;  But wait, this might not capture all cases. Because if a template type has multiple templates, some of which are used and others not. But we need to check if any of the templates of that type are used. If even one is used, then the template type is considered used. So, if there's at least one document using a template of that type, then it's used. Otherwise, not.  So, perhaps the LEFT JOIN approach would include template types where all their templates are not used. But if any of their templates are used, then they should be excluded.  So, maybe using a LEFT JOIN with a subquery that finds Template_Type_Codes that are used in documents. Then select those that are not in that list.  Alternatively, find all Template_Type_Codes that are present in Templates that are used in Documents, then select those not in that list.  But how to get the Template_Type_Codes that are used in documents? Let's see:  SELECT DISTINCT t.Template_Type_Code FROM Templates t JOIN Documents d ON t.Template_ID = d.Template_ID;  So, any Template_Type_Code not in this list would be those that either have no templates, or have templates that are not used in any document.  Therefore, the answer would be:  SELECT Template_Type_Code FROM Ref_Template_Types WHERE Template_Type_Code NOT IN (     SELECT DISTINCT t.Template_Type_Code     FROM Templates t     JOIN Documents d ON t.Template_ID = d.Template_ID );  But what if there are Template_Type_Codes that have Templates but those Templates are not referenced by any Document? Those would be included in the result of the NOT IN subquery. So this approach should work.  Another way is to use a NOT EXISTS clause:  SELECT rtt.Template_Type_Code FROM Ref_Template_Types rtt WHERE NOT EXISTS (     SELECT 1     FROM Templates t     JOIN Documents d ON t.Template_ID = d.Template_ID     WHERE t.Template_Type_Code = rtt.Template_Type_Code );  This should also work. Both approaches should give the same result.  So, which one is better? Both are valid. But perhaps the NOT EXISTS is more efficient, but in SQLite, both should work.  Now, considering that the user wants the SQL query. Let's write it using NOT EXISTS.  But need to make sure that the syntax is correct. Also, need to use proper aliases.  So, the final SQL would be:  SELECT rtt.Template_Type_Code FROM Ref_Template_Types rtt WHERE NOT EXISTS (SELECT 1 FROM Templates t JOIN Documents d ON t.Template_ID = d.Template_ID WHERE t.Template_Type_Code = rtt.Template_Type_Code);  Alternatively, using the NOT IN approach:  SELECT Template_Type_Code FROM Ref_Template_Types WHERE Template_Type_Code NOT IN (SELECT Template_Type_Code FROM Templates WHERE Template_ID IN (SELECT Template_ID FROM Documents));  Wait, no. Because the subquery in the NOT IN would be:  SELECT t.Template_Type_Code FROM Templates t WHERE EXISTS (SELECT 1 FROM Documents d WHERE d.Template_ID = t.Template_ID)  So, the second approach would be:  SELECT Template_Type_Code FROM Ref_Template_Types WHERE Template_Type_Code NOT IN (     SELECT Template_Type_Code FROM Templates     WHERE Template_ID IN (SELECT Template_ID FROM Documents) );  But this is another way. But perhaps the first approach with JOIN is better.  But in any case, the correct answer is to find all template types that do not have any associated document through templates.  So, the correct SQL would be either of the above. Let me check for possible errors.  For example, if there's a Template_Type_Code that has Templates, but those Templates are not in any Documents, then they should be included. Also, if there's a Template_Type_Code with no Templates, they should be included as well.  The subquery in the NOT IN approach (SELECT DISTINCT t.Template_Type_Code FROM Templates t JOIN Documents d ON t.Template_ID = d.Template_ID) would capture all Template_Type_Codes that are used in at least one Document. Therefore, the main query selects those not in that list.  Yes, that's correct.  So, the SQL would be:  SELECT Template_Type_Code FROM Ref_Template_Types WHERE Template_Type_Code NOT IN (     SELECT DISTINCT t.Template_Type_Code     FROM Templates t     JOIN Documents d ON t.Template_ID = d.Template_ID );  But need to make sure that if there are no Templates, then the subquery returns nothing, so all Template_Type_Codes not in an empty set, which is all of them. But that's correct.  Another edge case: a Template_Type_Code exists in Ref_Template_Types, has Templates in Templates, but those Templates are not referenced by any Document. Then, the subquery returns nothing for that Template_Type_Code, so it would be included in the result, which is correct.  Yes.  So, the correct SQL is as above. Now, the user wants the answer in a single line, without explanations. So, the final SQL would be:  SELECT Template_Type_Code FROM Ref_Template_Types WHERE Template_Type_Code NOT IN (SELECT Template_Type_Code FROM Templates WHERE Template_ID IN (SELECT Template_ID FROM Documents));  Wait, but that's another version. Let me compare:  Original version with JOIN in the subquery vs. using Template_ID IN (SELECT ...).  Which one is better? Both should give the same result. The first approach uses JOIN between Templates and Documents, which is redundant since Documents.Template_ID references Templates.Template_ID. So, the subquery can be written as SELECT Template_Type_Code FROM Templates WHERE Template_ID IN (SELECT Template_ID FROM Documents). Because if a Template's ID is in a Document, then it's used. So, the subquery in the NOT IN is all Template_Type_Codes of Templates that are used in at least one Document.  Therefore, the SQL can be written as:  SELECT Template_Type_Code FROM Ref_Template_Types WHERE Template_Type_Code NOT IN (     SELECT Template_Type_Code FROM Templates     WHERE Template_ID IN (SELECT Template_ID FROM Documents) );  This is shorter and perhaps more efficient. Let me check if that's correct."
cre_Doc_Template_Mgt,Show all template type codes and descriptions.,"SELECT template_type_code ,  template_type_description FROM Ref_template_types","SELECT Template_Type_Code, Template_Type_Description FROM Ref_Template_Types;"
cre_Doc_Template_Mgt,What are the type codes and descriptions for all template types?,"SELECT template_type_code ,  template_type_description FROM Ref_template_types","SELECT Template_Type_Code, Template_Type_Description FROM Ref_Template_Types;"
cre_Doc_Template_Mgt,"What is the template type descriptions for template type code ""AD"".","SELECT template_type_description FROM Ref_template_types WHERE template_type_code  =  ""AD""",SELECT Template_Type_Description FROM Ref_Template_Types WHERE Template_Type_Code = 'AD';
cre_Doc_Template_Mgt,Return the template type description of the template type with the code AD.,"SELECT template_type_description FROM Ref_template_types WHERE template_type_code  =  ""AD""",SELECT Template_Type_Description FROM Ref_Template_Types WHERE Template_Type_Code = 'AD'
cre_Doc_Template_Mgt,"What is the template type code for template type description ""Book"".","SELECT template_type_code FROM Ref_template_types WHERE template_type_description  =  ""Book""",SELECT Template_Type_Code FROM Ref_Template_Types WHERE Template_Type_Description = 'Book'
cre_Doc_Template_Mgt,"Return the type code of the template type with the description ""Book"".","SELECT template_type_code FROM Ref_template_types WHERE template_type_description  =  ""Book""",SELECT Template_Type_Code FROM Ref_Template_Types WHERE Template_Type_Description = 'Book'
cre_Doc_Template_Mgt,What are the distinct template type descriptions for the templates ever used by any document?,SELECT DISTINCT T1.template_type_description FROM Ref_template_types AS T1 JOIN Templates AS T2 ON T1.template_type_code  = T2.template_type_code JOIN Documents AS T3 ON T2.Template_ID  =  T3.template_ID,SELECT DISTINCT Ref_Template_Types.Template_Type_Description FROM Ref_Template_Types INNER JOIN Templates ON Ref_Template_Types.Template_Type_Code = Templates.Template_Type_Code INNER JOIN Documents ON Templates.Template_ID = Documents.Template_ID;
cre_Doc_Template_Mgt,Return the different descriptions for templates that have been used in a document.,SELECT DISTINCT T1.template_type_description FROM Ref_template_types AS T1 JOIN Templates AS T2 ON T1.template_type_code  = T2.template_type_code JOIN Documents AS T3 ON T2.Template_ID  =  T3.template_ID,SELECT DISTINCT t.Template_Details FROM Templates t INNER JOIN Documents d ON t.Template_ID = d.Template_ID;
cre_Doc_Template_Mgt,"What are the template ids with template type description ""Presentation"".","SELECT T2.template_id FROM Ref_template_types AS T1 JOIN Templates AS T2 ON T1.template_type_code  = T2.template_type_code WHERE T1.template_type_description  =  ""Presentation""",SELECT Templates.Template_ID FROM Templates INNER JOIN Ref_Template_Types ON Templates.Template_Type_Code = Ref_Template_Types.Template_Type_Code WHERE Ref_Template_Types.Template_Type_Description = 'Presentation'
cre_Doc_Template_Mgt,Return the ids corresponding to templates with the description 'Presentation'.,"SELECT T2.template_id FROM Ref_template_types AS T1 JOIN Templates AS T2 ON T1.template_type_code  = T2.template_type_code WHERE T1.template_type_description  =  ""Presentation""",SELECT Templates.Template_ID FROM Templates INNER JOIN Ref_Template_Types ON Templates.Template_Type_Code = Ref_Template_Types.Template_Type_Code WHERE Ref_Template_Types.Template_Type_Description = 'Presentation'
cre_Doc_Template_Mgt,How many paragraphs in total?,SELECT count(*) FROM Paragraphs,SELECT COUNT(*) FROM Paragraphs;
cre_Doc_Template_Mgt,Count the number of paragraphs.,SELECT count(*) FROM Paragraphs,SELECT COUNT(*) FROM Paragraphs;
cre_Doc_Template_Mgt,How many paragraphs for the document with name 'Summer Show'?,SELECT count(*) FROM Paragraphs AS T1 JOIN Documents AS T2 ON T1.document_ID  =  T2.document_ID WHERE T2.document_name  =  'Summer Show',SELECT COUNT(*) FROM Paragraphs INNER JOIN Documents ON Paragraphs.Document_ID = Documents.Document_ID WHERE Documents.Document_Name = 'Summer Show'
cre_Doc_Template_Mgt,Count the number of paragraphs in the document named 'Summer Show'.,SELECT count(*) FROM Paragraphs AS T1 JOIN Documents AS T2 ON T1.document_ID  =  T2.document_ID WHERE T2.document_name  =  'Summer Show',SELECT COUNT(*) FROM Paragraphs WHERE Document_ID = (SELECT Document_ID FROM Documents WHERE Document_Name = 'Summer Show')
cre_Doc_Template_Mgt,Show paragraph details for paragraph with text 'Korea ' .,select other_details from paragraphs where paragraph_text like 'korea',SELECT * FROM Paragraphs WHERE Paragraph_Text = 'Korea ';
cre_Doc_Template_Mgt,What are the details for the paragraph that includes the text 'Korea ' ?,select other_details from paragraphs where paragraph_text like 'korea',SELECT * FROM Paragraphs WHERE Paragraph_Text LIKE '%Korea%'
cre_Doc_Template_Mgt,Show all paragraph ids and texts for the document with name 'Welcome to NY'.,"SELECT T1.paragraph_id ,   T1.paragraph_text FROM Paragraphs AS T1 JOIN Documents AS T2 ON T1.document_id  =  T2.document_id WHERE T2.Document_Name  =  'Welcome to NY'","SELECT Paragraphs.Paragraph_ID, Paragraphs.Paragraph_Text FROM Paragraphs INNER JOIN Documents ON Paragraphs.Document_ID = Documents.Document_ID WHERE Documents.Document_Name = 'Welcome to NY';"
cre_Doc_Template_Mgt,What are the ids and texts of paragraphs in the document titled 'Welcome to NY'?,"SELECT T1.paragraph_id ,   T1.paragraph_text FROM Paragraphs AS T1 JOIN Documents AS T2 ON T1.document_id  =  T2.document_id WHERE T2.Document_Name  =  'Welcome to NY'","SELECT Paragraphs.Paragraph_ID, Paragraphs.Paragraph_Text FROM Paragraphs INNER JOIN Documents ON Paragraphs.Document_ID = Documents.Document_ID WHERE Documents.Document_Name = 'Welcome to NY';"
cre_Doc_Template_Mgt,"Show all paragraph texts for the document ""Customer reviews"".","SELECT T1.paragraph_text FROM Paragraphs AS T1 JOIN Documents AS T2 ON T1.document_id  =  T2.document_id WHERE T2.document_name  =  ""Customer reviews""",SELECT Paragraphs.Paragraph_Text FROM Paragraphs INNER JOIN Documents ON Paragraphs.Document_ID = Documents.Document_ID WHERE Documents.Document_Name = 'Customer reviews';
cre_Doc_Template_Mgt,What are the paragraph texts for the document with the name 'Customer reviews'?,"SELECT T1.paragraph_text FROM Paragraphs AS T1 JOIN Documents AS T2 ON T1.document_id  =  T2.document_id WHERE T2.document_name  =  ""Customer reviews""",SELECT Paragraphs.Paragraph_Text FROM Paragraphs INNER JOIN Documents ON Paragraphs.Document_ID = Documents.Document_ID WHERE Documents.Document_Name = 'Customer reviews';
cre_Doc_Template_Mgt,Show all document ids and the number of paragraphs in each document. Order by document id.,"SELECT document_id ,  count(*) FROM Paragraphs GROUP BY document_id ORDER BY document_id","SELECT Documents.Document_ID, COUNT(Paragraphs.Paragraph_ID) AS Paragraph_Count FROM Documents LEFT JOIN Paragraphs ON Documents.Document_ID = Paragraphs.Document_ID GROUP BY Documents.Document_ID ORDER BY Documents.Document_ID;"
cre_Doc_Template_Mgt,"Return the different document ids along with the number of paragraphs corresponding to each, ordered by id.","SELECT document_id ,  count(*) FROM Paragraphs GROUP BY document_id ORDER BY document_id","SELECT Document_ID, COUNT(Paragraph_ID) FROM Paragraphs GROUP BY Document_ID ORDER BY Document_ID;"
cre_Doc_Template_Mgt,"Show all document ids, names and the number of paragraphs in each document.","SELECT T1.document_id ,  T2.document_name ,  count(*) FROM Paragraphs AS T1 JOIN Documents AS T2 ON T1.document_id  =  T2.document_id GROUP BY T1.document_id","SELECT Documents.Document_ID, Documents.Document_Name, COUNT(Paragraphs.Paragraph_ID) AS ParagraphCount FROM Documents LEFT JOIN Paragraphs ON Documents.Document_ID = Paragraphs.Document_ID GROUP BY Documents.Document_ID, Documents.Document_Name;"
cre_Doc_Template_Mgt,"What are the ids and names of each document, as well as the number of paragraphs in each?","SELECT T1.document_id ,  T2.document_name ,  count(*) FROM Paragraphs AS T1 JOIN Documents AS T2 ON T1.document_id  =  T2.document_id GROUP BY T1.document_id","SELECT Documents.Document_ID, Documents.Document_Name, COUNT(Paragraphs.Paragraph_ID) AS Paragraph_Count FROM Documents LEFT JOIN Paragraphs ON Documents.Document_ID = Paragraphs.Document_ID GROUP BY Documents.Document_ID;"
cre_Doc_Template_Mgt,List all document ids with at least two paragraphs.,SELECT document_id FROM Paragraphs GROUP BY document_id HAVING count(*)  >=  2,SELECT Document_ID FROM Paragraphs GROUP BY Document_ID HAVING COUNT(Paragraph_ID) >= 2;
cre_Doc_Template_Mgt,What are the ids of documents that have 2 or more paragraphs?,SELECT document_id FROM Paragraphs GROUP BY document_id HAVING count(*)  >=  2,SELECT Document_ID FROM Paragraphs GROUP BY Document_ID HAVING COUNT(*) >= 2;
cre_Doc_Template_Mgt,What is the document id and name with greatest number of paragraphs?,"SELECT T1.document_id ,  T2.document_name FROM Paragraphs AS T1 JOIN Documents AS T2 ON T1.document_id  =  T2.document_id GROUP BY T1.document_id ORDER BY count(*) DESC LIMIT 1","SELECT D.Document_ID, D.Document_Name, COUNT(P.Paragraph_ID) AS Num_Paragraphs FROM Documents D LEFT JOIN Paragraphs P ON D.Document_ID = P.Document_ID GROUP BY D.Document_ID ORDER BY Num_Paragraphs DESC LIMIT 1"
cre_Doc_Template_Mgt,Return the id and name of the document with the most paragraphs.,"SELECT T1.document_id ,  T2.document_name FROM Paragraphs AS T1 JOIN Documents AS T2 ON T1.document_id  =  T2.document_id GROUP BY T1.document_id ORDER BY count(*) DESC LIMIT 1","SELECT D.Document_ID, D.Document_Name FROM Documents D JOIN Paragraphs P ON D.Document_ID = P.Document_ID GROUP BY D.Document_ID ORDER BY COUNT(P.Paragraph_ID) DESC LIMIT 1;"
cre_Doc_Template_Mgt,What is the document id with least number of paragraphs?,SELECT document_id FROM Paragraphs GROUP BY document_id ORDER BY count(*) ASC LIMIT 1,"SELECT d.Document_ID FROM Documents d LEFT JOIN Paragraphs p ON d.Document_ID = p.Document_ID GROUP BY d.Document_ID ORDER BY COUNT(p.Paragraph_ID) ASC, d.Document_ID ASC LIMIT 1;"
cre_Doc_Template_Mgt,Return the id of the document with the fewest paragraphs.,SELECT document_id FROM Paragraphs GROUP BY document_id ORDER BY count(*) ASC LIMIT 1,SELECT Document_ID FROM Documents LEFT JOIN Paragraphs ON Documents.Document_ID = Paragraphs.Document_ID GROUP BY Documents.Document_ID ORDER BY COUNT(Paragraphs.Paragraph_ID) ASC LIMIT 1
cre_Doc_Template_Mgt,What is the document id with 1 to 2 paragraphs?,SELECT document_id FROM Paragraphs GROUP BY document_id HAVING count(*) BETWEEN 1 AND 2,SELECT Document_ID FROM Paragraphs GROUP BY Document_ID HAVING COUNT(*) BETWEEN 1 AND 2;
cre_Doc_Template_Mgt,Give the ids of documents that have between one and two paragraphs.,SELECT document_id FROM Paragraphs GROUP BY document_id HAVING count(*) BETWEEN 1 AND 2,SELECT Document_ID FROM Paragraphs GROUP BY Document_ID HAVING COUNT(*) BETWEEN 1 AND 2;
cre_Doc_Template_Mgt,Show the document id with paragraph text 'Brazil' and 'Ireland'.,SELECT document_id FROM Paragraphs WHERE paragraph_text  =  'Brazil' INTERSECT SELECT document_id FROM Paragraphs WHERE paragraph_text  =  'Ireland',SELECT Document_ID FROM Paragraphs WHERE Paragraph_Text LIKE '%Brazil%' OR Paragraph_Text LIKE '%Ireland%' GROUP BY Document_ID HAVING SUM(CASE WHEN Paragraph_Text LIKE '%Brazil%' THEN 1 ELSE 0 END) > 0 AND SUM(CASE WHEN Paragraph_Text LIKE '%Ireland%' THEN 1 ELSE 0 END) > 0;
cre_Doc_Template_Mgt,What are the ids of documents that contain the paragraph text 'Brazil' and 'Ireland'?,SELECT document_id FROM Paragraphs WHERE paragraph_text  =  'Brazil' INTERSECT SELECT document_id FROM Paragraphs WHERE paragraph_text  =  'Ireland',SELECT DISTINCT p1.Document_ID FROM Paragraphs p1 INNER JOIN Paragraphs p2 ON p1.Document_ID = p2.Document_ID WHERE p1.Paragraph_Text LIKE '%Brazil%' AND p2.Paragraph_Text LIKE '%Ireland%';
course_teach,How many teachers are there?,SELECT count(*) FROM teacher,SELECT COUNT(*) FROM teacher;
course_teach,What is the total count of teachers?,SELECT count(*) FROM teacher,SELECT COUNT(*) FROM teacher;
course_teach,List the names of teachers in ascending order of age.,SELECT Name FROM teacher ORDER BY Age ASC,SELECT Name FROM teacher ORDER BY Age ASC;
course_teach,What are the names of the teachers ordered by ascending age?,SELECT Name FROM teacher ORDER BY Age ASC,SELECT Name FROM teacher ORDER BY Age ASC;
course_teach,What are the age and hometown of teachers?,"SELECT Age ,  Hometown FROM teacher","SELECT Age, Hometown FROM teacher;"
course_teach,What is the age and hometown of every teacher?,"SELECT Age ,  Hometown FROM teacher","SELECT Age, Hometown FROM teacher;"
course_teach,List the name of teachers whose hometown is not `` Little Lever Urban District '' .,"select name from teacher where hometown != ""little lever urban district""",SELECT Name FROM teacher WHERE Hometown != 'Little Lever Urban District';
course_teach,What are the names of the teachers whose hometown is not `` Little Lever Urban District '' ?,"select name from teacher where hometown != ""little lever urban district""",SELECT Name FROM teacher WHERE Hometown <> 'Little Lever Urban District';
course_teach,Show the name of teachers aged either 32 or 33?,SELECT Name FROM teacher WHERE Age  =  32 OR Age  =  33,"SELECT Name FROM teacher WHERE Age IN ('32','33');"
course_teach,What are the names of the teachers who are aged either 32 or 33?,SELECT Name FROM teacher WHERE Age  =  32 OR Age  =  33,"SELECT Name FROM teacher WHERE Age IN ('32', '33');"
course_teach,What is the hometown of the youngest teacher?,SELECT Hometown FROM teacher ORDER BY Age ASC LIMIT 1,SELECT Hometown FROM teacher ORDER BY CAST(Age AS INTEGER) ASC LIMIT 1;
course_teach,Where is the youngest teacher from?,SELECT Hometown FROM teacher ORDER BY Age ASC LIMIT 1,SELECT Hometown FROM teacher ORDER BY CAST(Age AS INTEGER) ASC LIMIT 1;
course_teach,Show different hometown of teachers and the number of teachers from each hometown.,"SELECT Hometown ,  COUNT(*) FROM teacher GROUP BY Hometown","SELECT Hometown, COUNT(*) FROM teacher GROUP BY Hometown;"
course_teach,"For each hometown, how many teachers are there?","SELECT Hometown ,  COUNT(*) FROM teacher GROUP BY Hometown","SELECT Hometown, COUNT(*) FROM teacher GROUP BY Hometown;"
course_teach,List the most common hometown of teachers.,SELECT Hometown FROM teacher GROUP BY Hometown ORDER BY COUNT(*) DESC LIMIT 1,SELECT Hometown FROM teacher GROUP BY Hometown ORDER BY COUNT(*) DESC LIMIT 1;
course_teach,What is the most commmon hometowns for teachers?,SELECT Hometown FROM teacher GROUP BY Hometown ORDER BY COUNT(*) DESC LIMIT 1,"SELECT Hometown, COUNT(*) AS count FROM teacher GROUP BY Hometown HAVING COUNT(*) = (SELECT COUNT(*) FROM teacher GROUP BY Hometown ORDER BY COUNT(*) DESC LIMIT 1) ORDER BY count DESC;"
course_teach,Show the hometowns shared by at least two teachers.,SELECT Hometown FROM teacher GROUP BY Hometown HAVING COUNT(*)  >=  2,SELECT Hometown FROM teacher GROUP BY Hometown HAVING COUNT(*) >= 2;
course_teach,What are the towns from which at least two teachers come from?,SELECT Hometown FROM teacher GROUP BY Hometown HAVING COUNT(*)  >=  2,SELECT Hometown FROM teacher GROUP BY Hometown HAVING COUNT(*) >= 2;
course_teach,Show names of teachers and the courses they are arranged to teach.,"SELECT T3.Name ,  T2.Course FROM course_arrange AS T1 JOIN course AS T2 ON T1.Course_ID  =  T2.Course_ID JOIN teacher AS T3 ON T1.Teacher_ID  =  T3.Teacher_ID","SELECT teacher.Name, course.Course FROM teacher JOIN course_arrange ON teacher.Teacher_ID = course_arrange.Teacher_ID JOIN course ON course_arrange.Course_ID = course.Course_ID;"
course_teach,What is the name of each teacher and what course they teach?,"SELECT T3.Name ,  T2.Course FROM course_arrange AS T1 JOIN course AS T2 ON T1.Course_ID  =  T2.Course_ID JOIN teacher AS T3 ON T1.Teacher_ID  =  T3.Teacher_ID","SELECT teacher.Name, course.Course FROM teacher JOIN course_arrange ON teacher.Teacher_ID = course_arrange.Teacher_ID JOIN course ON course_arrange.Course_ID = course.Course_ID;"
course_teach,Show names of teachers and the courses they are arranged to teach in ascending alphabetical order of the teacher's name.,"SELECT T3.Name ,  T2.Course FROM course_arrange AS T1 JOIN course AS T2 ON T1.Course_ID  =  T2.Course_ID JOIN teacher AS T3 ON T1.Teacher_ID  =  T3.Teacher_ID ORDER BY T3.Name","SELECT teacher.Name, course.Course FROM teacher JOIN course_arrange ON teacher.Teacher_ID = course_arrange.Teacher_ID JOIN course ON course_arrange.Course_ID = course.Course_ID ORDER BY teacher.Name ASC;"
course_teach,What are the names of the teachers and the courses they teach in ascending alphabetical order by the name of the teacher?,"SELECT T3.Name ,  T2.Course FROM course_arrange AS T1 JOIN course AS T2 ON T1.Course_ID  =  T2.Course_ID JOIN teacher AS T3 ON T1.Teacher_ID  =  T3.Teacher_ID ORDER BY T3.Name","SELECT DISTINCT t.Name, c.Course FROM teacher t JOIN course_arrange ca ON t.Teacher_ID = ca.Teacher_ID JOIN course c ON ca.Course_ID = c.Course_ID ORDER BY t.Name ASC;"
course_teach,Show the name of the teacher for the math course.,"SELECT T3.Name FROM course_arrange AS T1 JOIN course AS T2 ON T1.Course_ID  =  T2.Course_ID JOIN teacher AS T3 ON T1.Teacher_ID  =  T3.Teacher_ID WHERE T2.Course  =  ""Math""",SELECT teacher.Name FROM teacher JOIN course_arrange ON teacher.Teacher_ID = course_arrange.Teacher_ID JOIN course ON course.Course_ID = course_arrange.Course_ID WHERE course.Course = 'math';
course_teach,What are the names of the people who teach math courses?,"SELECT T3.Name FROM course_arrange AS T1 JOIN course AS T2 ON T1.Course_ID  =  T2.Course_ID JOIN teacher AS T3 ON T1.Teacher_ID  =  T3.Teacher_ID WHERE T2.Course  =  ""Math""",SELECT DISTINCT teacher.Name FROM teacher JOIN course_arrange ON teacher.Teacher_ID = course_arrange.Teacher_ID JOIN course ON course_arrange.Course_ID = course.Course_ID WHERE course.Course = 'math'
course_teach,Show names of teachers and the number of courses they teach.,"SELECT T2.Name ,  COUNT(*) FROM course_arrange AS T1 JOIN teacher AS T2 ON T1.Teacher_ID  =  T2.Teacher_ID GROUP BY T2.Name","SELECT t.Name, COUNT(DISTINCT ca.Course_ID) FROM teacher t LEFT JOIN course_arrange ca ON t.Teacher_ID = ca.Teacher_ID GROUP BY t.Teacher_ID;"
course_teach,What are the names of the teachers and how many courses do they teach?,"SELECT T2.Name ,  COUNT(*) FROM course_arrange AS T1 JOIN teacher AS T2 ON T1.Teacher_ID  =  T2.Teacher_ID GROUP BY T2.Name","SELECT teacher.Name, COUNT(course_arrange.Course_ID) FROM teacher INNER JOIN course_arrange ON teacher.Teacher_ID = course_arrange.Teacher_ID GROUP BY teacher.Teacher_ID;"
course_teach,Show names of teachers that teach at least two courses.,SELECT T2.Name FROM course_arrange AS T1 JOIN teacher AS T2 ON T1.Teacher_ID  =  T2.Teacher_ID GROUP BY T2.Name HAVING COUNT(*)  >=  2,SELECT t.Name FROM teacher t INNER JOIN course_arrange ca ON t.Teacher_ID = ca.Teacher_ID GROUP BY t.Teacher_ID HAVING COUNT(DISTINCT ca.Course_ID) >= 2;
course_teach,What are the names of the teachers who teach at least two courses?,SELECT T2.Name FROM course_arrange AS T1 JOIN teacher AS T2 ON T1.Teacher_ID  =  T2.Teacher_ID GROUP BY T2.Name HAVING COUNT(*)  >=  2,SELECT Name FROM teacher WHERE Teacher_ID IN (SELECT Teacher_ID FROM course_arrange GROUP BY Teacher_ID HAVING COUNT(Course_ID) >= 2)
course_teach,List the names of teachers who have not been arranged to teach courses.,SELECT Name FROM teacher WHERE Teacher_id NOT IN (SELECT Teacher_id FROM course_arrange),SELECT Name FROM teacher WHERE Teacher_ID NOT IN (SELECT Teacher_ID FROM course_arrange);
course_teach,What are the names of the teachers whose courses have not been arranged?,SELECT Name FROM teacher WHERE Teacher_id NOT IN (SELECT Teacher_id FROM course_arrange),SELECT Name FROM teacher WHERE Teacher_ID NOT IN (SELECT Teacher_ID FROM course_arrange)
museum_visit,How many visitors below age 30 are there?,SELECT count(*) FROM visitor WHERE age  <  30,SELECT COUNT(*) FROM visitor WHERE Age < 30;
museum_visit,"Find the names of the visitors whose membership level is higher than 4, and order the results by the level from high to low.",SELECT name FROM visitor WHERE Level_of_membership  >  4 ORDER BY Level_of_membership DESC,SELECT Name FROM visitor WHERE Level_of_membership > 4 ORDER BY Level_of_membership DESC;
museum_visit,What is the average age of the visitors whose membership level is not higher than 4?,SELECT avg(age) FROM visitor WHERE Level_of_membership  <=  4,SELECT AVG(Age) FROM visitor WHERE Level_of_membership <= 4;
museum_visit,"Find the name and membership level of the visitors whose membership level is higher than 4, and sort by their age from old to young.","SELECT name ,  Level_of_membership FROM visitor WHERE Level_of_membership  >  4 ORDER BY age DESC","SELECT visitor.Name, visitor.Level_of_membership FROM visitor WHERE visitor.Level_of_membership > 4 ORDER BY visitor.Age DESC;"
museum_visit,Find the id and name of the museum that has the most staff members?,"SELECT museum_id ,  name FROM museum ORDER BY num_of_staff DESC LIMIT 1","SELECT Museum_ID, Name FROM museum ORDER BY Num_of_Staff DESC LIMIT 1;"
museum_visit,Find the average number of staff working for the museums that were open before 2009.,SELECT avg(num_of_staff) FROM museum WHERE open_year  <  2009,SELECT AVG(Num_of_Staff) FROM museum WHERE Open_Year < '2009';
museum_visit,What are the opening year and staff number of the museum named Plaza Museum?,"SELECT Num_of_Staff ,  Open_Year FROM museum WHERE name  =  'Plaza Museum'","SELECT Open_Year, Num_of_Staff FROM museum WHERE Name = 'Plaza Museum';"
museum_visit,find the names of museums which have more staff than the minimum staff number of all museums opened after 2010.,SELECT name FROM museum WHERE num_of_staff  >  (SELECT min(num_of_staff) FROM museum WHERE open_year  >  2010),SELECT Name FROM museum WHERE Num_of_Staff > (SELECT MIN(Num_of_Staff) FROM museum WHERE Open_Year > '2010')
museum_visit,"find the id, name and age for visitors who visited some museums more than once.","SELECT t1.id ,  t1.name ,  t1.age FROM visitor AS t1 JOIN visit AS t2 ON t1.id  =  t2.visitor_id GROUP BY t1.id HAVING count(*)  >  1","SELECT v.ID, v.Name, v.Age FROM visitor v WHERE v.ID IN (SELECT visitor_ID FROM visit GROUP BY visitor_ID HAVING COUNT(*) > 1);"
museum_visit,"What are the id, name and membership level of visitors who have spent the largest amount of money in total in all museum tickets?","SELECT t2.visitor_id ,  t1.name ,  t1.Level_of_membership FROM visitor AS t1 JOIN visit AS t2 ON t1.id  =  t2.visitor_id GROUP BY t2.visitor_id ORDER BY sum(t2.Total_spent) DESC LIMIT 1","SELECT v.ID, v.Name, v.Level_of_membership FROM visitor v JOIN visit vis ON v.ID = vis.visitor_ID GROUP BY v.ID HAVING SUM(vis.Total_spent) = (SELECT MAX(total) FROM (SELECT SUM(Total_spent) AS total FROM visit GROUP BY visitor_ID))"
museum_visit,What are the id and name of the museum visited most times?,"SELECT t2.Museum_ID ,  t1.name FROM museum AS t1 JOIN visit AS t2 ON t1.Museum_ID  =  t2.Museum_ID GROUP BY t2.Museum_ID ORDER BY count(*) DESC LIMIT 1","SELECT m.Museum_ID, m.Name FROM museum m INNER JOIN visit v ON m.Museum_ID = v.Museum_ID GROUP BY m.Museum_ID ORDER BY COUNT(v.Museum_ID) DESC LIMIT 1;"
museum_visit,What is the name of the museum that had no visitor yet?,SELECT name FROM museum WHERE Museum_ID NOT IN (SELECT museum_id FROM visit),SELECT museum.Name FROM museum LEFT JOIN visit ON museum.Museum_ID = visit.Museum_ID WHERE visit.Museum_ID IS NULL;
museum_visit,Find the name and age of the visitor who bought the most tickets at once.,"SELECT t1.name ,  t1.age FROM visitor AS t1 JOIN visit AS t2 ON t1.id  =  t2.visitor_id ORDER BY t2.num_of_ticket DESC LIMIT 1","SELECT visitor.Name, visitor.Age FROM visit JOIN visitor ON CAST(visit.visitor_ID AS INTEGER) = visitor.ID WHERE visit.Num_of_Ticket = (SELECT MAX(Num_of_Ticket) FROM visit) LIMIT 1;"
museum_visit,What are the average and maximum number of tickets bought in all visits?,"SELECT avg(num_of_ticket) ,  max(num_of_ticket) FROM visit","SELECT AVG(Num_of_Ticket) AS Average_Tickets, MAX(Num_of_Ticket) AS Max_Tickets FROM visit;"
museum_visit,What is the total ticket expense of the visitors whose membership level is 1?,SELECT sum(t2.Total_spent) FROM visitor AS t1 JOIN visit AS t2 ON t1.id  =  t2.visitor_id WHERE t1.Level_of_membership  =  1,SELECT SUM(visit.Total_spent) FROM visitor INNER JOIN visit ON visitor.ID = CAST(visit.visitor_ID AS INTEGER) WHERE visitor.Level_of_membership = 1;
museum_visit,What is the name of the visitor who visited both a museum opened before 2009 and a museum opened after 2011?,SELECT t1.name FROM visitor AS t1 JOIN visit AS t2 ON t1.id  =  t2.visitor_id JOIN museum AS t3 ON t3.Museum_ID  =  t2.Museum_ID WHERE t3.open_year  <  2009 INTERSECT SELECT t1.name FROM visitor AS t1 JOIN visit AS t2 ON t1.id  =  t2.visitor_id JOIN museum AS t3 ON t3.Museum_ID  =  t2.Museum_ID WHERE t3.open_year  >  2011,"SELECT v.Name FROM visitor v WHERE v.ID IN (     SELECT v1.visitor_ID FROM visit v1     JOIN museum m1 ON v1.Museum_ID = m1.Museum_ID WHERE m1.Open_Year < '2009' ) AND v.ID IN (     SELECT v2.visitor_ID FROM visit v2     JOIN museum m2 ON v2.Museum_ID = m2.Museum_ID WHERE m2.Open_Year > '2011' );  Wait, but the visitor_ID in the visit table is a text field? Looking back at the schema: visit has ""visitor_ID"" text. Oh, and the visitor table's ID is int. Wait, the visitor table's ID is int, but in the visit table, visitor_ID is text. That's a bit odd. So when joining, we need to make sure that the types are compatible. But maybe the values are numeric strings. So perhaps in the join condition, it's okay. But maybe we need to cast? Or maybe the data is stored as strings but represent integers. For example, visitor_ID in visit is stored as '123', and visitor.ID is 123. So joining Museum_ID (int) with visit's Museum_ID (int) is okay, but visitor.ID (int) vs visit.visitor_ID (text) would need conversion. Wait, in the visit table, the foreign key for visitor is visitor_ID (text) referencing visitor.ID (int). That seems like a problem. But maybe the data is stored as strings. For example, if visitor.ID is 1, then visit.visitor_ID is '1'. So when joining, we can cast visitor.ID to text or vice versa.   But in the query above, when selecting visitor_ID from visit, and comparing to visitor.ID, since visitor.ID is int, but visit.visitor_ID is text, we need to cast. For example, in the subqueries, when we do v1.visitor_ID, which is text, and compare to v.ID which is int. So perhaps we need to cast one to the other.   In SQLite, when comparing text and integer, it does implicit conversion. But to be safe, maybe cast the visitor.ID to text. For example, in the WHERE clause, v.ID = visit.visitor_ID would require converting v.ID (int) to text. Alternatively, cast visit.visitor_ID to integer. But if the visitor_ID in visit is stored as a string, perhaps with leading zeros or something, that could be an issue. However, given the problem statement, we can assume that the data is consistent.   So in the query, when joining visit with visitor, the visitor_ID is text, and visitor.ID is int. So in the subqueries, when selecting visitor_ID from visit, they are text. But when comparing to visitor.ID, which is int, perhaps we need to cast. For example, in the IN clause, if we have visitor.ID IN (select visitor_ID ...), then we need to cast visitor_ID to integer. Or maybe the other way around.   Wait, in SQLite, when comparing a text to an integer, the text is converted to integer. So if visit.visitor_ID is '123', and visitor.ID is 123, then comparing them would work. So perhaps the query as written is okay.   So the main query is to find visitors who have at least one visit to a museum opened before 2009 and at least one visit to a museum opened after 2011.   Another approach is to use GROUP BY and HAVING with two conditions. For example:  SELECT v.Name FROM visitor v JOIN visit vis ON v.ID = vis.visitor_ID JOIN museum m ON vis.Museum_ID = m.Museum_ID GROUP BY v.ID HAVING      SUM(CASE WHEN m.Open_Year < '2009' THEN 1 ELSE 0 END) > 0     AND      SUM(CASE WHEN m.Open_Year > '2011' THEN 1 ELSE 0 END) > 0;  But wait, this approach would require that the same visitor has entries where Open_Year is both before 2009 and after 2011. However, this would work if the visitor has visited multiple museums. However, if a visitor visited a museum that opened before 2009 and another that opened after 2011, then the HAVING clause would have both sums >0.   But here, the problem is that the Open_Year is stored as text. Comparing as strings, so '2008' is less than '2009', which is correct. But what if some years have leading zeros or different formats? The problem says Open_Year is text, but the sample data probably uses strings like '2008', '2012', etc. So comparing as strings should work.   But in the HAVING clause, using CASE WHEN m.Open_Year < '2009' THEN 1... etc.   But this approach would require that the same visitor has multiple visits. The GROUP BY approach would aggregate all their visits.   But the problem is that the visitor could have visited multiple museums in the same visit? No, because the visit table's primary key is Museum_ID and visitor_ID. So each row represents a visit by a visitor to a museum. So each row is a visit to one museum.   So the GROUP BY approach would work.   But then, the JOINs would bring all the visits for each visitor, and the HAVING clause checks if there are at least two different Open_Year conditions.   But how to make sure that the same visitor has at least one visit to a museum opened before 2009 and at least one after 2011.   Yes, the SUM with CASE would count how many times they visited museums before 2009 and after 2011. If both counts are >0, then they satisfy the condition.   So the query would be:  SELECT v.Name FROM visitor v INNER JOIN visit vis ON v.ID = vis.visitor_ID INNER JOIN museum m ON vis.Museum_ID = m.Museum_ID GROUP BY v.ID HAVING      SUM(CASE WHEN m.Open_Year < '2009' THEN 1 ELSE 0 END) > 0     AND      SUM(CASE WHEN m.Open_Year > '2011' THEN 1 ELSE 0 END) > 0;  But wait, this would group by all visitors who have at least one visit before 2009 and at least one after 2011.   But what if a visitor has multiple visits to museums that meet both conditions? It still works.   But the problem is that the visit table's visitor_ID is text, and the visitor table's ID is int. So when joining vis.visitor_ID (text) with v.ID (int), we need to make sure they are compatible. For example, if the visitor_ID in visit is stored as a string representation of the integer.   In SQLite, when comparing text and integer, it converts the text to integer. So if the text is a valid integer, it works. So '123' = 123 would be true.   Therefore, the JOIN condition v.ID = vis.visitor_ID would work if the visitor_ID is stored as a string that can be converted to an integer"
museum_visit,Find the number of visitors who did not visit any museum opened after 2010.,SELECT count(*) FROM visitor WHERE id NOT IN (SELECT t2.visitor_id FROM museum AS t1 JOIN visit AS t2 ON t1.Museum_ID  =  t2.Museum_ID WHERE t1.open_year  >  2010),"SELECT COUNT(*) FROM visitor WHERE ID NOT IN (SELECT visitor_ID FROM visit WHERE Museum_ID IN (SELECT Museum_ID FROM museum WHERE Open_Year > '2010'));  Wait, but the visitor_ID in the visit table is a text field, and the ID in visitor is int. Wait, looking back at the schema:  In the visit table, visitor_ID is text, and in the visitor table, ID is int. So when joining, we need to make sure that the types are compatible. So when we select visitor_ID from visit, it's text, but the visitor's ID is int. So when comparing, perhaps we need to cast. But in SQLite, it's possible that the comparison is done as strings. Wait, but the primary key in visitor is ID (int), and in visit, visitor_ID is text. That seems odd. Maybe it's a typo in the schema? Or maybe the visitor_ID in visit is stored as text, but the actual IDs are numbers. So when joining, we need to cast the visitor.ID to text to match visit.visitor_ID. For example, in the subquery, when joining visit with museum, and then selecting visitor_ID, which is text, and comparing to visitor.ID which is int. So perhaps we need to cast visitor.ID as text when comparing.  Wait, in the NOT IN approach, the visitor_ID is text, and the visitor.ID is int. So if we do SELECT visitor_ID FROM visit WHERE ..., then the results are text. So when we compare visitor.ID (int) against that list, we need to make sure they are compatible. For example, if visitor.ID is 1, and visitor_ID in visit is '1', then in SQLite, comparing them as strings would work if they are casted. But perhaps the correct way is to cast the visitor.ID to text. So maybe the subquery should be:  SELECT visitor.ID FROM visitor WHERE visitor.ID NOT IN (SELECT visit.visitor_ID FROM visit INNER JOIN museum ON visit.Museum_ID = museum.Museum_ID WHERE museum.Open_Year > '2010' AND visit.visitor_ID = visitor.ID)  Wait, but that's part of a subquery. Let me think again. The problem is that the visitor_ID in visit is text, while the ID in visitor is integer. So when we check if a visitor's ID (integer) is in the list of visitor_IDs (text), we need to make sure they are compared correctly. So perhaps we need to cast the visitor.ID to text when comparing. For example:  SELECT COUNT(*) FROM visitor WHERE ID NOT IN (SELECT visitor_ID FROM visit WHERE Museum_ID IN (SELECT Museum_ID FROM museum WHERE Open_Year > '2010'))   But here, the visitor_ID is text, and the ID is integer. So if the visitor's ID is 123, and in the visit table it's stored as '123', then this would work. But if there's a type mismatch, maybe it's better to cast. However, SQLite is flexible with type conversion, but to be safe, perhaps we should cast the visitor.ID to text in the subquery.  Alternatively, in the NOT EXISTS approach, we can have a proper join condition. Let's try writing the NOT EXISTS version, which might handle the types better with explicit joins.  SELECT COUNT(*) FROM visitor v WHERE NOT EXISTS (SELECT 1 FROM visit vi JOIN museum m ON vi.Museum_ID = m.Museum_ID WHERE m.Open_Year > '2010' AND vi.visitor_ID = v.ID);  Wait, here, vi.visitor_ID is text, and v.ID is integer. So comparing text to integer. In SQLite, this would do a numeric comparison if possible. But perhaps we need to cast v.ID to text. For example, if the visitor_ID in visit is stored as a string, then the visitor's ID (integer) needs to be converted to string. So maybe the correct condition is vi.visitor_ID = CAST(v.ID AS TEXT). Otherwise, there might be a type mismatch leading to no matches.  So adjusting the query:  SELECT COUNT(*) FROM visitor v WHERE NOT EXISTS (SELECT 1 FROM visit vi JOIN museum m ON vi.Museum_ID = m.Museum_ID WHERE m.Open_Year > '2010' AND vi.visitor_ID = CAST(v.ID AS TEXT));  This way, we ensure that the comparison between vi.visitor_ID (text) and the visitor's ID (cast to text) is correct.  But the original question didn't mention anything about data types, so maybe we can assume that the visitor_ID in visit is stored as the same string as the visitor's ID. For example, if a visitor has ID 100, then their visitor_ID in visit is '100'.  Assuming that, then the NOT EXISTS query would work. But to be precise, perhaps the correct way is to cast the visitor's ID to text when comparing.  So putting it all together, the SQL query would be:  SELECT COUNT(*) FROM visitor WHERE ID NOT IN (SELECT visitor_ID FROM visit WHERE Museum_ID IN (SELECT Museum_ID FROM museum WHERE Open_Year > '2010'));  But again, considering the type difference between visitor.ID (int) and visit.visitor_ID (text), this might not work correctly. So perhaps using the NOT EXISTS with a proper cast is better.  Alternatively, using the NOT EXISTS with the cast:  SELECT COUNT(*) FROM visitor v WHERE NOT EXISTS (SELECT 1 FROM visit vi INNER JOIN museum m ON vi.Museum_ID = m.Museum_ID WHERE m.Open_Year > '2010' AND vi.visitor_ID = CAST(v.ID AS TEXT));  But the user wants the SQL code. Now, considering that the schema defines visitor_ID in visit as text, and ID in visitor as int. So the correct way is to cast the visitor's ID to text when comparing.  Therefore, the correct query would involve that cast. However, maybe the original data is stored with visitor_ID as integers stored as text (like '1', '2', etc.), so comparing with cast is necessary.  But the user might expect the answer without the cast, assuming that the data is consistent. However, since the schema defines different types, perhaps the cast is necessary. But since the user is asking for the SQL code, and the assistant is supposed to write the correct code based on the schema, then the cast is needed.  But maybe the problem assumes that the visitor_ID in visit is the same as the visitor's ID as a string. So perhaps the correct answer is:  SELECT COUNT(*) FROM visitor WHERE ID NOT IN (SELECT visitor_ID FROM visit WHERE Museum_ID IN (SELECT Museum_ID FROM museum WHERE Open_Year > '2010'));"
museum_visit,How many museums were opened after 2013 or before 2008?,SELECT count(*) FROM museum WHERE open_year  >  2013 OR open_year  <  2008,SELECT COUNT(*) FROM museum WHERE Open_Year > '2013' OR Open_Year < '2008'
wta_1,Find the total number of players.,SELECT count(*) FROM players,SELECT COUNT(*) FROM players;
wta_1,How many players are there?,SELECT count(*) FROM players,SELECT COUNT(player_id) FROM players;
wta_1,Find the total number of matches.,SELECT count(*) FROM matches,SELECT COUNT(*) FROM matches;
wta_1,Count the number of matches.,SELECT count(*) FROM matches,SELECT COUNT(*) FROM matches;
wta_1,List the first name and birth date of all players from the country with code USA.,"SELECT first_name ,  birth_date FROM players WHERE country_code  =  'USA'","SELECT first_name, birth_date FROM players WHERE country_code = 'USA';"
wta_1,What are the first names and birth dates of players from the USA?,"SELECT first_name ,  birth_date FROM players WHERE country_code  =  'USA'","SELECT first_name, birth_date FROM players WHERE country_code = 'USA';"
wta_1,Find the average age of losers and winners of all matches.,"SELECT avg(loser_age) ,  avg(winner_age) FROM matches","SELECT AVG(loser_age) AS avg_loser_age, AVG(winner_age) AS avg_winner_age FROM matches;"
wta_1,What are the average ages of losers and winners across matches?,"SELECT avg(loser_age) ,  avg(winner_age) FROM matches","SELECT AVG(loser_age) AS avg_loser_age, AVG(winner_age) AS avg_winner_age FROM matches;"
wta_1,Find the average rank of winners in all matches.,SELECT avg(winner_rank) FROM matches,SELECT AVG(winner_rank) FROM matches;
wta_1,What is the average rank for winners in all matches?,SELECT avg(winner_rank) FROM matches,SELECT AVG(winner_rank) FROM matches;
wta_1,Find the highest rank of losers in all matches.,SELECT min(loser_rank) FROM matches,SELECT MIN(loser_rank) FROM matches;
wta_1,What is the best rank of losers across all matches?,SELECT min(loser_rank) FROM matches,SELECT MIN(loser_rank) FROM matches;
wta_1,find the number of distinct country codes of all players.,SELECT count(DISTINCT country_code) FROM players,SELECT COUNT(DISTINCT country_code) FROM players;
wta_1,How many distinct countries do players come from?,SELECT count(DISTINCT country_code) FROM players,SELECT COUNT(DISTINCT country_code) FROM players;
wta_1,Find the number of distinct name of losers.,SELECT count(DISTINCT loser_name) FROM matches,SELECT COUNT(DISTINCT loser_name) FROM matches;
wta_1,How many different loser names are there?,SELECT count(DISTINCT loser_name) FROM matches,SELECT COUNT(DISTINCT loser_name) FROM matches;
wta_1,Find the name of tourney that has more than 10 matches.,SELECT tourney_name FROM matches GROUP BY tourney_name HAVING count(*)  >  10,SELECT tourney_name FROM matches GROUP BY tourney_name HAVING COUNT(*) > 10;
wta_1,What are the names of tournaments that have more than 10 matches?,SELECT tourney_name FROM matches GROUP BY tourney_name HAVING count(*)  >  10,SELECT tourney_name FROM matches GROUP BY tourney_name HAVING COUNT(*) > 10;
wta_1,List the names of all winners who played in both 2013 and 2016.,SELECT winner_name FROM matches WHERE YEAR  =  2013 INTERSECT SELECT winner_name FROM matches WHERE YEAR  =  2016,"SELECT p.first_name, p.last_name FROM players p WHERE p.player_id IN (SELECT winner_id FROM matches WHERE year = 2013 INTERSECT SELECT winner_id FROM matches WHERE year = 2016)"
wta_1,What are the names of players who won in both 2013 and 2016?,SELECT winner_name FROM matches WHERE YEAR  =  2013 INTERSECT SELECT winner_name FROM matches WHERE YEAR  =  2016,"SELECT p.first_name, p.last_name FROM players p WHERE p.player_id IN (SELECT winner_id FROM matches WHERE year = 2013 INTERSECT SELECT winner_id FROM matches WHERE year = 2016)"
wta_1,List the number of all matches who played in years of 2013 or 2016.,SELECT count(*) FROM matches WHERE YEAR  =  2013 OR YEAR  =  2016,"SELECT COUNT(*) FROM matches WHERE year IN (2013, 2016);"
wta_1,How many matches were played in 2013 or 2016?,SELECT count(*) FROM matches WHERE YEAR  =  2013 OR YEAR  =  2016,"SELECT COUNT(*) FROM matches WHERE year IN (2013, 2016);"
wta_1,What are the country code and first name of the players who won in both tourney WTA Championships and Australian Open?,"SELECT T1.country_code ,  T1.first_name FROM players AS T1 JOIN matches AS T2 ON T1.player_id  =  T2.winner_id WHERE T2.tourney_name  =  'WTA Championships' INTERSECT SELECT T1.country_code ,  T1.first_name FROM players AS T1 JOIN matches AS T2 ON T1.player_id  =  T2.winner_id WHERE T2.tourney_name  =  'Australian Open'","SELECT p.country_code, p.first_name FROM players p WHERE p.player_id IN (SELECT winner_id FROM matches WHERE tourney_name = 'WTA Championships' INTERSECT SELECT winner_id FROM matches WHERE tourney_name = 'Australian Open')"
wta_1,What are the first names and country codes for players who won both the WTA Championships and the Australian Open?,"SELECT T1.country_code ,  T1.first_name FROM players AS T1 JOIN matches AS T2 ON T1.player_id  =  T2.winner_id WHERE T2.tourney_name  =  'WTA Championships' INTERSECT SELECT T1.country_code ,  T1.first_name FROM players AS T1 JOIN matches AS T2 ON T1.player_id  =  T2.winner_id WHERE T2.tourney_name  =  'Australian Open'","SELECT p.first_name, p.country_code FROM players p WHERE EXISTS (SELECT 1 FROM matches m WHERE m.winner_id = p.player_id AND m.tourney_name = 'WTA Championships') AND EXISTS (SELECT 1 FROM matches m2 WHERE m2.winner_id = p.player_id AND m2.tourney_name = 'Australian Open');"
wta_1,Find the first name and country code of the oldest player.,"SELECT first_name ,  country_code FROM players ORDER BY birth_date LIMIT 1","SELECT first_name, country_code FROM players ORDER BY birth_date ASC LIMIT 1;"
wta_1,What is the first name and country code of the oldest player?,"SELECT first_name ,  country_code FROM players ORDER BY birth_date LIMIT 1","SELECT first_name, country_code FROM players ORDER BY birth_date ASC LIMIT 1;"
wta_1,List the first and last name of all players in the order of birth date.,"SELECT first_name ,  last_name FROM players ORDER BY birth_date","SELECT first_name, last_name FROM players ORDER BY birth_date;"
wta_1,"What are the full names of all players, sorted by birth date?","SELECT first_name ,  last_name FROM players ORDER BY birth_date",SELECT first_name || ' ' || last_name AS full_name FROM players ORDER BY birth_date;
wta_1,List the first and last name of all players who are left / L hand in the order of birth date.,"SELECT first_name ,  last_name FROM players WHERE hand  =  'L' ORDER BY birth_date","SELECT first_name, last_name FROM players WHERE hand = 'L' ORDER BY birth_date;"
wta_1,"What are the full names of all left handed players, in order of birth date?","SELECT first_name ,  last_name FROM players WHERE hand  =  'L' ORDER BY birth_date",SELECT first_name || ' ' || last_name AS full_name FROM players WHERE hand = 'L' ORDER BY birth_date;
wta_1,Find the first name and country code of the player who did the most number of tours.,"SELECT T1.country_code ,  T1.first_name FROM players AS T1 JOIN rankings AS T2 ON T1.player_id  =  T2.player_id ORDER BY T2.tours DESC LIMIT 1","SELECT p.first_name, p.country_code FROM players p JOIN rankings r ON p.player_id = r.player_id WHERE r.tours = (SELECT MAX(tours) FROM rankings) LIMIT 1;"
wta_1,What is the first name and country code of the player with the most tours?,"SELECT T1.country_code ,  T1.first_name FROM players AS T1 JOIN rankings AS T2 ON T1.player_id  =  T2.player_id ORDER BY T2.tours DESC LIMIT 1","SELECT p.first_name, p.country_code FROM players p JOIN (SELECT player_id, MAX(tours) AS max_tours FROM rankings GROUP BY player_id) r ON p.player_id = r.player_id ORDER BY max_tours DESC LIMIT 1;"
wta_1,Find the year that has the most number of matches.,SELECT YEAR FROM matches GROUP BY YEAR ORDER BY count(*) DESC LIMIT 1,SELECT year FROM matches GROUP BY year ORDER BY COUNT(*) DESC LIMIT 1;
wta_1,Which year had the most matches?,SELECT YEAR FROM matches GROUP BY YEAR ORDER BY count(*) DESC LIMIT 1,SELECT year FROM matches GROUP BY year ORDER BY COUNT(*) DESC LIMIT 1;
wta_1,Find the name and rank points of the winner who won the most times.,"SELECT winner_name ,  winner_rank_points FROM matches GROUP BY winner_name ORDER BY count(*) DESC LIMIT 1","SELECT p.first_name || ' ' || p.last_name AS name, r.ranking_points FROM players p JOIN rankings r ON p.player_id = r.player_id WHERE p.player_id = (SELECT winner_id FROM matches GROUP BY winner_id ORDER BY COUNT(*) DESC LIMIT 1)"
wta_1,"What is the name of the winner who has won the most matches, and how many rank points does this player have?","SELECT winner_name ,  winner_rank_points FROM matches GROUP BY winner_name ORDER BY count(*) DESC LIMIT 1","SELECT p.first_name || ' ' || p.last_name AS winner_name, r.ranking_points FROM players p JOIN rankings r ON p.player_id = r.player_id WHERE p.player_id = (SELECT winner_id FROM matches GROUP BY winner_id ORDER BY COUNT(*) DESC LIMIT 1)"
wta_1,Find the name of the winner who has the highest rank points and participated in the Australian Open tourney.,SELECT winner_name FROM matches WHERE tourney_name  =  'Australian Open' ORDER BY winner_rank_points DESC LIMIT 1,SELECT m.winner_name FROM matches m JOIN rankings r ON m.winner_id = r.player_id WHERE m.tourney_name = 'Australian Open' ORDER BY r.ranking_points DESC LIMIT 1;
wta_1,What is the name of the winner with the most rank points who participated in the Australian Open tournament?,SELECT winner_name FROM matches WHERE tourney_name  =  'Australian Open' ORDER BY winner_rank_points DESC LIMIT 1,SELECT p.first_name || ' ' || p.last_name FROM matches m JOIN players p ON m.winner_id = p.player_id WHERE m.tourney_name = 'Australian Open' ORDER BY m.winner_rank_points DESC LIMIT 1;
wta_1,find the names of loser and winner who played in the match with greatest number of minutes.,"SELECT winner_name ,  loser_name FROM matches ORDER BY minutes DESC LIMIT 1","SELECT winner_name, loser_name FROM matches WHERE minutes = (SELECT MAX(minutes) FROM matches)"
wta_1,What are the names of the winner and loser who played in the longest match?,"SELECT winner_name ,  loser_name FROM matches ORDER BY minutes DESC LIMIT 1","SELECT winner_name, loser_name FROM matches WHERE minutes = (SELECT MAX(minutes) FROM matches)"
wta_1,Find the average ranking for each player and their first name.,"SELECT avg(ranking) ,  T1.first_name FROM players AS T1 JOIN rankings AS T2 ON T1.player_id  =  T2.player_id GROUP BY T1.first_name","SELECT first_name, AVG(ranking) FROM players INNER JOIN rankings ON players.player_id = rankings.player_id GROUP BY players.player_id, first_name;"
wta_1,"What are the first names of all players, and their average rankings?","SELECT avg(ranking) ,  T1.first_name FROM players AS T1 JOIN rankings AS T2 ON T1.player_id  =  T2.player_id GROUP BY T1.first_name","SELECT players.first_name, AVG(rankings.ranking) FROM players INNER JOIN rankings ON players.player_id = rankings.player_id GROUP BY players.player_id;"
wta_1,Find the total ranking points for each player and their first name.,"SELECT sum(ranking_points) ,  T1.first_name FROM players AS T1 JOIN rankings AS T2 ON T1.player_id  =  T2.player_id GROUP BY T1.first_name","SELECT p.first_name, COALESCE(SUM(r.ranking_points), 0) FROM players p LEFT JOIN rankings r ON p.player_id = r.player_id GROUP BY p.player_id, p.first_name;"
wta_1,"What are the first names of all players, and their total ranking points?","SELECT sum(ranking_points) ,  T1.first_name FROM players AS T1 JOIN rankings AS T2 ON T1.player_id  =  T2.player_id GROUP BY T1.first_name","SELECT p.first_name, COALESCE(SUM(r.ranking_points), 0) AS total_ranking_points FROM players p LEFT JOIN rankings r ON p.player_id = r.player_id GROUP BY p.player_id, p.first_name;"
wta_1,find the number of players for each country.,"SELECT count(*) ,  country_code FROM players GROUP BY country_code","SELECT country_code, COUNT(*) FROM players GROUP BY country_code;"
wta_1,How many players are from each country?,"SELECT count(*) ,  country_code FROM players GROUP BY country_code","SELECT country_code, COUNT(player_id) FROM players GROUP BY country_code;"
wta_1,find the code of the country where has the greatest number of players.,SELECT country_code FROM players GROUP BY country_code ORDER BY count(*) DESC LIMIT 1,SELECT country_code FROM players GROUP BY country_code ORDER BY COUNT(*) DESC LIMIT 1;
wta_1,What is the code of the country with the most players?,SELECT country_code FROM players GROUP BY country_code ORDER BY count(*) DESC LIMIT 1,SELECT country_code FROM players GROUP BY country_code ORDER BY COUNT(*) DESC LIMIT 1;
wta_1,Find the codes of countries that have more than 50 players.,SELECT country_code FROM players GROUP BY country_code HAVING count(*)  >  50,SELECT country_code FROM players WHERE country_code IS NOT NULL GROUP BY country_code HAVING COUNT(*) > 50;
wta_1,What are the codes of countries with more than 50 players?,SELECT country_code FROM players GROUP BY country_code HAVING count(*)  >  50,SELECT country_code FROM players WHERE country_code IS NOT NULL GROUP BY country_code HAVING COUNT(*) > 50;
wta_1,Find the total number of tours for each ranking date.,"SELECT sum(tours) ,  ranking_date FROM rankings GROUP BY ranking_date","SELECT ranking_date, SUM(tours) FROM rankings GROUP BY ranking_date;"
wta_1,How many total tours were there for each ranking date?,"SELECT sum(tours) ,  ranking_date FROM rankings GROUP BY ranking_date","SELECT ranking_date, SUM(tours) FROM rankings GROUP BY ranking_date;"
wta_1,Find the number of matches happened in each year.,"SELECT count(*) ,  YEAR FROM matches GROUP BY YEAR","SELECT year, COUNT(*) FROM matches GROUP BY year;"
wta_1,How many matches were played in each year?,"SELECT count(*) ,  YEAR FROM matches GROUP BY YEAR","SELECT year, COUNT(*) FROM matches GROUP BY year;"
wta_1,Find the name and rank of the 3 youngest winners across all matches.,"SELECT DISTINCT winner_name ,  winner_rank FROM matches ORDER BY winner_age LIMIT 3","SELECT p.first_name, p.last_name, r.ranking FROM (SELECT winner_id FROM matches GROUP BY winner_id ORDER BY MIN(winner_age) ASC LIMIT 3) AS sub JOIN players p ON p.player_id = sub.winner_id JOIN rankings r ON r.player_id = p.player_id;"
wta_1,What are the names and ranks of the three youngest winners across all matches?,"SELECT DISTINCT winner_name ,  winner_rank FROM matches ORDER BY winner_age LIMIT 3","SELECT p.first_name || ' ' || p.last_name AS name, m.winner_rank FROM matches m JOIN players p ON m.winner_id = p.player_id ORDER BY m.winner_age ASC LIMIT 3;"
wta_1,How many different winners both participated in the WTA Championships and were left handed?,SELECT count(DISTINCT winner_name) FROM matches WHERE tourney_name  =  'WTA Championships' AND winner_hand  =  'L',SELECT COUNT(DISTINCT winner_id) FROM matches WHERE tourney_name = 'WTA Championships' AND winner_hand = 'L';
wta_1,Find the number of left handed winners who participated in the WTA Championships.,SELECT count(DISTINCT winner_name) FROM matches WHERE tourney_name  =  'WTA Championships' AND winner_hand  =  'L',SELECT COUNT(DISTINCT p.player_id) FROM matches m JOIN players p ON m.winner_id = p.player_id WHERE m.tourney_name = 'WTA Championships' AND p.hand = 'L';
wta_1,"Find the first name, country code and birth date of the winner who has the highest rank points in all matches.","SELECT T1.first_name ,  T1.country_code ,  T1.birth_date FROM players AS T1 JOIN matches AS T2 ON T1.player_id  =  T2.winner_id ORDER BY T2.winner_rank_points DESC LIMIT 1","SELECT p.first_name, p.country_code, p.birth_date FROM players p JOIN matches m ON p.player_id = m.winner_id WHERE m.winner_rank_points = (SELECT MAX(winner_rank_points) FROM matches) LIMIT 1;"
wta_1,"What is the first name, country code, and birth date of the player with the most winner rank points across all matches?","SELECT T1.first_name ,  T1.country_code ,  T1.birth_date FROM players AS T1 JOIN matches AS T2 ON T1.player_id  =  T2.winner_id ORDER BY T2.winner_rank_points DESC LIMIT 1","SELECT p.first_name, p.country_code, p.birth_date FROM players p JOIN matches m ON p.player_id = m.winner_id GROUP BY p.player_id ORDER BY SUM(m.winner_rank_points) DESC LIMIT 1;"
wta_1,Find the number of players for each hand type.,"SELECT count(*) ,  hand FROM players GROUP BY hand","SELECT hand, COUNT(*) FROM players GROUP BY hand;"
wta_1,How many players are there for each hand type?,"SELECT count(*) ,  hand FROM players GROUP BY hand","SELECT hand, COUNT(*) FROM players GROUP BY hand;"
battle_death,How many ships ended up being 'Captured'?,SELECT count(*) FROM ship WHERE disposition_of_ship  =  'Captured',SELECT COUNT(*) FROM ship WHERE disposition_of_ship = 'Captured';
battle_death,List the name and tonnage ordered by in descending alphaetical order for the names.,"SELECT name ,  tonnage FROM ship ORDER BY name DESC","SELECT ""name"", ""tonnage"" FROM ship ORDER BY ""name"" DESC;"
battle_death,"List the name, date and result of each battle.","SELECT name ,  date FROM battle","SELECT name, date, result FROM battle;"
battle_death,What is maximum and minimum death toll caused each time?,"SELECT max(killed) ,  min(killed) FROM death","SELECT MAX(killed) AS max_death, MIN(killed) AS min_death FROM death;"
battle_death,What is the average number of injuries caused each time?,SELECT avg(injured) FROM death,SELECT AVG(injured) FROM death;
battle_death,What are the death and injury situations caused by the ship with tonnage 't'?,"SELECT T1.killed ,  T1.injured FROM death AS T1 JOIN ship AS t2 ON T1.caused_by_ship_id  =  T2.id WHERE T2.tonnage  =  't'","SELECT death.killed, death.injured FROM death INNER JOIN ship ON death.caused_by_ship_id = ship.id WHERE ship.tonnage = 't';"
battle_death,What are the name and results of the battles when the bulgarian commander is not 'Boril',"SELECT name ,  RESULT FROM battle WHERE bulgarian_commander != 'Boril'","SELECT name, result FROM battle WHERE bulgarian_commander != 'Boril';"
battle_death,What are the different ids and names of the battles that lost any 'Brig' type shipes?,"SELECT DISTINCT T1.id ,  T1.name FROM battle AS T1 JOIN ship AS T2 ON T1.id  =  T2.lost_in_battle WHERE T2.ship_type  =  'Brig'","SELECT DISTINCT battle.id, battle.name FROM battle INNER JOIN ship ON battle.id = ship.lost_in_battle WHERE ship.ship_type = 'Brig'"
battle_death,What are the ids and names of the battles that led to more than 10 people killed in total.,"SELECT T1.id ,  T1.name FROM battle AS T1 JOIN ship AS T2 ON T1.id  =  T2.lost_in_battle JOIN death AS T3 ON T2.id  =  T3.caused_by_ship_id GROUP BY T1.id HAVING sum(T3.killed)  >  10","SELECT b.id, b.name FROM battle b JOIN ship s ON b.id = s.lost_in_battle JOIN death d ON s.id = d.caused_by_ship_id GROUP BY b.id HAVING SUM(d.killed) > 10;"
battle_death,What is the ship id and name that caused most total injuries?,"SELECT T2.id ,  T2.name FROM death AS T1 JOIN ship AS t2 ON T1.caused_by_ship_id  =  T2.id GROUP BY T2.id ORDER BY count(*) DESC LIMIT 1","SELECT ship.id, ship.name, SUM(death.injured) AS total_injuries FROM death JOIN ship ON death.caused_by_ship_id = ship.id GROUP BY ship.id ORDER BY total_injuries DESC LIMIT 1;"
battle_death,What are the distinct battle names which are between bulgarian commander 'Kaloyan' and latin commander 'Baldwin I'?,SELECT name FROM battle WHERE bulgarian_commander  =  'Kaloyan' AND latin_commander  =  'Baldwin I',SELECT DISTINCT name FROM battle WHERE bulgarian_commander = 'Kaloyan' AND latin_commander = 'Baldwin I'
battle_death,How many different results are there for the battles?,SELECT count(DISTINCT RESULT) FROM battle,SELECT COUNT(DISTINCT result) FROM battle;
battle_death,How many battles did not lose any ship with tonnage '225'?,SELECT count(*) FROM battle WHERE id NOT IN ( SELECT lost_in_battle FROM ship WHERE tonnage  =  '225' );,SELECT COUNT(*) FROM battle b WHERE NOT EXISTS (SELECT 1 FROM ship s WHERE s.lost_in_battle = b.id AND s.tonnage = '225')
battle_death,List the name and date the battle that has lost the ship named 'Lettice' and the ship named 'HMS Atalanta',"SELECT T1.name ,  T1.date FROM battle AS T1 JOIN ship AS T2 ON T1.id  =  T2.lost_in_battle WHERE T2.name  =  'Lettice' INTERSECT SELECT T1.name ,  T1.date FROM battle AS T1 JOIN ship AS T2 ON T1.id  =  T2.lost_in_battle WHERE T2.name  =  'HMS Atalanta'","SELECT b.name, b.date FROM battle b INNER JOIN ship s1 ON b.id = s1.lost_in_battle AND s1.name = 'Lettice' INNER JOIN ship s2 ON b.id = s2.lost_in_battle AND s2.name = 'HMS Atalanta'"
battle_death,"Show names, results and bulgarian commanders of the battles with no ships lost in the 'English Channel'.","SELECT name ,  RESULT ,  bulgarian_commander FROM battle EXCEPT SELECT T1.name ,  T1.result ,  T1.bulgarian_commander FROM battle AS T1 JOIN ship AS T2 ON T1.id  =  T2.lost_in_battle WHERE T2.location  =  'English Channel'","SELECT name, result, bulgarian_commander FROM battle WHERE id NOT IN (SELECT lost_in_battle FROM ship WHERE location = 'English Channel' AND lost_in_battle IS NOT NULL)"
battle_death,What are the notes of the death events which has substring 'East'?,SELECT note FROM death WHERE note LIKE '%East%',SELECT note FROM death WHERE note LIKE '%East%';
student_transcripts_tracking,what are all the addresses including line 1 and line 2?,"SELECT line_1 ,  line_2 FROM addresses",SELECT * FROM Addresses;
student_transcripts_tracking,What is the first and second line for all addresses?,"SELECT line_1 ,  line_2 FROM addresses","SELECT line_1, line_2 FROM Addresses;"
student_transcripts_tracking,How many courses in total are listed?,SELECT count(*) FROM Courses,SELECT COUNT(*) FROM Courses;
student_transcripts_tracking,How many courses are there?,SELECT count(*) FROM Courses,SELECT COUNT(course_id) FROM Courses;
student_transcripts_tracking,How is the math course described?,SELECT course_description FROM Courses WHERE course_name  =  'math',SELECT course_description FROM Courses WHERE course_name LIKE '%Math%';
student_transcripts_tracking,What are the descriptions for all the math courses?,SELECT course_description FROM Courses WHERE course_name  =  'math',SELECT course_description FROM Courses WHERE course_name LIKE '%Math%';
student_transcripts_tracking,What is the zip code of the address in the city Port Chelsea?,SELECT zip_postcode FROM Addresses WHERE city  =  'Port Chelsea',SELECT zip_postcode FROM Addresses WHERE city = 'Port Chelsea';
student_transcripts_tracking,What is the zip code for Port Chelsea?,SELECT zip_postcode FROM Addresses WHERE city  =  'Port Chelsea',SELECT zip_postcode FROM Addresses WHERE city = 'Port Chelsea';
student_transcripts_tracking,Which department offers the most number of degrees? List department name and id.,"SELECT T2.department_name ,  T1.department_id FROM Degree_Programs AS T1 JOIN Departments AS T2 ON T1.department_id  =  T2.department_id GROUP BY T1.department_id ORDER BY count(*) DESC LIMIT 1","SELECT d.department_id, d.department_name FROM Degree_Programs dp JOIN Departments d ON dp.department_id = d.department_id GROUP BY d.department_id ORDER BY COUNT(*) DESC LIMIT 1;"
student_transcripts_tracking,What is the name and id of the department with the most number of degrees ?,"select t2.department_name ,  t1.department_id from degree_programs as t1 join departments as t2 on t1.department_id  =  t2.department_id group by t1.department_id order by count(*) desc limit 1","SELECT Departments.department_id, Departments.department_name, COUNT(Degree_Programs.degree_program_id) AS degree_count FROM Departments INNER JOIN Degree_Programs ON Departments.department_id = Degree_Programs.department_id GROUP BY Departments.department_id ORDER BY degree_count DESC LIMIT 1"
student_transcripts_tracking,How many departments offer any degree?,SELECT count(DISTINCT department_id) FROM Degree_Programs,SELECT COUNT(DISTINCT department_id) FROM Degree_Programs;
student_transcripts_tracking,How many different departments offer degrees?,SELECT count(DISTINCT department_id) FROM Degree_Programs,SELECT COUNT(DISTINCT department_id) FROM Degree_Programs;
student_transcripts_tracking,How many different degree names are offered?,SELECT count(DISTINCT degree_summary_name) FROM Degree_Programs,SELECT COUNT(DISTINCT degree_summary_name) FROM Degree_Programs;
student_transcripts_tracking,How many different degrees are offered?,SELECT count(DISTINCT degree_summary_name) FROM Degree_Programs,SELECT COUNT(*) FROM Degree_Programs;
student_transcripts_tracking,How many degrees does the engineering department offer?,SELECT count(*) FROM Departments AS T1 JOIN Degree_Programs AS T2 ON T1.department_id  =  T2.department_id WHERE T1.department_name  =  'engineer',SELECT COUNT(*) FROM Degree_Programs JOIN Departments ON Degree_Programs.department_id = Departments.department_id WHERE Departments.department_name = 'Engineering';
student_transcripts_tracking,How many degrees does the engineering department have?,SELECT count(*) FROM Departments AS T1 JOIN Degree_Programs AS T2 ON T1.department_id  =  T2.department_id WHERE T1.department_name  =  'engineer',SELECT COUNT(*) FROM Degree_Programs INNER JOIN Departments ON Degree_Programs.department_id = Departments.department_id WHERE Departments.department_name = 'Engineering'
student_transcripts_tracking,What are the names and descriptions of all the sections?,"SELECT section_name ,  section_description FROM Sections","SELECT section_name, section_description FROM Sections;"
student_transcripts_tracking,What are the names and descriptions for all the sections?,"SELECT section_name ,  section_description FROM Sections","SELECT section_name, section_description FROM Sections;"
student_transcripts_tracking,What are the names and id of courses having at most 2 sections?,"SELECT T1.course_name ,  T1.course_id FROM Courses AS T1 JOIN Sections AS T2 ON T1.course_id  =  T2.course_id GROUP BY T1.course_id HAVING count(*)  <=  2","SELECT c.course_id, c.course_name FROM Courses c LEFT JOIN Sections s ON c.course_id = s.course_id GROUP BY c.course_id HAVING COUNT(s.section_id) <= 2;"
student_transcripts_tracking,What are the names and ids of every course with less than 2 sections?,"SELECT T1.course_name ,  T1.course_id FROM Courses AS T1 JOIN Sections AS T2 ON T1.course_id  =  T2.course_id GROUP BY T1.course_id HAVING count(*)  <=  2","SELECT c.course_id, c.course_name FROM Courses c LEFT JOIN Sections s ON c.course_id = s.course_id GROUP BY c.course_id HAVING COUNT(s.section_id) < 2;"
student_transcripts_tracking,List the section_name in reversed lexicographical order.,SELECT section_name FROM Sections ORDER BY section_name DESC,SELECT section_name FROM Sections ORDER BY section_name DESC;
student_transcripts_tracking,What are the names of the sections in reverse alphabetical order?,SELECT section_name FROM Sections ORDER BY section_name DESC,SELECT section_name FROM Sections ORDER BY section_name DESC;
student_transcripts_tracking,What is the semester which most student registered in? Show both the name and the id.,"SELECT T1.semester_name ,  T1.semester_id FROM Semesters AS T1 JOIN Student_Enrolment AS T2 ON T1.semester_id  =  T2.semester_id GROUP BY T1.semester_id ORDER BY count(*) DESC LIMIT 1","SELECT s.semester_id, s.semester_name FROM Student_Enrolment se JOIN Semesters s ON se.semester_id = s.semester_id GROUP BY se.semester_id ORDER BY COUNT(*) DESC LIMIT 1;"
student_transcripts_tracking,"For each semester, what is the name and id of the one with the most students registered?","SELECT T1.semester_name ,  T1.semester_id FROM Semesters AS T1 JOIN Student_Enrolment AS T2 ON T1.semester_id  =  T2.semester_id GROUP BY T1.semester_id ORDER BY count(*) DESC LIMIT 1","SELECT s.semester_id, s.semester_name FROM Semesters s JOIN Student_Enrolment se ON s.semester_id = se.semester_id GROUP BY s.semester_id ORDER BY COUNT(DISTINCT se.student_id) DESC LIMIT 1"
student_transcripts_tracking,What is the description of the department whose name has the substring the computer?,SELECT department_description FROM Departments WHERE department_name LIKE '%computer%',SELECT department_description FROM Departments WHERE department_name LIKE '%the computer%'
student_transcripts_tracking,What is the department description for the one whose name has the word computer?,SELECT department_description FROM Departments WHERE department_name LIKE '%computer%',SELECT department_description FROM Departments WHERE department_name LIKE '%computer%';
student_transcripts_tracking,"Who are enrolled in 2 degree programs in one semester? List the first name, middle name and last name and the id.","SELECT T1.first_name ,  T1.middle_name ,  T1.last_name ,  T1.student_id FROM Students AS T1 JOIN Student_Enrolment AS T2 ON T1.student_id  =  T2.student_id GROUP BY T1.student_id HAVING count(*)  =  2","SELECT s.student_id, s.first_name, s.middle_name, s.last_name FROM Students s INNER JOIN Student_Enrolment se ON s.student_id = se.student_id GROUP BY s.student_id, se.semester_id HAVING COUNT(DISTINCT se.degree_program_id) >= 2;"
student_transcripts_tracking,"What are the first, middle, and last names, along with the ids, of all students who enrolled in 2 degree programs in one semester?","SELECT T1.first_name ,  T1.middle_name ,  T1.last_name ,  T1.student_id FROM Students AS T1 JOIN Student_Enrolment AS T2 ON T1.student_id  =  T2.student_id GROUP BY T1.student_id HAVING count(*)  =  2","SELECT s.student_id, s.first_name, s.middle_name, s.last_name FROM Students s INNER JOIN (SELECT student_id, semester_id FROM Student_Enrolment GROUP BY student_id, semester_id HAVING COUNT(DISTINCT degree_program_id)=2) se ON s.student_id=se.student_id;"
student_transcripts_tracking,"Who is enrolled in a Bachelor degree program? List the first name, middle name, last name.","SELECT DISTINCT T1.first_name ,  T1.middle_name ,  T1.last_name FROM Students AS T1 JOIN Student_Enrolment AS T2 ON T1.student_id  =  T2.student_id JOIN Degree_Programs AS T3 ON T2.degree_program_id  =  T3.degree_program_id WHERE T3.degree_summary_name  =  'Bachelor'","SELECT DISTINCT Students.first_name, Students.middle_name, Students.last_name FROM Students INNER JOIN Student_Enrolment ON Students.student_id = Student_Enrolment.student_id INNER JOIN Degree_Programs ON Student_Enrolment.degree_program_id = Degree_Programs.degree_program_id WHERE Degree_Programs.degree_summary_name LIKE '%Bachelor%'"
student_transcripts_tracking,"What are the first, middle, and last names for everybody enrolled in a Bachelors program?","SELECT DISTINCT T1.first_name ,  T1.middle_name ,  T1.last_name FROM Students AS T1 JOIN Student_Enrolment AS T2 ON T1.student_id  =  T2.student_id JOIN Degree_Programs AS T3 ON T2.degree_program_id  =  T3.degree_program_id WHERE T3.degree_summary_name  =  'Bachelor'","SELECT DISTINCT Students.first_name, Students.middle_name, Students.last_name FROM Students INNER JOIN Student_Enrolment ON Students.student_id = Student_Enrolment.student_id INNER JOIN Degree_Programs ON Student_Enrolment.degree_program_id = Degree_Programs.degree_program_id WHERE Degree_Programs.degree_summary_name LIKE '%Bachelor%'"
student_transcripts_tracking,Find the kind of program which most number of students are enrolled in?,SELECT T1.degree_summary_name FROM Degree_Programs AS T1 JOIN Student_Enrolment AS T2 ON T1.degree_program_id  =  T2.degree_program_id GROUP BY T1.degree_summary_name ORDER BY count(*) DESC LIMIT 1,SELECT dp.degree_summary_name FROM Student_Enrolment se JOIN Degree_Programs dp ON se.degree_program_id = dp.degree_program_id GROUP BY dp.degree_summary_name ORDER BY COUNT(DISTINCT se.student_id) DESC LIMIT 1;
student_transcripts_tracking,What is the degree summary name that has the most number of students enrolled?,SELECT T1.degree_summary_name FROM Degree_Programs AS T1 JOIN Student_Enrolment AS T2 ON T1.degree_program_id  =  T2.degree_program_id GROUP BY T1.degree_summary_name ORDER BY count(*) DESC LIMIT 1,SELECT dp.degree_summary_name FROM Degree_Programs dp JOIN Student_Enrolment se ON dp.degree_program_id = se.degree_program_id GROUP BY dp.degree_summary_name ORDER BY COUNT(DISTINCT se.student_id) DESC LIMIT 1
student_transcripts_tracking,Find the program which most number of students are enrolled in. List both the id and the summary.,"SELECT T1.degree_program_id ,  T1.degree_summary_name FROM Degree_Programs AS T1 JOIN Student_Enrolment AS T2 ON T1.degree_program_id  =  T2.degree_program_id GROUP BY T1.degree_program_id ORDER BY count(*) DESC LIMIT 1","SELECT dp.degree_program_id, dp.degree_summary_name, COUNT(DISTINCT se.student_id) AS student_count FROM Student_Enrolment se JOIN Degree_Programs dp ON se.degree_program_id = dp.degree_program_id GROUP BY dp.degree_program_id ORDER BY student_count DESC LIMIT 1;"
student_transcripts_tracking,What is the program id and the summary of the degree that has the most students enrolled?,"SELECT T1.degree_program_id ,  T1.degree_summary_name FROM Degree_Programs AS T1 JOIN Student_Enrolment AS T2 ON T1.degree_program_id  =  T2.degree_program_id GROUP BY T1.degree_program_id ORDER BY count(*) DESC LIMIT 1","SELECT d.degree_program_id, d.degree_summary_name FROM Student_Enrolment s JOIN Degree_Programs d ON s.degree_program_id = d.degree_program_id GROUP BY d.degree_program_id, d.degree_summary_name ORDER BY COUNT(DISTINCT s.student_id) DESC LIMIT 1;"
student_transcripts_tracking,"Which student has enrolled for the most times in any program? List the id, first name, middle name, last name, the number of enrollments and student id.","SELECT T1.student_id ,  T1.first_name ,  T1.middle_name ,  T1.last_name ,  count(*) ,  T1.student_id FROM Students AS T1 JOIN Student_Enrolment AS T2 ON T1.student_id  =  T2.student_id GROUP BY T1.student_id ORDER BY count(*) DESC LIMIT 1","SELECT s.student_id, s.first_name, s.middle_name, s.last_name, COUNT(*) AS enrollment_count FROM Students s JOIN Student_Enrolment se ON s.student_id = se.student_id GROUP BY s.student_id ORDER BY enrollment_count DESC LIMIT 1;"
student_transcripts_tracking,"What is the first, middle, and last name, along with the id and number of enrollments, for the student who enrolled the most in any program?","SELECT T1.student_id ,  T1.first_name ,  T1.middle_name ,  T1.last_name ,  count(*) ,  T1.student_id FROM Students AS T1 JOIN Student_Enrolment AS T2 ON T1.student_id  =  T2.student_id GROUP BY T1.student_id ORDER BY count(*) DESC LIMIT 1","SELECT s.first_name, s.middle_name, s.last_name, s.student_id, COUNT(se.student_enrolment_id) AS num_enrollments FROM Students s INNER JOIN Student_Enrolment se ON s.student_id = se.student_id GROUP BY s.student_id ORDER BY num_enrollments DESC LIMIT 1;"
student_transcripts_tracking,Which semesters do not have any student enrolled? List the semester name.,SELECT semester_name FROM Semesters WHERE semester_id NOT IN( SELECT semester_id FROM Student_Enrolment ),SELECT s.semester_name FROM Semesters s LEFT JOIN Student_Enrolment se ON s.semester_id = se.semester_id WHERE se.semester_id IS NULL;
student_transcripts_tracking,What is the name of the semester with no students enrolled?,SELECT semester_name FROM Semesters WHERE semester_id NOT IN( SELECT semester_id FROM Student_Enrolment ),SELECT semester_name FROM Semesters LEFT JOIN Student_Enrolment ON Semesters.semester_id = Student_Enrolment.semester_id WHERE Student_Enrolment.semester_id IS NULL;
student_transcripts_tracking,What are all the course names of the courses which ever have students enrolled in?,SELECT DISTINCT T1.course_name FROM Courses AS T1 JOIN Student_Enrolment_Courses AS T2 ON T1.course_id  =  T2.course_id,SELECT DISTINCT C.course_name FROM Courses C INNER JOIN Student_Enrolment_Courses SEC ON C.course_id = SEC.course_id;
student_transcripts_tracking,What are the names of all courses that have some students enrolled?,SELECT DISTINCT T1.course_name FROM Courses AS T1 JOIN Student_Enrolment_Courses AS T2 ON T1.course_id  =  T2.course_id,SELECT DISTINCT c.course_name FROM Courses c JOIN Student_Enrolment_Courses sec ON c.course_id = sec.course_id;
student_transcripts_tracking,What's the name of the course with most number of enrollments?,SELECT  T1.course_name FROM Courses AS T1 JOIN Student_Enrolment_Courses AS T2 ON T1.course_id  =  T2.course_id GROUP BY T1.course_name ORDER BY count(*) DESC LIMIT 1,SELECT c.course_name FROM Courses c JOIN Student_Enrolment_Courses sec ON c.course_id = sec.course_id GROUP BY c.course_id ORDER BY COUNT(*) DESC LIMIT 1;
student_transcripts_tracking,What is the name of the course with the most students enrolled?,SELECT  T1.course_name FROM Courses AS T1 JOIN Student_Enrolment_Courses AS T2 ON T1.course_id  =  T2.course_id GROUP BY T1.course_name ORDER BY count(*) DESC LIMIT 1,SELECT Courses.course_name FROM Courses INNER JOIN Student_Enrolment_Courses ON Courses.course_id = Student_Enrolment_Courses.course_id GROUP BY Courses.course_id ORDER BY COUNT(Student_Enrolment_Courses.student_course_id) DESC LIMIT 1;
student_transcripts_tracking,Find the last name of the students who currently live in the state of North Carolina but have not registered in any degree program.,SELECT T1.last_name FROM Students AS T1 JOIN Addresses AS T2 ON T1.current_address_id  =  T2.address_id WHERE T2.state_province_county  =  'NorthCarolina' EXCEPT SELECT DISTINCT T3.last_name FROM Students AS T3 JOIN Student_Enrolment AS T4 ON T3.student_id  =  T4.student_id,SELECT s.last_name FROM Students s JOIN Addresses a ON s.current_address_id = a.address_id LEFT JOIN Student_Enrolment se ON s.student_id = se.student_id WHERE a.state_province_county = 'North Carolina' AND se.student_enrolment_id IS NULL;
student_transcripts_tracking,What are the last name of the students who live in North Carolina but have not registered in any degree programs?,SELECT T1.last_name FROM Students AS T1 JOIN Addresses AS T2 ON T1.current_address_id  =  T2.address_id WHERE T2.state_province_county  =  'NorthCarolina' EXCEPT SELECT DISTINCT T3.last_name FROM Students AS T3 JOIN Student_Enrolment AS T4 ON T3.student_id  =  T4.student_id,SELECT s.last_name FROM Students s JOIN Addresses a ON s.current_address_id = a.address_id WHERE a.state_province_county = 'North Carolina' AND s.student_id NOT IN (SELECT se.student_id FROM Student_Enrolment se)
student_transcripts_tracking,Show the date and id of the transcript with at least 2 course results.,"SELECT T2.transcript_date ,  T1.transcript_id FROM Transcript_Contents AS T1 JOIN Transcripts AS T2 ON T1.transcript_id  =  T2.transcript_id GROUP BY T1.transcript_id HAVING count(*)  >=  2","SELECT t.transcript_id, t.transcript_date FROM Transcripts t JOIN Transcript_Contents tc ON t.transcript_id = tc.transcript_id GROUP BY t.transcript_id HAVING COUNT(*) >= 2;"
student_transcripts_tracking,What is the date and id of the transcript with at least 2 courses listed?,"SELECT T2.transcript_date ,  T1.transcript_id FROM Transcript_Contents AS T1 JOIN Transcripts AS T2 ON T1.transcript_id  =  T2.transcript_id GROUP BY T1.transcript_id HAVING count(*)  >=  2","SELECT t.transcript_id, t.transcript_date FROM Transcripts t JOIN Transcript_Contents tc ON t.transcript_id = tc.transcript_id GROUP BY t.transcript_id HAVING COUNT(tc.student_course_id) >= 2;"
student_transcripts_tracking,What is the phone number of the man with the first name Timmothy and the last name Ward?,SELECT cell_mobile_number FROM Students WHERE first_name  =  'Timmothy' AND last_name  =  'Ward',SELECT cell_mobile_number FROM Students WHERE first_name = 'Timmothy' AND last_name = 'Ward';
student_transcripts_tracking,What is the mobile phone number of the student named Timmothy Ward ?,select cell_mobile_number from students where first_name  =  'timmothy' and last_name  =  'ward',SELECT cell_mobile_number FROM Students WHERE first_name = 'Timmothy' AND last_name = 'Ward';
student_transcripts_tracking,"Who is the first student to register? List the first name, middle name and last name.","SELECT first_name ,  middle_name ,  last_name FROM Students ORDER BY date_first_registered ASC LIMIT 1","SELECT first_name, middle_name, last_name FROM Students ORDER BY date_first_registered ASC LIMIT 1;"
student_transcripts_tracking,"What is the first, middle, and last name of the first student to register?","SELECT first_name ,  middle_name ,  last_name FROM Students ORDER BY date_first_registered ASC LIMIT 1","SELECT first_name, middle_name, last_name FROM Students ORDER BY date_first_registered ASC LIMIT 1;"
student_transcripts_tracking,"Who is the earliest graduate of the school? List the first name, middle name and last name.","SELECT first_name ,  middle_name ,  last_name FROM Students ORDER BY date_left ASC LIMIT 1","SELECT first_name, middle_name, last_name FROM Students WHERE date_left IS NOT NULL ORDER BY date_left ASC LIMIT 1;"
student_transcripts_tracking,"What is the first, middle, and last name of the earliest school graduate?","SELECT first_name ,  middle_name ,  last_name FROM Students ORDER BY date_left ASC LIMIT 1","SELECT first_name, middle_name, last_name FROM Students WHERE date_left IS NOT NULL ORDER BY date_left ASC LIMIT 1;"
student_transcripts_tracking,Whose permanent address is different from his or her current address? List his or her first name.,SELECT first_name FROM Students WHERE current_address_id != permanent_address_id,SELECT first_name FROM Students WHERE current_address_id != permanent_address_id;
student_transcripts_tracking,What is the first name of the student whose permanent address is different from his or her current one?,SELECT first_name FROM Students WHERE current_address_id != permanent_address_id,SELECT first_name FROM Students WHERE current_address_id != permanent_address_id;
student_transcripts_tracking,Which address holds the most number of students currently? List the address id and all lines.,"SELECT T1.address_id ,  T1.line_1 ,  T1.line_2 FROM Addresses AS T1 JOIN Students AS T2 ON T1.address_id  =  T2.current_address_id GROUP BY T1.address_id ORDER BY count(*) DESC LIMIT 1","SELECT a.address_id, a.line_1, a.line_2, a.line_3 FROM Addresses a INNER JOIN (SELECT current_address_id, COUNT(*) AS cnt FROM Students GROUP BY current_address_id ORDER BY cnt DESC LIMIT 1) AS sub ON a.address_id = sub.current_address_id;"
student_transcripts_tracking,"What is the id, line 1, and line 2 of the address with the most students?","SELECT T1.address_id ,  T1.line_1 ,  T1.line_2 FROM Addresses AS T1 JOIN Students AS T2 ON T1.address_id  =  T2.current_address_id GROUP BY T1.address_id ORDER BY count(*) DESC LIMIT 1","SELECT a.address_id, a.line_1, a.line_2 FROM Addresses a INNER JOIN (SELECT address_id, COUNT(*) AS cnt FROM (SELECT current_address_id AS address_id FROM Students UNION ALL SELECT permanent_address_id AS address_id FROM Students) GROUP BY address_id ORDER BY cnt DESC LIMIT 1) AS max_addr ON a.address_id = max_addr.address_id;"
student_transcripts_tracking,"On average, when were the transcripts printed?",SELECT avg(transcript_date) FROM Transcripts,"SELECT datetime(AVG(strftime('%s', transcript_date)), 'unixepoch') FROM Transcripts;"
student_transcripts_tracking,What is the average transcript date?,SELECT avg(transcript_date) FROM Transcripts,"SELECT datetime(AVG(strftime('%s', transcript_date)), 'unixepoch') FROM Transcripts;"
student_transcripts_tracking,When is the first transcript released? List the date and details.,"SELECT transcript_date ,  other_details FROM Transcripts ORDER BY transcript_date ASC LIMIT 1","SELECT transcript_date, other_details FROM Transcripts ORDER BY transcript_date ASC LIMIT 1;"
student_transcripts_tracking,"What is the earliest date of a transcript release, and what details can you tell me?","SELECT transcript_date ,  other_details FROM Transcripts ORDER BY transcript_date ASC LIMIT 1","SELECT transcript_date, other_details FROM Transcripts ORDER BY transcript_date ASC LIMIT 1;"
student_transcripts_tracking,How many transcripts are released?,SELECT count(*) FROM Transcripts,SELECT COUNT(*) FROM Transcripts;
student_transcripts_tracking,How many transcripts are listed?,SELECT count(*) FROM Transcripts,SELECT COUNT(*) FROM Transcripts;
student_transcripts_tracking,What is the last transcript release date?,SELECT transcript_date FROM Transcripts ORDER BY transcript_date DESC LIMIT 1,SELECT MAX(transcript_date) FROM Transcripts;
student_transcripts_tracking,When was the last transcript released?,SELECT transcript_date FROM Transcripts ORDER BY transcript_date DESC LIMIT 1,SELECT MAX(transcript_date) FROM Transcripts;
student_transcripts_tracking,How many times at most can a course enrollment result show in different transcripts? Also show the course enrollment id.,"SELECT count(*) ,  student_course_id FROM Transcript_Contents GROUP BY student_course_id ORDER BY count(*) DESC LIMIT 1","SELECT student_course_id, COUNT(DISTINCT transcript_id) AS max_count FROM Transcript_Contents GROUP BY student_course_id HAVING COUNT(DISTINCT transcript_id) = (SELECT MAX(cnt) FROM (SELECT COUNT(DISTINCT transcript_id) AS cnt FROM Transcript_Contents GROUP BY student_course_id))"
student_transcripts_tracking,What is the maximum number of times that a course shows up in different transcripts and what is that course's enrollment id?,"SELECT count(*) ,  student_course_id FROM Transcript_Contents GROUP BY student_course_id ORDER BY count(*) DESC LIMIT 1","SELECT c.course_id, COUNT(*) AS count FROM Transcript_Contents tc JOIN Student_Enrolment_Courses sec ON tc.student_course_id = sec.student_course_id JOIN Courses c ON sec.course_id = c.course_id GROUP BY c.course_id ORDER BY count DESC LIMIT 1;  But the question asks for the maximum number and the course's enrollment id. If ""enrollment id"" refers to the student_enrolment_id from Student_Enrolment_Courses, then perhaps for the course with the maximum count, we need to get one of its student_enrolment_ids. But since there are multiple, maybe the question wants the student_enrolment_id that has the highest count? Or maybe it's a misunderstanding.  Alternatively, maybe the user meant the course's ID. But the question says ""enrollment id"". Let me check the tables again. The Student_Enrolment_Courses table has student_enrolment_id, which is a foreign key to Student_Enrolment. So perhaps the enrollment id refers to the student_enrolment_id. But how to get that for the course with the maximum count?  Wait, perhaps the question is phrased incorrectly. Maybe they want the course ID and the count. But the user specifically says ""enrollment id"". Let me re-examine the question.  ""What is the maximum number of times that a course shows up in different transcripts and what is that course's enrollment id?""  Ah, maybe ""enrollment id"" refers to the student_enrolment_id from Student_Enrolment_Courses. But if a course is in multiple transcripts, each entry would have a different student_enrolment_id. However, the question is asking for the course's enrollment id, which might not make sense if there are multiple. Perhaps the user intended to ask for the course ID. But assuming the question is correct, perhaps the enrollment id is the student_enrolment_id that has the most entries. But that's unclear.  Alternatively, maybe the enrollment id refers to the student_enrolment_id from Student_Enrolment, which is part of Student_Enrolment_Courses. But again, each course enrollment would have its own.  Given the ambiguity, perhaps the user intended to ask for the course ID and the count. But since the question says ""enrollment id"", maybe it's a typo. However, I need to proceed with the given question.  Assuming that ""enrollment id"" refers to the course's enrollment, which might be the student_enrolment_id from Student_Enrolment_Courses. But how to get that. For example, if a course is in multiple transcripts, each has a different student_enrolment_id. But the question wants the enrollment id for that course. Maybe it's the count of enrollments (student_enrolment_ids) for that course. But the question says ""the course's enrollment id"", which is singular. That's confusing.  Alternatively, perhaps the user meant the course's ID. In that case, the answer would be to find the course with the highest count in transcripts and return its course_id. But since the user wrote ""enrollment id"", maybe it's a different field.  Alternatively, maybe the enrollment id refers to the student_enrolment_id from Student_Enrolment_Courses. For example, if a course is in multiple transcripts, each has a student_course_id. But the enrollment id could be the student_enrolment_id from that table. However, the question is asking for ""that course's enrollment id""—so perhaps the most frequent student_enrolment_id for that course. But that doesn't make sense because each entry would have a different one.  This is getting complicated. Let's try to proceed with the assumption that the user wants the course_id and the count. But since the question specifically asks for ""enrollment id"", perhaps it's referring to the student_enrolment_id. But how to get that. Maybe the question is asking for the course that has the most entries in transcripts, and for that course, return one of its student_enrolment_ids. But that's arbitrary. Alternatively, maybe the enrollment id refers to the count itself. But that's not likely.  Alternatively, perhaps the user made a mistake and meant the course ID. In that case, the correct approach is to count the number of times each course appears in transcripts (via Transcript_Contents) and find the maximum. The SQL would be"
student_transcripts_tracking,"Show the date of the transcript which shows the least number of results, also list the id.","SELECT T2.transcript_date ,  T1.transcript_id FROM Transcript_Contents AS T1 JOIN Transcripts AS T2 ON T1.transcript_id  =  T2.transcript_id GROUP BY T1.transcript_id ORDER BY count(*) ASC LIMIT 1","SELECT T.transcript_id, T.transcript_date FROM Transcripts T LEFT JOIN Transcript_Contents TC ON T.transcript_id = TC.transcript_id GROUP BY T.transcript_id ORDER BY COUNT(TC.transcript_id) ASC, T.transcript_date ASC LIMIT 1;"
student_transcripts_tracking,What is the date and id of the transcript with the least number of results?,"SELECT T2.transcript_date ,  T1.transcript_id FROM Transcript_Contents AS T1 JOIN Transcripts AS T2 ON T1.transcript_id  =  T2.transcript_id GROUP BY T1.transcript_id ORDER BY count(*) ASC LIMIT 1","SELECT t.transcript_id, t.transcript_date FROM Transcripts t INNER JOIN Transcript_Contents tc ON t.transcript_id = tc.transcript_id GROUP BY t.transcript_id ORDER BY COUNT(tc.transcript_id) ASC, t.transcript_date ASC LIMIT 1;"
student_transcripts_tracking,Find the semester when both Master students and Bachelor students got enrolled in.,SELECT DISTINCT T2.semester_id FROM Degree_Programs AS T1 JOIN Student_Enrolment AS T2 ON T1.degree_program_id  =  T2.degree_program_id WHERE degree_summary_name  =  'Master' INTERSECT SELECT DISTINCT T2.semester_id FROM Degree_Programs AS T1 JOIN Student_Enrolment AS T2 ON T1.degree_program_id  =  T2.degree_program_id WHERE degree_summary_name  =  'Bachelor',"SELECT semester_id FROM Student_Enrolment JOIN Degree_Programs ON Student_Enrolment.degree_program_id = Degree_Programs.degree_program_id WHERE Degree_Programs.degree_summary_name LIKE '%Master%' INTERSECT SELECT semester_id FROM Student_Enrolment JOIN Degree_Programs ON Student_Enrolment.degree_program_id = Degree_Programs.degree_program_id WHERE Degree_Programs.degree_summary_name LIKE '%Bachelor%'  That would give the semesters that are present in both. But need to make sure that the Degree_Programs table actually has entries with 'Master' and 'Bachelor' in degree_summary_name. Also, maybe the degree_summary_name is more specific, like 'Master of Science' or 'Bachelor of Arts'. But since the user didn't specify exact strings, using LIKE with % should work.  Alternatively, maybe the Departments table has that info, but the Degree_Programs are linked to Departments. But the Degree_Programs table's department_id references Departments. However, the question is about the type of degree (Master vs Bachelor), which is more likely stored in the Degree_Programs table. So the degree_summary_name is the right place.  So the SQL query would be using INTERSECT between two selects of semester_id where the degree is Master and Bachelor respectively.  But need to join Student_Enrolment with Degree_Programs to get the degree type.  Yes, that seems right. So the final query would be the INTERSECT of those two subqueries. Then, to get the semester details, maybe join with Semesters table. But the question says ""find the semester"", which might mean the semester_id or the name. The user might want the semester_name. Let me check the question again.  The question says ""Find the semester when both Master students and Bachelor students got enrolled in."" So probably need to return the semester information. So perhaps join with Semesters to get the name.  But the initial answer might just return semester_id. Let me see.  But the user might want the semester name. Let me adjust.  So, first, find the semester_ids using the INTERSECT method, then join with Semesters to get the name.  But the user's question might accept semester_id. However, the problem says to return the SQL code. Let me check the tables again. The Semesters table has semester_name. So perhaps the final answer should include semester_name.  But how to structure that. Let me think. The INTERSECT approach gives semester_ids. Then, join with Semesters to get the name.  Alternatively, if I can include the semester_name in the subqueries. But since both subqueries need to select the same columns for INTERSECT, perhaps select semester_name directly if possible.  But the first subquery would be:  SELECT S.semester_id, S.semester_name FROM Student_Enrolment SE JOIN Degree_Programs DP ON SE.degree_program_id = DP.degree_program_id JOIN Semesters S ON SE.semester_id = S.semester_id WHERE DP.degree_summary_name LIKE '%Master%'  INTERSECT  Same for Bachelor.  But INTERSECT requires that both queries have the same number and type of columns. So if the first query selects semester_id and semester_name, the second must as well. However, the INTERSECT would compare both columns. But we only need the semester to be present in both. However, if two different semesters with same name but different IDs exist, this could be an issue, but probably the semester_name is unique enough.  Alternatively, perhaps just select semester_id in the INTERSECT, then join with Semesters to get the name.  So the full query would be:  SELECT S.semester_id, S.semester_name FROM Semesters S WHERE S.semester_id IN (     (SELECT SE.semester_id      FROM Student_Enrolment SE      JOIN Degree_Programs DP ON SE.degree_program_id = DP.degree_program_id      WHERE DP.degree_summary_name LIKE '%Master%')     INTERSECT     (SELECT SE.semester_id      FROM Student_Enrolment SE      JOIN Degree_Programs DP ON SE.degree_program_id = DP.degree_program_id      WHERE DP.degree_summary_name LIKE '%Bachelor%') )  But the user's question is to return the semester, so maybe just the semester_id or name. However, the exact answer depends on how the data is structured. Since the problem says to return the SQL code, perhaps the user wants the semester_id. But to be safe, perhaps return both.  But the user's instruction says to return the SQL code that answers the question. The question is to find the semester, which could be the semester_id or semester_name. However, the problem might require to return the semester_name for clarity.  But given that the user wants the answer in a single line, perhaps the initial approach with INTERSECT is acceptable. However, the user might need to present the semester details. Let me think again.  Alternatively, using GROUP BY and HAVING clause. For example, group by semester_id and check that there are both Master and Bachelor degrees.  So:  SELECT SE.semester_id FROM Student_Enrolment SE JOIN Degree_Programs DP ON SE.degree_program_id = DP.degree_program_id WHERE DP.degree_summary_name IN ('Master', 'Bachelor') GROUP BY SE.semester_id HAVING COUNT(DISTINCT CASE WHEN DP.degree_summary_name LIKE '%Master%' THEN 1 ELSE 2 END) = 2  But how to check for both. The HAVING clause can check for both conditions. Alternatively, use two SUMs or COUNTs.  Another approach is:  SELECT SE.semester_id FROM Student_Enrolment SE JOIN Degree_Programs DP ON SE.degree_program_id = DP.degree_program_id GROUP BY SE.semester_id HAVING      SUM(CASE WHEN DP.degree_summary_name LIKE '%Master%' THEN 1 ELSE 0 END) > 0     AND      SUM(CASE WHEN DP.degree_summary_name LIKE '%Bachelor%' THEN 1 ELSE 0 END) > 0  This groups by semester and checks that there's at least one Master and one Bachelor in each.  This might be more efficient than INTERSECT. Also, it's a single query.  So which approach is better? Both should work. Let's go with the HAVING approach.  Now, to write the SQL query.  But first, need to join Student_Enrolment with Degree_Programs, then group by semester_id, and check for both conditions.  So the SQL would be:  SELECT SE.semester_id FROM Student_Enrolment SE JOIN Degree_Programs DP ON SE.degree_program_id = DP.degree_program_id GROUP BY SE.semester_id HAVING      SUM(CASE WHEN DP.degree_summary_name LIKE '%Master%' THEN 1 ELSE 0 END) > 0     AND      SUM(CASE WHEN DP.degree_summary_name LIKE '%Bachelor%' THEN 1 ELSE 0 END) > 0;  But the user might want the semester name. So joining with Semesters:  SELECT S.semester_name FROM Semesters S WHERE S.semester_id IN (     SELECT SE.semester_id     FROM Student_Enrolment SE     JOIN Degree_Programs DP ON SE.degree_program_id = DP.degree_program_id     GROUP BY SE.semester_id     HAVING          SUM(CASE WHEN DP.degree_summary_name LIKE '%Master%' THEN 1 ELSE 0 END) > 0         AND          SUM(CASE WHEN DP.degree_summary_name LIKE '%Bachelor%' THEN 1 ELSE 0 END) > 0 );  But the user's question says to return the SQL code. Depending on whether they need the semester_id or name. Since the question says ""find the semester"", it's safer to return the semester_name. However, the problem might not have any data issues, so perhaps the first approach is sufficient.  But the user's instruction says to return the SQL code in a single line. Let me check the initial approach with INTERSECT."
student_transcripts_tracking,What is the id of the semester that had both Masters and Bachelors students enrolled?,SELECT DISTINCT T2.semester_id FROM Degree_Programs AS T1 JOIN Student_Enrolment AS T2 ON T1.degree_program_id  =  T2.degree_program_id WHERE degree_summary_name  =  'Master' INTERSECT SELECT DISTINCT T2.semester_id FROM Degree_Programs AS T1 JOIN Student_Enrolment AS T2 ON T1.degree_program_id  =  T2.degree_program_id WHERE degree_summary_name  =  'Bachelor',SELECT semester_id FROM Student_Enrolment se JOIN Degree_Programs dp ON se.degree_program_id=dp.degree_program_id WHERE dp.degree_summary_name LIKE '%Master%' OR dp.degree_summary_name LIKE '%Bachelor%' GROUP BY semester_id HAVING SUM(CASE WHEN dp.degree_summary_name LIKE '%Master%' THEN 1 ELSE 0 END)>0 AND SUM(CASE WHEN dp.degree_summary_name LIKE '%Bachelor%' THEN 1 ELSE 0 END)>0
student_transcripts_tracking,How many different addresses do the students currently live?,SELECT count(DISTINCT current_address_id) FROM Students,SELECT COUNT(DISTINCT current_address_id) FROM Students;
student_transcripts_tracking,What are the different addresses that have students living there?,SELECT count(DISTINCT current_address_id) FROM Students,SELECT * FROM Addresses WHERE address_id IN (SELECT current_address_id FROM Students UNION SELECT permanent_address_id FROM Students)
student_transcripts_tracking,List all the student details in reversed lexicographical order.,SELECT other_student_details FROM Students ORDER BY other_student_details DESC,"SELECT * FROM Students ORDER BY last_name DESC, first_name DESC, middle_name DESC;"
student_transcripts_tracking,What other details can you tell me about students in reverse alphabetical order?,SELECT other_student_details FROM Students ORDER BY other_student_details DESC,"SELECT other_student_details FROM Students ORDER BY last_name DESC, first_name DESC, middle_name DESC;"
student_transcripts_tracking,Describe the section h.,SELECT section_description FROM Sections WHERE section_name  =  'h',PRAGMA table_info(Sections);
student_transcripts_tracking,What is the description for the section named h?,SELECT section_description FROM Sections WHERE section_name  =  'h',SELECT section_description FROM Sections WHERE section_name = 'h';
student_transcripts_tracking,Find the first name of the students who permanently live in the country Haiti or have the cell phone number 09700166582 .,select t1.first_name from students as t1 join addresses as t2 on t1.permanent_address_id  =  t2.address_id where t2.country  =  'haiti' or t1.cell_mobile_number  =  '09700166582',SELECT first_name FROM Students WHERE permanent_address_id IN (SELECT address_id FROM Addresses WHERE country = 'Haiti') OR cell_mobile_number = '09700166582';
student_transcripts_tracking,What are the first names of the students who live in Haiti permanently or have the cell phone number 09700166582 ?,select t1.first_name from students as t1 join addresses as t2 on t1.permanent_address_id  =  t2.address_id where t2.country  =  'haiti' or t1.cell_mobile_number  =  '09700166582',SELECT s.first_name FROM Students s JOIN Addresses a ON s.permanent_address_id = a.address_id WHERE a.country = 'Haiti' OR s.cell_mobile_number = '09700166582'
tvshow,List the title of all cartoons in alphabetical order.,SELECT Title FROM Cartoon ORDER BY title,"SELECT ""Title"" FROM ""Cartoon"" ORDER BY ""Title"" ASC;"
tvshow,What are the titles of the cartoons sorted alphabetically?,SELECT Title FROM Cartoon ORDER BY title,SELECT Title FROM Cartoon ORDER BY Title ASC;
tvshow,"List all cartoon directed by ""Ben Jones"".","SELECT Title FROM Cartoon WHERE Directed_by = ""Ben Jones"";",SELECT * FROM Cartoon WHERE Directed_by = 'Ben Jones';
tvshow,What are the names of all cartoons directed by Ben Jones?,"SELECT Title FROM Cartoon WHERE Directed_by = ""Ben Jones"";",SELECT Title FROM Cartoon WHERE Directed_by = 'Ben Jones';
tvshow,"How many cartoons were written by ""Joseph Kuhr""?","SELECT count(*) FROM Cartoon WHERE Written_by = ""Joseph Kuhr"";","SELECT COUNT(*) FROM Cartoon WHERE ""Written_by"" = 'Joseph Kuhr';"
tvshow,What is the number of cartoones written by Joseph Kuhr?,"SELECT count(*) FROM Cartoon WHERE Written_by = ""Joseph Kuhr"";",SELECT COUNT(*) FROM Cartoon WHERE Written_by = 'Joseph Kuhr';
tvshow,list all cartoon titles and their directors ordered by their air date,"SELECT title ,  Directed_by FROM Cartoon ORDER BY Original_air_date","SELECT Cartoon.""Title"", Cartoon.""Directed_by"" FROM Cartoon ORDER BY Cartoon.""Original_air_date"""
tvshow,What is the name and directors of all the cartoons that are ordered by air date?,"SELECT title ,  Directed_by FROM Cartoon ORDER BY Original_air_date","SELECT Cartoon.Title, Cartoon.Directed_by FROM Cartoon ORDER BY Cartoon.Original_air_date;"
tvshow,"List the title of all cartoon directed by ""Ben Jones"" or ""Brandon Vietti"".","SELECT Title FROM Cartoon WHERE Directed_by = ""Ben Jones"" OR Directed_by = ""Brandon Vietti"";","SELECT ""Title"" FROM ""Cartoon"" WHERE ""Directed_by"" IN ('Ben Jones', 'Brandon Vietti');"
tvshow,What are the titles of all cartoons directed by Ben Jones or Brandon Vietti?,"SELECT Title FROM Cartoon WHERE Directed_by = ""Ben Jones"" OR Directed_by = ""Brandon Vietti"";","SELECT ""Title"" FROM ""Cartoon"" WHERE ""Directed_by"" IN ('Ben Jones', 'Brandon Vietti')"
tvshow,Which country has the most of TV Channels? List the country and number of TV Channels it has.,"SELECT Country ,  count(*) FROM TV_Channel GROUP BY Country ORDER BY count(*) DESC LIMIT 1;","SELECT Country, COUNT(*) AS num_channels FROM TV_Channel GROUP BY Country ORDER BY num_channels DESC LIMIT 1;"
tvshow,What is the country with the most number of TV Channels and how many does it have?,"SELECT Country ,  count(*) FROM TV_Channel GROUP BY Country ORDER BY count(*) DESC LIMIT 1;","SELECT Country, COUNT(*) AS channel_count FROM TV_Channel GROUP BY Country ORDER BY channel_count DESC LIMIT 1;"
tvshow,List the number of different series names and contents in the TV Channel table.,"SELECT count(DISTINCT series_name) ,  count(DISTINCT content) FROM TV_Channel;","SELECT COUNT(DISTINCT (series_name,Content)) FROM TV_Channel;"
tvshow,How many different series and contents are listed in the TV Channel table?,"SELECT count(DISTINCT series_name) ,  count(DISTINCT content) FROM TV_Channel;","SELECT COUNT(DISTINCT series_name, Content) FROM TV_Channel;"
tvshow,"What is the content of TV Channel with serial name ""Sky Radio""?","SELECT Content FROM TV_Channel WHERE series_name = ""Sky Radio"";","SELECT ""Content"" FROM ""TV_Channel"" WHERE ""series_name"" = 'Sky Radio';"
tvshow,What is the content of the series Sky Radio?,"SELECT Content FROM TV_Channel WHERE series_name = ""Sky Radio"";","SELECT ""Content"" FROM ""TV_Channel"" WHERE ""series_name"" = 'Sky Radio';"
tvshow,"What is the Package Option of TV Channel with serial name ""Sky Radio""?","SELECT Package_Option FROM TV_Channel WHERE series_name = ""Sky Radio"";","SELECT ""Package_Option"" FROM ""TV_Channel"" WHERE ""series_name"" = 'Sky Radio';"
tvshow,What are the Package Options of the TV Channels whose series names are Sky Radio?,"SELECT Package_Option FROM TV_Channel WHERE series_name = ""Sky Radio"";",SELECT Package_Option FROM TV_Channel WHERE series_name = 'Sky Radio';
tvshow,How many TV Channel using language English?,"SELECT count(*) FROM TV_Channel WHERE LANGUAGE = ""English"";",SELECT COUNT(*) FROM TV_Channel WHERE Language = 'English';
tvshow,How many TV Channels use the English language?,"SELECT count(*) FROM TV_Channel WHERE LANGUAGE = ""English"";",SELECT COUNT(*) FROM TV_Channel WHERE Language = 'English'
tvshow,List the language used least number of TV Channel. List language and number of TV Channel.,"SELECT LANGUAGE ,  count(*) FROM TV_Channel GROUP BY LANGUAGE ORDER BY count(*) ASC LIMIT 1;","SELECT Language, COUNT(*) AS num_channels FROM TV_Channel GROUP BY Language ORDER BY num_channels ASC LIMIT 1;"
tvshow,What are the languages used by the least number of TV Channels and how many channels use it?,"SELECT LANGUAGE ,  count(*) FROM TV_Channel GROUP BY LANGUAGE ORDER BY count(*) ASC LIMIT 1;","SELECT Language, COUNT(*) AS channel_count FROM TV_Channel GROUP BY Language HAVING channel_count = (SELECT MIN(channel_count) FROM (SELECT COUNT(*) AS channel_count FROM TV_Channel GROUP BY Language));"
tvshow,List each language and the number of TV Channels using it.,"SELECT LANGUAGE ,  count(*) FROM TV_Channel GROUP BY LANGUAGE","SELECT Language, COUNT(*) FROM TV_Channel WHERE Language IS NOT NULL GROUP BY Language;"
tvshow,"For each language, list the number of TV Channels that use it.","SELECT LANGUAGE ,  count(*) FROM TV_Channel GROUP BY LANGUAGE","SELECT Language, COUNT(*) FROM TV_Channel GROUP BY Language;"
tvshow,"What is the TV Channel that shows the cartoon ""The Rise of the Blue Beetle!""? List the TV Channel's series name.","SELECT T1.series_name FROM TV_Channel AS T1 JOIN Cartoon AS T2 ON T1.id = T2.Channel WHERE T2.Title = ""The Rise of the Blue Beetle!"";",SELECT TV_Channel.series_name FROM TV_Channel INNER JOIN Cartoon ON TV_Channel.id = Cartoon.Channel WHERE Cartoon.Title = 'The Rise of the Blue Beetle!';
tvshow,"What is the series name of the TV Channel that shows the cartoon ""The Rise of the Blue Beetle""?","SELECT T1.series_name FROM TV_Channel AS T1 JOIN Cartoon AS T2 ON T1.id = T2.Channel WHERE T2.Title = ""The Rise of the Blue Beetle!"";",SELECT series_name FROM TV_Channel WHERE id = (SELECT Channel FROM Cartoon WHERE Title = 'The Rise of the Blue Beetle')
tvshow,"List the title of all  Cartoons showed on TV Channel with series name ""Sky Radio"".","SELECT T2.Title FROM TV_Channel AS T1 JOIN Cartoon AS T2 ON T1.id = T2.Channel WHERE T1.series_name = ""Sky Radio"";",SELECT Cartoon.Title FROM Cartoon INNER JOIN TV_Channel ON Cartoon.Channel = TV_Channel.id WHERE TV_Channel.series_name = 'Sky Radio';
tvshow,"What is the title of all the cartools that are on the TV Channel with the series name ""Sky Radio""?","SELECT T2.Title FROM TV_Channel AS T1 JOIN Cartoon AS T2 ON T1.id = T2.Channel WHERE T1.series_name = ""Sky Radio"";","SELECT ""Cartoon"".""Title"" FROM ""Cartoon"" INNER JOIN ""TV_Channel"" ON ""Cartoon"".""Channel"" = ""TV_Channel"".""id"" WHERE ""TV_Channel"".""series_name"" = 'Sky Radio';"
tvshow,List the Episode of all TV series sorted by rating.,SELECT Episode FROM TV_series ORDER BY rating,SELECT Episode FROM TV_series ORDER BY CAST(Rating AS REAL) DESC;
tvshow,What are all of the episodes ordered by ratings?,SELECT Episode FROM TV_series ORDER BY rating,"SELECT Episode, Rating FROM TV_series ORDER BY Rating DESC;"
tvshow,List top 3 highest Rating  TV series. List the TV series's Episode and Rating.,"SELECT Episode ,  Rating FROM TV_series ORDER BY Rating DESC LIMIT 3;","SELECT Episode, Rating FROM TV_series ORDER BY CAST(Rating AS REAL) DESC LIMIT 3;"
tvshow,What are 3 most highly rated episodes in the TV series table and what were those ratings?,"SELECT Episode ,  Rating FROM TV_series ORDER BY Rating DESC LIMIT 3;","SELECT Episode, Rating FROM TV_series ORDER BY CAST(Rating AS REAL) DESC LIMIT 3;"
tvshow,What is minimum and maximum share of TV series?,"SELECT max(SHARE) , min(SHARE) FROM TV_series;","SELECT MIN(Share) AS Min_Share, MAX(Share) AS Max_Share FROM TV_series;"
tvshow,What is the maximum and minimum share for the TV series?,"SELECT max(SHARE) , min(SHARE) FROM TV_series;","SELECT MAX(Share), MIN(Share) FROM TV_series;"
tvshow,"What is the air date of TV series with Episode ""A Love of a Lifetime""?","SELECT Air_Date FROM TV_series WHERE Episode = ""A Love of a Lifetime"";",SELECT Air_Date FROM TV_series WHERE Episode = 'A Love of a Lifetime'
tvshow,"When did the episode ""A Love of a Lifetime"" air?","SELECT Air_Date FROM TV_series WHERE Episode = ""A Love of a Lifetime"";",SELECT Air_Date FROM TV_series WHERE Episode = 'A Love of a Lifetime';
tvshow,"What is Weekly Rank of TV series with Episode ""A Love of a Lifetime""?","SELECT Weekly_Rank FROM TV_series WHERE Episode = ""A Love of a Lifetime"";",SELECT Weekly_Rank FROM TV_series WHERE Episode = 'A Love of a Lifetime'
tvshow,"What is the weekly rank for the episode ""A Love of a Lifetime""?","SELECT Weekly_Rank FROM TV_series WHERE Episode = ""A Love of a Lifetime"";",SELECT Weekly_Rank FROM TV_series WHERE Episode = 'A Love of a Lifetime';
tvshow,"What is the TV Channel of TV series with Episode ""A Love of a Lifetime""? List the TV Channel's series name.","SELECT T1.series_name FROM TV_Channel AS T1 JOIN TV_series AS T2 ON T1.id = T2.Channel WHERE T2.Episode = ""A Love of a Lifetime"";",SELECT TV_Channel.series_name FROM TV_Channel INNER JOIN TV_series ON TV_Channel.id = TV_series.Channel WHERE TV_series.Episode = 'A Love of a Lifetime'
tvshow,"What is the name of the series that has the episode ""A Love of a Lifetime""?","SELECT T1.series_name FROM TV_Channel AS T1 JOIN TV_series AS T2 ON T1.id = T2.Channel WHERE T2.Episode = ""A Love of a Lifetime"";",SELECT TV_Channel.series_name FROM TV_Channel INNER JOIN TV_series ON TV_Channel.id = TV_series.Channel WHERE TV_series.Episode = 'A Love of a Lifetime';
tvshow,"List the Episode of all  TV series showed on TV Channel with series name ""Sky Radio"".","SELECT T2.Episode FROM TV_Channel AS T1 JOIN TV_series AS T2 ON T1.id = T2.Channel WHERE T1.series_name = ""Sky Radio"";",SELECT TV_series.Episode FROM TV_series INNER JOIN TV_Channel ON TV_series.Channel = TV_Channel.id WHERE TV_Channel.series_name = 'Sky Radio'
tvshow,"What is the episode for the TV series named ""Sky Radio""?","SELECT T2.Episode FROM TV_Channel AS T1 JOIN TV_series AS T2 ON T1.id = T2.Channel WHERE T1.series_name = ""Sky Radio"";",SELECT TV_series.Episode FROM TV_series INNER JOIN TV_Channel ON TV_series.Channel = TV_Channel.id WHERE TV_Channel.series_name = 'Sky Radio';
tvshow,Find the number of cartoons directed by each of the listed directors.,"SELECT count(*) ,  Directed_by FROM cartoon GROUP BY Directed_by","SELECT Directed_by, COUNT(*) FROM Cartoon GROUP BY Directed_by;"
tvshow,How many cartoons did each director create?,"SELECT count(*) ,  Directed_by FROM cartoon GROUP BY Directed_by","SELECT Directed_by, COUNT(*) FROM Cartoon GROUP BY Directed_by;"
tvshow,Find the production code and channel of the most recently aired cartoon .,"select production_code ,  channel from cartoon order by original_air_date desc limit 1","SELECT Production_code, Channel FROM Cartoon ORDER BY Original_air_date DESC LIMIT 1;"
tvshow,What is the produdction code and channel of the most recent cartoon ?,"select production_code ,  channel from cartoon order by original_air_date desc limit 1","SELECT Cartoon.Production_code, TV_Channel.series_name FROM Cartoon JOIN TV_Channel ON Cartoon.Channel = TV_Channel.id ORDER BY Cartoon.Original_air_date DESC LIMIT 1;  But wait, the user's question says ""production code and channel""—if the ""channel"" is the id, then it's Cartoon.Channel. But if it's the name, then it's TV_Channel.series_name. The problem is that the user's question is ambiguous. However, given that the Channel in Cartoon is a foreign key, it's more likely that the user wants the actual name of the channel. Therefore, the correct answer would involve a JOIN. However, the problem is that the user might not know that and might expect the id. But according to the schema, the assistant must answer based on the schema. Therefore, the correct answer is to join and get the series_name. However, the user's question might not specify that. Alternatively, maybe the user just wants the Channel id from the Cartoon table. Let me check the original question again. The user says: ""What is the production code and channel of the most recent cartoon?"" The ""channel"" here is likely referring to the TV channel that aired the cartoon. In the Cartoon table, the Channel column is the id of the TV_Channel. Therefore, the actual name of the channel is in TV_Channel.series_name. Therefore, the correct answer would require joining to get the name. However, the user might not know that and might expect the id. But according to the problem's instructions, the assistant must use the schema. Therefore, the correct approach is to join. But the problem is that the user's question is ambiguous. However, given that the assistant is a data engineer expert, they should know that the Channel in Cartoon is a foreign key and that the actual name is in TV_Channel. Therefore, the correct SQL would involve a JOIN. However, the user's question might not specify which attribute of the channel they want. But since the question is about the ""channel,"" which is a foreign key, the assistant should return the actual name. Therefore, the correct SQL is:  SELECT Cartoon.Production_code, TV_Channel.series_name FROM Cartoon INNER JOIN TV_Channel ON Cartoon"
tvshow,Find the package choice and series name of the TV channel that has high definition TV.,"SELECT package_option ,  series_name FROM TV_Channel WHERE hight_definition_TV  =  ""yes""","SELECT Package_Option, series_name FROM TV_Channel WHERE Hight_definition_TV = 'Yes'"
tvshow,What are the package options and the name of the series for the TV Channel that supports high definition TV?,"SELECT package_option ,  series_name FROM TV_Channel WHERE hight_definition_TV  =  ""yes""","SELECT Package_Option, series_name FROM TV_Channel WHERE Hight_definition_TV IS NOT NULL;"
tvshow,which countries' tv channels are playing some cartoon written by Todd Casey?,SELECT T1.country FROM TV_Channel AS T1 JOIN cartoon AS T2 ON T1.id = T2.Channel WHERE T2.written_by  =  'Todd Casey',SELECT DISTINCT TV_Channel.Country FROM TV_Channel INNER JOIN Cartoon ON TV_Channel.id = Cartoon.Channel WHERE Cartoon.Written_by = 'Todd Casey';
tvshow,What are the countries that have cartoons on TV that were written by Todd Casey?,SELECT T1.country FROM TV_Channel AS T1 JOIN cartoon AS T2 ON T1.id = T2.Channel WHERE T2.written_by  =  'Todd Casey',SELECT DISTINCT TV_Channel.Country FROM Cartoon JOIN TV_Channel ON Cartoon.Channel = TV_Channel.id WHERE Cartoon.Written_by = 'Todd Casey';
tvshow,which countries' tv channels are not playing any cartoon written by Todd Casey?,SELECT country FROM TV_Channel EXCEPT SELECT T1.country FROM TV_Channel AS T1 JOIN cartoon AS T2 ON T1.id = T2.Channel WHERE T2.written_by  =  'Todd Casey',SELECT DISTINCT TV_Channel.Country FROM TV_Channel LEFT JOIN Cartoon ON TV_Channel.id = Cartoon.Channel AND Cartoon.Written_by = 'Todd Casey' WHERE Cartoon.id IS NULL;
tvshow,What are the countries that are not playing cartoons written by Todd Casey?,SELECT country FROM TV_Channel EXCEPT SELECT T1.country FROM TV_Channel AS T1 JOIN cartoon AS T2 ON T1.id = T2.Channel WHERE T2.written_by  =  'Todd Casey',SELECT DISTINCT Country FROM TV_Channel WHERE id NOT IN (SELECT Channel FROM Cartoon WHERE Written_by = 'Todd Casey')
tvshow,Find the series name and country of the tv channel that is playing some cartoons directed by Ben Jones and Michael Chang?,"SELECT T1.series_name ,  T1.country FROM TV_Channel AS T1 JOIN cartoon AS T2 ON T1.id = T2.Channel WHERE T2.directed_by  =  'Michael Chang' INTERSECT SELECT T1.series_name ,  T1.country FROM TV_Channel AS T1 JOIN cartoon AS T2 ON T1.id = T2.Channel WHERE T2.directed_by  =  'Ben Jones'","SELECT TV_Channel.series_name, TV_Channel.Country FROM TV_Channel WHERE EXISTS (SELECT 1 FROM Cartoon WHERE Cartoon.Channel = TV_Channel.id AND Cartoon.Directed_by = 'Ben Jones') AND EXISTS (SELECT 1 FROM Cartoon WHERE Cartoon.Channel = TV_Channel.id AND Cartoon.Directed_by = 'Michael Chang');"
tvshow,What is the series name and country of all TV channels that are playing cartoons directed by Ben Jones and cartoons directed by Michael Chang?,"SELECT T1.series_name ,  T1.country FROM TV_Channel AS T1 JOIN cartoon AS T2 ON T1.id = T2.Channel WHERE T2.directed_by  =  'Michael Chang' INTERSECT SELECT T1.series_name ,  T1.country FROM TV_Channel AS T1 JOIN cartoon AS T2 ON T1.id = T2.Channel WHERE T2.directed_by  =  'Ben Jones'","SELECT DISTINCT TV_Channel.series_name, TV_Channel.Country FROM TV_Channel INNER JOIN Cartoon ON TV_Channel.id = Cartoon.Channel WHERE Cartoon.Directed_by IN ('Ben Jones', 'Michael Chang');"
tvshow,find the pixel aspect ratio and nation of the tv channels that do not use English.,"SELECT Pixel_aspect_ratio_PAR ,  country FROM tv_channel WHERE LANGUAGE != 'English'","SELECT Pixel_aspect_ratio_PAR, Country FROM TV_Channel WHERE Language != 'English';"
tvshow,What is the pixel aspect ratio and country of origin for all TV channels that do not use English?,"SELECT Pixel_aspect_ratio_PAR ,  country FROM tv_channel WHERE LANGUAGE != 'English'","SELECT Pixel_aspect_ratio_PAR, Country FROM TV_Channel WHERE Language != 'English';"
tvshow,find id of the tv channels that from the countries where have more than two tv channels.,SELECT id FROM tv_channel GROUP BY country HAVING count(*)  >  2,SELECT id FROM TV_Channel WHERE Country IN (SELECT Country FROM TV_Channel GROUP BY Country HAVING COUNT(*) > 2)
tvshow,What are the ids of all tv channels that have more than 2 TV channels?,SELECT id FROM tv_channel GROUP BY country HAVING count(*)  >  2,SELECT id FROM TV_Channel WHERE (SELECT COUNT(*) FROM TV_series s WHERE s.Channel = id) + (SELECT COUNT(*) FROM Cartoon t WHERE t.Channel = id) > 2;
tvshow,find the id of tv channels that do not play any cartoon directed by Ben Jones.,SELECT id FROM TV_Channel EXCEPT SELECT channel FROM cartoon WHERE directed_by  =  'Ben Jones',SELECT id FROM TV_Channel WHERE id NOT IN (SELECT Channel FROM Cartoon WHERE Directed_by = 'Ben Jones')
tvshow,What are the ids of the TV channels that do not have any cartoons directed by Ben Jones?,SELECT id FROM TV_Channel EXCEPT SELECT channel FROM cartoon WHERE directed_by  =  'Ben Jones',SELECT id FROM TV_Channel WHERE id NOT IN (SELECT Channel FROM Cartoon WHERE Directed_by = 'Ben Jones')
tvshow,find the package option of the tv channel that do not have any cartoon directed by Ben Jones.,SELECT package_option FROM TV_Channel WHERE id NOT IN (SELECT channel FROM cartoon WHERE directed_by  =  'Ben Jones'),SELECT Package_Option FROM TV_Channel WHERE id NOT IN (SELECT Channel FROM Cartoon WHERE Directed_by = 'Ben Jones')
tvshow,What are the package options of all tv channels that are not playing any cartoons directed by Ben Jones?,SELECT package_option FROM TV_Channel WHERE id NOT IN (SELECT channel FROM cartoon WHERE directed_by  =  'Ben Jones'),SELECT Package_Option FROM TV_Channel WHERE id NOT IN (SELECT Channel FROM Cartoon WHERE Directed_by = 'Ben Jones')
poker_player,How many poker players are there?,SELECT count(*) FROM poker_player,SELECT COUNT(*) FROM poker_player;
poker_player,Count the number of poker players.,SELECT count(*) FROM poker_player,SELECT COUNT(Poker_Player_ID) FROM poker_player;
poker_player,List the earnings of poker players in descending order.,SELECT Earnings FROM poker_player ORDER BY Earnings DESC,"SELECT p.Name, pp.Earnings FROM people p JOIN poker_player pp ON p.People_ID = pp.People_ID ORDER BY pp.Earnings DESC;  But the user's question says ""list the earnings,"" so maybe they just want the Earnings column. However, without any other columns, it's just a list of numbers. But maybe the user wants to see each player's earnings, so including their names makes sense. However, the user might not have specified that. But given that the poker_player table's primary key is Poker_Player_ID, and the People_ID is a foreign key, perhaps each poker player is a person. Therefore, the correct answer is to join the tables. However, the user's question is to list the earnings, so maybe they just want the Earnings column sorted. But that's possible too. Let me think again.  If the user wants only the earnings values sorted, then the SQL would be:  SELECT Earnings FROM poker_player ORDER BY Earnings DESC;  But if they want to know which player has which earnings, then the join is necessary. Since the question is ambiguous, but given that the user is asking for a data engineer's perspective, perhaps they want the most complete answer. However, the question says ""list the earnings of poker players,"" which could be interpreted as just the earnings. But in practice, you'd probably want to know which player has which earnings. However, without the join, you can't identify the players. Therefore, the correct approach is to include the player's name. But the user might not have intended that. Hmm. Since the user is asking for the SQL query, and the question is ambiguous, but given the tables, the safest way is to assume that they want the Earnings from poker_player ordered by descending. Unless they want to see the player's name. But the question doesn't mention names. So maybe the answer is just selecting Earnings from poker_player ordered by Earnings desc. However, that's a list of numbers without context. But the user might just want that. Let me check the example again. The user is a Senior Data Engineer, so maybe they know that the Earnings are in the poker_player table and just want that. But perhaps the user wants to list the earnings along with the player's name. Since the question is about poker players, it's logical to include their names. Therefore, the correct SQL would involve joining the two tables. But the user's question is not explicit. However, given that the poker_player table's People_ID references people, and the question is about poker players, the answer likely requires joining. Therefore, the SQL would be:  SELECT p.Name, pp.Earnings FROM people p JOIN poker_player pp ON p.People_ID = pp.People_ID ORDER BY pp.Earnings DESC;  But the user might not want the Name. However, without that, the query is trivial. Since the user is asking for a data engineer's answer, perhaps they want the most useful data. Therefore, including the Name makes sense. But since the user's instruction says to return only the valid SQL code, and the question is ambiguous, but the correct answer depends on interpretation. However, given that the question is to list the earnings of poker players, and the poker_player table has the Earnings, perhaps the answer is simply selecting Earnings from poker_player ordered by Earnings desc. But again, that's just numbers. Alternatively, maybe the user wants to see the player's name and their earnings. Since the user is a Senior Data Engineer, they might know that the Earnings are in poker_player and that the people table has the names. Therefore, the correct answer is to join the tables. But the user's question is not explicit. However, given that the question is to list the earnings of poker players, and the poker_player table has the Earnings, perhaps the answer is to select Earnings from poker_player ordered by Earnings desc. But I'm not sure. Let me check the problem again.  The user says: ""List the earnings of poker players in descending order."" The answer could be either. But since the user is asking for a query, and the question is ambiguous, but given that the poker_player table has the Earnings, and the people table has the names, perhaps the user wants to include the names. Therefore, the correct SQL is to join the two tables and select Name and Earnings, ordered by Earnings descending. However, the user might not want to include the Name. But without that, the query is trivial. Given that, perhaps the intended answer is to select Earnings from poker_player ordered by Earnings desc. But I'm not sure. However, given that the user is a Senior Data Engineer, they might expect that the query includes the player's name. Therefore, the correct answer is to join the tables. But the user's question is not explicit. However, given that the question is to list the earnings of poker players, and the poker_player table has the Earnings, perhaps the answer is simply:  SELECT Earnings FROM poker_player ORDER BY Earnings DESC;  But that's possible. However, if the user wants to know which player has which earnings, then the join is necessary. Since the question is ambiguous, but given that the user is asking for a data engineer's answer, perhaps they want the most complete answer. Therefore, including the Name. But the user might not have intended that. Hmm. Well, given that the user is asking for the SQL query, and the question is to list the earnings, I think the correct answer is to select Earnings from poker_player ordered by Earnings desc. But I'm not 100% sure. However, since the user is a Senior Data Engineer, they might know that the Earnings are in the poker_player table and that the question is straightforward. Therefore, the answer is:  SELECT Earnings FROM poker_player ORDER BY Earnings DESC;  But maybe the user wants to see the player's name. However, the question doesn't mention names. Therefore, the safest answer is to select Earnings from poker_player ordered by Earnings desc. But I'm still not sure. Let me think again. If the user wants to list the earnings of poker players, they might want to know which player has which earnings. Therefore, including the Name. But the question doesn't mention names. However, without the Name, the list is just numbers. Therefore, the answer is likely to include the Name. Therefore, the correct SQL is:  SELECT p.Name,"
poker_player,"What are the earnings of poker players, ordered descending by value?",SELECT Earnings FROM poker_player ORDER BY Earnings DESC,SELECT Earnings FROM poker_player ORDER BY Earnings DESC;
poker_player,List the final tables made and the best finishes of poker players.,"SELECT Final_Table_Made ,  Best_Finish FROM poker_player","SELECT Final_Table_Made, Best_Finish FROM poker_player;"
poker_player,What are the final tables made and best finishes for all poker players?,"SELECT Final_Table_Made ,  Best_Finish FROM poker_player","SELECT Final_Table_Made,Best_Finish FROM poker_player;"
poker_player,What is the average earnings of poker players?,SELECT avg(Earnings) FROM poker_player,SELECT AVG(Earnings) AS Average_Earnings FROM poker_player;
poker_player,Return the average earnings across all poker players.,SELECT avg(Earnings) FROM poker_player,SELECT AVG(Earnings) FROM poker_player;
poker_player,What is the money rank of the poker player with the highest earnings?,SELECT Money_Rank FROM poker_player ORDER BY Earnings DESC LIMIT 1,SELECT Money_Rank FROM poker_player ORDER BY Earnings DESC LIMIT 1;
poker_player,Return the money rank of the player with the greatest earnings.,SELECT Money_Rank FROM poker_player ORDER BY Earnings DESC LIMIT 1,SELECT Money_Rank FROM poker_player ORDER BY Earnings DESC LIMIT 1;
poker_player,What is the maximum number of final tables made among poker players with earnings less than 200000?,SELECT max(Final_Table_Made) FROM poker_player WHERE Earnings  <  200000,SELECT MAX(Final_Table_Made) FROM poker_player WHERE Earnings < 200000;
poker_player,Return the maximum final tables made across all poker players who have earnings below 200000.,SELECT max(Final_Table_Made) FROM poker_player WHERE Earnings  <  200000,SELECT MAX(Final_Table_Made) FROM poker_player WHERE Earnings < 200000;
poker_player,What are the names of poker players?,SELECT T1.Name FROM people AS T1 JOIN poker_player AS T2 ON T1.People_ID  =  T2.People_ID,"SELECT ""people"".""Name"" FROM ""people"" INNER JOIN ""poker_player"" ON ""people"".""People_ID"" = ""poker_player"".""People_ID"""
poker_player,Return the names of all the poker players.,SELECT T1.Name FROM people AS T1 JOIN poker_player AS T2 ON T1.People_ID  =  T2.People_ID,SELECT people.Name FROM people INNER JOIN poker_player ON people.People_ID = poker_player.People_ID;
poker_player,What are the names of poker players whose earnings is higher than 300000?,SELECT T1.Name FROM people AS T1 JOIN poker_player AS T2 ON T1.People_ID  =  T2.People_ID WHERE T2.Earnings  >  300000,SELECT people.Name FROM people INNER JOIN poker_player ON people.People_ID = poker_player.People_ID WHERE poker_player.Earnings > 300000;
poker_player,Give the names of poker players who have earnings above 300000.,SELECT T1.Name FROM people AS T1 JOIN poker_player AS T2 ON T1.People_ID  =  T2.People_ID WHERE T2.Earnings  >  300000,SELECT people.Name FROM people INNER JOIN poker_player ON people.People_ID = poker_player.People_ID WHERE poker_player.Earnings > 300000;
poker_player,List the names of poker players ordered by the final tables made in ascending order.,SELECT T1.Name FROM people AS T1 JOIN poker_player AS T2 ON T1.People_ID  =  T2.People_ID ORDER BY T2.Final_Table_Made,SELECT people.Name FROM people INNER JOIN poker_player ON people.People_ID = poker_player.People_ID ORDER BY poker_player.Final_Table_Made ASC;
poker_player,"What are the names of poker players, ordered ascending by the number of final tables they have made?",SELECT T1.Name FROM people AS T1 JOIN poker_player AS T2 ON T1.People_ID  =  T2.People_ID ORDER BY T2.Final_Table_Made,SELECT people.Name FROM people INNER JOIN poker_player ON people.People_ID = poker_player.People_ID ORDER BY poker_player.Final_Table_Made ASC;
poker_player,What is the birth date of the poker player with the lowest earnings?,SELECT T1.Birth_Date FROM people AS T1 JOIN poker_player AS T2 ON T1.People_ID  =  T2.People_ID ORDER BY T2.Earnings ASC LIMIT 1,SELECT p.Birth_Date FROM people p JOIN poker_player pp ON p.People_ID = pp.People_ID ORDER BY pp.Earnings ASC LIMIT 1;
poker_player,Return the birth date of the poker player with the lowest earnings.,SELECT T1.Birth_Date FROM people AS T1 JOIN poker_player AS T2 ON T1.People_ID  =  T2.People_ID ORDER BY T2.Earnings ASC LIMIT 1,SELECT people.Birth_Date FROM people INNER JOIN poker_player ON people.People_ID = poker_player.People_ID ORDER BY poker_player.Earnings ASC LIMIT 1;
poker_player,What is the money rank of the tallest poker player?,SELECT T2.Money_Rank FROM people AS T1 JOIN poker_player AS T2 ON T1.People_ID  =  T2.People_ID ORDER BY T1.Height DESC LIMIT 1,SELECT Money_Rank FROM poker_player JOIN people ON poker_player.People_ID = people.People_ID ORDER BY people.Height DESC LIMIT 1;
poker_player,Return the money rank of the poker player with the greatest height.,SELECT T2.Money_Rank FROM people AS T1 JOIN poker_player AS T2 ON T1.People_ID  =  T2.People_ID ORDER BY T1.Height DESC LIMIT 1,SELECT pp.Money_Rank FROM poker_player pp JOIN people p ON pp.People_ID = p.People_ID WHERE p.Height = (SELECT MAX(p2.Height) FROM people p2 JOIN poker_player pp2 ON p2.People_ID = pp2.People_ID)
poker_player,What is the average earnings of poker players with height higher than 200?,SELECT avg(T2.Earnings) FROM people AS T1 JOIN poker_player AS T2 ON T1.People_ID  =  T2.People_ID WHERE T1.Height  >  200,SELECT AVG(p.Earnings) FROM poker_player p JOIN people pe ON p.People_ID = pe.People_ID WHERE pe.Height > 200;
poker_player,Give average earnings of poker players who are taller than 200.,SELECT avg(T2.Earnings) FROM people AS T1 JOIN poker_player AS T2 ON T1.People_ID  =  T2.People_ID WHERE T1.Height  >  200,SELECT AVG(p.Earnings) FROM poker_player p JOIN people pe ON p.People_ID = pe.People_ID WHERE pe.Height > 200;
poker_player,What are the names of poker players in descending order of earnings?,SELECT T1.Name FROM people AS T1 JOIN poker_player AS T2 ON T1.People_ID  =  T2.People_ID ORDER BY T2.Earnings DESC,SELECT people.Name FROM poker_player INNER JOIN people ON poker_player.People_ID = people.People_ID ORDER BY poker_player.Earnings DESC;
poker_player,Return the names of poker players sorted by their earnings descending.,SELECT T1.Name FROM people AS T1 JOIN poker_player AS T2 ON T1.People_ID  =  T2.People_ID ORDER BY T2.Earnings DESC,SELECT people.Name FROM people INNER JOIN poker_player ON people.People_ID = poker_player.People_ID ORDER BY poker_player.Earnings DESC;
poker_player,What are different nationalities of people and the corresponding number of people from each nation?,"SELECT Nationality ,  COUNT(*) FROM people GROUP BY Nationality","SELECT Nationality, COUNT(*) FROM people GROUP BY Nationality;"
poker_player,How many people are there of each nationality?,"SELECT Nationality ,  COUNT(*) FROM people GROUP BY Nationality","SELECT Nationality, COUNT(*) FROM people GROUP BY Nationality. But wait, maybe the user wants to know about poker players. Let me think again. The question is part of a database that includes poker players. If the user is asking about people in the context of poker players, maybe they want to know how many poker players there are per nationality. In that case, we need to join the two tables. Let me check the foreign key: poker_player has a People_ID referencing people's People_ID. So each poker player is linked to a person. So to get the count of poker players per nationality, we need to join people and poker_player on People_ID, then group by Nationality. However, the question says ""how many people are there of each nationality?"" If ""people"" refers to the people table, then it's just the count of people per nationality. But if ""people"" refers to poker players (as in, how many poker players per nationality), then it's the joined tables. The ambiguity here is tricky. Let me look at the tables again. The 'people' table has Nationality, and the 'poker_player' has a foreign key to people. So if the user wants to know about poker players' nationalities, they need to join. But the question is phrased as ""people of each nationality"". So maybe the answer is just the people table. However, perhaps the user wants to count only those people who are poker players. For example, maybe not all people in the 'people' table have a corresponding poker player entry. So if the question is about people who are poker players, then we need to join. Otherwise, it's just the people table. Since the user hasn't specified, but given that the poker_player table exists, perhaps the intended answer is to count poker players grouped by nationality. Let me think again. The user's question is ""How many people are there of each nationality?"" The term ""people"" here could be ambiguous. But in the context of the database, maybe they want to know about poker players. For example, in a poker context, someone might ask about the nationalities of the poker players. So the correct approach would be to join the two tables. Let me write that. So the SQL would be SELECT p.Nationality, COUNT(*) FROM people p INNER JOIN poker_player pp ON p.People_ID = pp.People_ID GROUP BY p.Nationality. But maybe the user wants all people, even those not in poker_player. But the question is about ""people"" in general. However, given that the user provided both tables, perhaps they want to know about poker players. But the question isn't clear. Since the user is asking for an answer, and given that the people table has Nationality, perhaps the correct answer is to group by Nationality in the people table. However, if the user wants to know about poker players, then the join is needed. Since the question is ambiguous, but the user is probably expecting a simple answer, maybe the answer is just the people table. But I need to make sure. Let me check the original question again. The user says ""how many people are there of each nationality?"" without any context. If the people table contains all people, then the answer is to count them. But if the question is in the context of poker players, then the answer is to join. Since the user hasn't specified, but the database has both tables, perhaps the answer is to use the people table. However, maybe the user wants to know about poker players. Let me think of an example. Suppose there are 10 people in the people table, 5 of whom are poker players. If the question is about all people, then count all. If it's about poker players, count only those 5. The question is ambiguous. But given that the user provided both tables, and the question is in the context of the database, perhaps they want to know about poker players. Therefore, the correct approach is to join the tables. So the SQL would be SELECT p.Nationality, COUNT(*) FROM people p JOIN poker_player pp ON p.People_ID = pp.People_ID GROUP BY p.Nationality. However, if the user wants to count all people regardless of being poker players, then it's SELECT Nationality, COUNT(*) FROM people GROUP BY Nationality. Since the question is not clear, but the user is probably expecting a simple answer, maybe the answer is the latter. But given that the user is working with the poker_player table, perhaps they want to know about poker players. Hmm. Let me check the original question again. The user is asking ""how many people are there of each nationality?"" without any additional context. The safest assumption is that they want to count all people in the 'people' table, grouped by nationality. Therefore, the SQL would be SELECT Nationality, COUNT(*) FROM people GROUP BY Nationality. However, if the user intended to ask about poker players, then the answer would involve a join. Since the question is ambiguous, but the user is probably looking for the simplest answer, which is the people table. But I need to make sure. Let me think again. The user might have intended to ask about poker players. For example, if the database is about poker players, then the question ""how many people are there of each nationality?"" would refer to poker players. Therefore, the correct answer would involve joining the two tables. So the SQL would be SELECT p.Nationality, COUNT(*) FROM people p INNER JOIN poker_player pp ON p.People_ID = pp.People_ID GROUP BY p.Nationality. But how to decide? Since the user hasn't specified, but the question is in the context of the database, perhaps the answer is to join. However, the question says ""people"", not ""poker players"". So maybe the answer is the people table. But maybe the user wants to know about poker players. This is a classic ambiguity. Given that the user is a data engineer, perhaps they want to know about the poker players. Let me proceed with the joined version. But I'm not 100% sure. Alternatively, maybe the user wants to count all people, regardless of whether they are poker players. For example, if the people table has all people, and the poker_player is a subset. The question is about people, not poker players. Therefore, the answer is the people table. So the correct SQL is SELECT Nationality, COUNT(*) FROM people GROUP BY Nationality. I think that's the answer the user is looking for. The question is phrased as ""how many people are there of each nationality?"" which is a direct count of the people table. Therefore, the answer is"
poker_player,What is the most common nationality of people?,SELECT Nationality FROM people GROUP BY Nationality ORDER BY COUNT(*) DESC LIMIT 1,SELECT Nationality FROM people GROUP BY Nationality ORDER BY COUNT(*) DESC LIMIT 1;
poker_player,Give the nationality that is most common across all people.,SELECT Nationality FROM people GROUP BY Nationality ORDER BY COUNT(*) DESC LIMIT 1,SELECT Nationality FROM people GROUP BY Nationality ORDER BY COUNT(*) DESC LIMIT 1;
poker_player,What are the nationalities that are shared by at least two people?,SELECT Nationality FROM people GROUP BY Nationality HAVING COUNT(*)  >=  2,SELECT Nationality FROM people GROUP BY Nationality HAVING COUNT(*) >= 2;
poker_player,Return the nationalities for which there are two or more people.,SELECT Nationality FROM people GROUP BY Nationality HAVING COUNT(*)  >=  2,SELECT Nationality FROM people GROUP BY Nationality HAVING COUNT(*) >= 2;
poker_player,List the names and birth dates of people in ascending alphabetical order of name.,"SELECT Name ,  Birth_Date FROM people ORDER BY Name ASC","SELECT ""Name"", ""Birth_Date"" FROM people ORDER BY ""Name"" ASC;"
poker_player,"What are the names and birth dates of people, ordered by their names in alphabetical order?","SELECT Name ,  Birth_Date FROM people ORDER BY Name ASC","SELECT people.Name, people.Birth_Date FROM people ORDER BY people.Name;"
poker_player,"Show names of people whose nationality is not ""Russia"".","SELECT Name FROM people WHERE Nationality != ""Russia""",SELECT Name FROM people WHERE Nationality != 'Russia';
poker_player,What are the names of people who are not from Russia?,"SELECT Name FROM people WHERE Nationality != ""Russia""",SELECT Name FROM people WHERE Nationality != 'Russia';
poker_player,List the names of people that are not poker players.,SELECT Name FROM people WHERE People_ID NOT IN (SELECT People_ID FROM poker_player),SELECT Name FROM people WHERE People_ID NOT IN (SELECT People_ID FROM poker_player)
poker_player,What are the names of people who do not play poker?,SELECT Name FROM people WHERE People_ID NOT IN (SELECT People_ID FROM poker_player),SELECT Name FROM people WHERE People_ID NOT IN (SELECT DISTINCT People_ID FROM poker_player)
poker_player,How many distinct nationalities are there?,SELECT count(DISTINCT Nationality) FROM people,SELECT COUNT(DISTINCT Nationality) FROM people;
poker_player,Count the number of different nationalities.,SELECT count(DISTINCT Nationality) FROM people,SELECT COUNT(DISTINCT Nationality) FROM people;
voter_1,How many states are there?,SELECT count(*) FROM area_code_state,SELECT COUNT(DISTINCT state) FROM AREA_CODE_STATE;
voter_1,"List the contestant numbers and names, ordered by contestant name descending.","SELECT contestant_number ,  contestant_name FROM contestants ORDER BY contestant_name DESC","SELECT CONTESTANTS.contestant_number, CONTESTANTS.contestant_name FROM CONTESTANTS ORDER BY CONTESTANTS.contestant_name DESC;"
voter_1,"List the vote ids, phone numbers and states of all votes.","SELECT vote_id ,  phone_number ,  state FROM votes","SELECT vote_id, phone_number, state FROM VOTES;"
voter_1,What are the maximum and minimum values of area codes?,"SELECT max(area_code) ,  min(area_code) FROM area_code_state","SELECT MAX(area_code), MIN(area_code) FROM AREA_CODE_STATE;"
voter_1,What is last date created of votes from the state 'CA'?,SELECT max(created) FROM votes WHERE state  =  'CA',SELECT MAX(created) FROM VOTES WHERE state = 'CA';
voter_1,What are the names of the contestants whose names are not 'Jessie Alloway',SELECT contestant_name FROM contestants WHERE contestant_name != 'Jessie Alloway',SELECT contestant_name FROM CONTESTANTS WHERE contestant_name != 'Jessie Alloway'
voter_1,What are the distinct states and create time of all votes?,"SELECT DISTINCT state ,  created FROM votes","SELECT DISTINCT state, created FROM VOTES;"
voter_1,What are the contestant numbers and names of the contestants who had at least two votes?,"SELECT T1.contestant_number , T1.contestant_name FROM contestants AS T1 JOIN votes AS T2 ON T1.contestant_number  =  T2.contestant_number GROUP BY T1.contestant_number HAVING count(*)  >=  2","SELECT C.contestant_number, C.contestant_name FROM CONTESTANTS C WHERE C.contestant_number IN (SELECT contestant_number FROM VOTES GROUP BY contestant_number HAVING COUNT(*) >= 2)"
voter_1,"Of all the contestants who got voted, what is the contestant number and name of the contestant who got least votes?","SELECT T1.contestant_number , T1.contestant_name FROM contestants AS T1 JOIN votes AS T2 ON T1.contestant_number  =  T2.contestant_number GROUP BY T1.contestant_number ORDER BY count(*) ASC LIMIT 1","SELECT VOTES.contestant_number, CONTESTANTS.contestant_name FROM VOTES INNER JOIN CONTESTANTS ON VOTES.contestant_number = CONTESTANTS.contestant_number GROUP BY VOTES.contestant_number ORDER BY COUNT(*) ASC LIMIT 1"
voter_1,What are the number of votes from state 'NY' or 'CA'?,SELECT count(*) FROM votes WHERE state  =  'NY' OR state  =  'CA',"SELECT COUNT(*) FROM VOTES WHERE state IN ('NY','CA')"
voter_1,How many contestants did not get voted?,SELECT count(*) FROM contestants WHERE contestant_number NOT IN ( SELECT contestant_number FROM votes ),SELECT COUNT(*) FROM CONTESTANTS WHERE contestant_number NOT IN (SELECT DISTINCT contestant_number FROM VOTES)
voter_1,What is the area code in which the most voters voted?,SELECT T1.area_code FROM area_code_state AS T1 JOIN votes AS T2 ON T1.state  =  T2.state GROUP BY T1.area_code ORDER BY count(*) DESC LIMIT 1,SELECT area_code FROM VOTES JOIN AREA_CODE_STATE ON VOTES.state = AREA_CODE_STATE.state GROUP BY area_code ORDER BY COUNT(*) DESC LIMIT 1;
voter_1,"What are the create dates, states, and phone numbers of the votes that were for the contestant named 'Tabatha Gehling'?","SELECT T2.created ,  T2.state ,  T2.phone_number FROM contestants AS T1 JOIN votes AS T2 ON T1.contestant_number  =  T2.contestant_number WHERE T1.contestant_name  =  'Tabatha Gehling'","SELECT VOTES.created, VOTES.state, VOTES.phone_number FROM VOTES INNER JOIN CONTESTANTS ON VOTES.contestant_number = CONTESTANTS.contestant_number WHERE CONTESTANTS.contestant_name = 'Tabatha Gehling'"
voter_1,List the area codes in which voters voted both for the contestant 'Tabatha Gehling' and the contestant 'Kelly Clauss'.,SELECT T3.area_code FROM contestants AS T1 JOIN votes AS T2 ON T1.contestant_number  =  T2.contestant_number JOIN area_code_state AS T3 ON T2.state  =  T3.state WHERE T1.contestant_name  =  'Tabatha Gehling' INTERSECT SELECT T3.area_code FROM contestants AS T1 JOIN votes AS T2 ON T1.contestant_number  =  T2.contestant_number JOIN area_code_state AS T3 ON T2.state  =  T3.state WHERE T1.contestant_name  =  'Kelly Clauss',"SELECT area_code FROM VOTES JOIN AREA_CODE_STATE ON VOTES.state = AREA_CODE_STATE.state JOIN CONTESTANTS ON VOTES.contestant_number = CONTESTANTS.contestant_number WHERE contestant_name IN ('Tabatha Gehling', 'Kelly Clauss') GROUP BY area_code HAVING COUNT(DISTINCT contestant_name) = 2;  Wait, that's a good approach. Because for each area_code, we group and check if there are two distinct contestant names, meaning both are present.  But need to make sure that the joins are correct. Also, the VOTES table's state is linked to AREA_CODE_STATE's state. So that should work.  But wait, the VOTES table's state is the voter's state. So when we join with AREA_CODE_STATE, we get the area code for that state. But a state can have multiple area codes. However, the problem is to find area codes where there are voters (with that state) who voted for both contestants. But maybe the area code is determined by the voter's state. Wait, but the AREA_CODE_STATE table links area codes to states. So each area code is in a state. But a state can have multiple area codes. However, the VOTES table only has the state of the voter, not the area code. So when we join VOTES.state with AREA_CODE_STATE.state, each vote in a state will be linked to all area codes in that state? No, because the join would be on state, but if a vote's state is, say, CA, and CA has multiple area codes, then each vote would be joined with all area codes in CA. Wait, that's not correct. Because the vote's state is the voter's state, but the area code is a separate thing. The problem is that the VOTES table doesn't have the area code directly. So how do we know the area code of the voter? The phone number is in the VOTES table, but we don't have a way to extract the area code from the phone number. The only way is that the AREA_CODE_STATE table links area codes to states. But that's not sufficient because a state has multiple area codes. So perhaps the question assumes that the state in the VOTES table can be linked to area codes via the AREA_CODE_STATE table, but that would mean that all voters in a state are considered to have all area codes in that state, which isn't accurate. But given the schema, that's the only way. So perhaps the question is intended to find the area codes that are in states where there are votes for both contestants. Wait, but the question says ""area codes in which voters voted..."" So maybe the voters are in those area codes. But since the VOTES table doesn't have area code, but only state, and the AREA_CODE_STATE has area codes per state. So perhaps the question is to find area codes that are in states where there are votes for both contestants. But that's not exactly the same as voters in those area codes. But given the schema, maybe that's the only way.  So proceeding with the earlier query. Let's test the logic. Suppose a vote is in state CA. Then, joining with AREA_CODE_STATE gives all area codes in CA. But that's not correct. Because the vote's phone number's area code is not known. So the problem is that the current schema doesn't have a way to link a vote's phone number to an area code. The AREA_CODE_STATE table links area codes to states, but the VOTES table only has the state. Therefore, the question's answer might be based on the assumption that if a vote is from a state, then the area code is any area code in that state. But that's not accurate. However, given the schema, perhaps the intended answer is to find area codes in states where there are votes for both contestants.  But the user's question is to list the area codes where voters (with that area code) voted for both contestants. But since the phone number is in the VOTES table, perhaps we can extract the area code from the phone number. For example, if the phone number is 5551234567, the area code is 555. But SQLite doesn't have a built-in function to extract the area code. However, assuming that the phone number is stored as an integer, perhaps we can extract the first three digits. For example, phone_number divided by 10000000 (assuming a 10-digit number). Wait, but phone numbers can be 7 or 10 digits depending on context. But given that area codes are 3 digits, perhaps the phone number is stored as a 10-digit number, and the area code is the first three digits.  So maybe the correct approach is to extract the area code from the phone_number in the VOTES table. For example, area_code = (phone_number / 10000000). But since phone_number is an integer, dividing by 10^7 (10000000) would give the first three digits. For example, 5551234567 / 10000000 = 555.1234567, and using integer division (using / in SQLite with integers would give 555). But SQLite uses integer division with the DIV operator or using / with integers? Wait, in SQLite, 1234567890 / 10000000 would be 123.4567890, but since it's integer division if both operands are integers? Wait no, SQLite uses floating point division. Wait, no. Let me check. In SQLite, 5551234567 is stored as an integer. If you do SELECT 5551234567 / 10000000, it would return 555.1234567. But to get the integer part, you can use the INT() function or cast. Alternatively, use the SUBSTR function if you can convert the phone number to a string. But since phone_number is an integer, perhaps converting it to a string first.  But the problem is that the phone_number is stored as an integer. So for example, if the phone number is 5551234567, converting it to a string would be '5551234567', then take the first 3 characters. But what if the phone number is stored as 1234567 (7 digits)? Then the area code would be 000? That's not possible. So perhaps the phone numbers are stored as 10-digit numbers. Assuming that, then extracting the first three digits would give the area code.  So the correct approach would be to extract the area"
voter_1,Return the names of the contestants whose names contain the substring 'Al' .,"select contestant_name from contestants where contestant_name like ""%al%""",SELECT contestant_name FROM CONTESTANTS WHERE contestant_name LIKE '%Al%'
world_1,What are the names of all the countries that became independent after 1950?,SELECT Name FROM country WHERE IndepYear  >  1950,SELECT Name FROM country WHERE IndepYear > 1950;
world_1,Give the names of the nations that were founded after 1950.,SELECT Name FROM country WHERE IndepYear  >  1950,SELECT Name FROM country WHERE IndepYear > 1950;
world_1,How many countries have a republic as their form of government?,"SELECT count(*) FROM country WHERE GovernmentForm  =  ""Republic""",SELECT COUNT(*) FROM country WHERE GovernmentForm = 'Republic';
world_1,How many countries have governments that are republics?,"SELECT count(*) FROM country WHERE GovernmentForm  =  ""Republic""",SELECT COUNT(*) FROM country WHERE GovernmentForm = 'Republic';
world_1,What is the total surface area of the countries in the Caribbean region?,"SELECT sum(SurfaceArea) FROM country WHERE Region  =  ""Caribbean""",SELECT SUM(`SurfaceArea`) FROM `country` WHERE `Region` = 'Caribbean';
world_1,How much surface area do the countires in the Carribean cover together?,"SELECT sum(SurfaceArea) FROM country WHERE Region  =  ""Caribbean""",SELECT SUM(SurfaceArea) FROM country WHERE Region = 'Caribbean';
world_1,Which continent is Anguilla in?,"SELECT Continent FROM country WHERE Name  =  ""Anguilla""",SELECT Continent FROM country WHERE Name = 'Anguilla';
world_1,What is the continent name which Anguilla belongs to?,"SELECT Continent FROM country WHERE Name  =  ""Anguilla""",SELECT Continent FROM country WHERE Name = 'Anguilla'
world_1,Which region is the city Kabul located in?,"SELECT Region FROM country AS T1 JOIN city AS T2 ON T1.Code  =  T2.CountryCode WHERE T2.Name  =  ""Kabul""",SELECT country.Region FROM country INNER JOIN city ON country.Code = city.CountryCode WHERE city.Name = 'Kabul';
world_1,What region is Kabul in?,"SELECT Region FROM country AS T1 JOIN city AS T2 ON T1.Code  =  T2.CountryCode WHERE T2.Name  =  ""Kabul""",SELECT country.Region FROM country INNER JOIN city ON country.Code = city.CountryCode WHERE city.Name = 'Kabul';
world_1,Which language is the most popular in Aruba?,"SELECT T2.Language FROM country AS T1 JOIN countrylanguage AS T2 ON T1.Code  =  T2.CountryCode WHERE T1.Name  =  ""Aruba"" ORDER BY Percentage DESC LIMIT 1",SELECT Language FROM countrylanguage WHERE CountryCode = (SELECT Code FROM country WHERE Name = 'Aruba') ORDER BY Percentage DESC LIMIT 1;
world_1,What language is predominantly spoken in Aruba?,"SELECT T2.Language FROM country AS T1 JOIN countrylanguage AS T2 ON T1.Code  =  T2.CountryCode WHERE T1.Name  =  ""Aruba"" ORDER BY Percentage DESC LIMIT 1",SELECT Language FROM countrylanguage WHERE CountryCode = (SELECT Code FROM country WHERE Name = 'Aruba') ORDER BY Percentage DESC LIMIT 1;
world_1,What are the population and life expectancies in Brazil?,"SELECT Population ,  LifeExpectancy FROM country WHERE Name  =  ""Brazil""","SELECT country.Population, country.LifeExpectancy FROM country WHERE country.Name = 'Brazil';"
world_1,Give me Brazil’s population and life expectancies.,"SELECT Population ,  LifeExpectancy FROM country WHERE Name  =  ""Brazil""","SELECT Population, LifeExpectancy FROM country WHERE Name = 'Brazil';"
world_1,What are the region and population of Angola?,"SELECT Population ,  Region FROM country WHERE Name  =  ""Angola""","SELECT Region, Population FROM country WHERE Name = 'Angola'"
world_1,What region does Angola belong to and what is its population?,"SELECT Population ,  Region FROM country WHERE Name  =  ""Angola""","SELECT Region, Population FROM country WHERE Name = 'Angola';"
world_1,What is the average expected life expectancy for countries in the region of Central Africa?,"SELECT avg(LifeExpectancy) FROM country WHERE Region  =  ""Central Africa""",SELECT AVG(LifeExpectancy) FROM country WHERE Region = 'Central Africa';
world_1,How long is the people’s average life expectancy in Central Africa?,"SELECT avg(LifeExpectancy) FROM country WHERE Region  =  ""Central Africa""",SELECT AVG(LifeExpectancy) FROM country WHERE Region = 'Central Africa';
world_1,What is the name of country that has the shortest life expectancy in Asia?,"SELECT Name FROM country WHERE Continent  =  ""Asia"" ORDER BY LifeExpectancy LIMIT 1",SELECT Name FROM country WHERE Continent = 'Asia' AND LifeExpectancy IS NOT NULL ORDER BY LifeExpectancy ASC LIMIT 1;
world_1,Give the name of the country in Asia with the lowest life expectancy.,"SELECT Name FROM country WHERE Continent  =  ""Asia"" ORDER BY LifeExpectancy LIMIT 1",SELECT Name FROM country WHERE Continent = 'Asia' AND LifeExpectancy IS NOT NULL ORDER BY LifeExpectancy ASC LIMIT 1;
world_1,What is the total population and maximum GNP in Asia?,"SELECT sum(Population) ,  max(GNP) FROM country WHERE Continent  =  ""Asia""","SELECT SUM(Population) AS TotalPopulation, MAX(GNP) AS MaxGNP FROM country WHERE Continent = 'Asia';"
world_1,"How many people live in Asia, and what is the largest GNP among them?","SELECT sum(Population) ,  max(GNP) FROM country WHERE Continent  =  ""Asia""","SELECT SUM(Population), MAX(GNP) FROM country WHERE Continent = 'Asia';"
world_1,What is the average life expectancy in African countries that are republics?,"SELECT avg(LifeExpectancy) FROM country WHERE Continent  =  ""Africa"" AND GovernmentForm  =  ""Republic""",SELECT AVG(LifeExpectancy) FROM country WHERE Continent = 'Africa' AND GovernmentForm = 'Republic';
world_1,Give the average life expectancy for countries in Africa which are republics?,"SELECT avg(LifeExpectancy) FROM country WHERE Continent  =  ""Africa"" AND GovernmentForm  =  ""Republic""",SELECT AVG(LifeExpectancy) FROM country WHERE Continent = 'Africa' AND GovernmentForm = 'Republic'
world_1,What is the total surface area of the continents Asia and Europe?,"SELECT sum(SurfaceArea) FROM country WHERE Continent  =  ""Asia"" OR Continent  =  ""Europe""","SELECT SUM(`country`.`SurfaceArea`) FROM `country` WHERE `country`.`Continent` IN ('Asia', 'Europe');"
world_1,Give the total surface area covered by countries in Asia or Europe.,"SELECT sum(SurfaceArea) FROM country WHERE Continent  =  ""Asia"" OR Continent  =  ""Europe""","SELECT SUM(SurfaceArea) FROM country WHERE Continent IN ('Asia','Europe')"
world_1,How many people live in Gelderland district?,"SELECT sum(Population) FROM city WHERE District  =  ""Gelderland""",SELECT SUM(Population) FROM city WHERE District = 'Gelderland';
world_1,What is the total population of Gelderland district?,"SELECT sum(Population) FROM city WHERE District  =  ""Gelderland""",SELECT SUM(Population) FROM city WHERE District = 'Gelderland';
world_1,What is the average GNP and total population in all nations whose government is US territory?,"SELECT avg(GNP) ,  sum(population) FROM country WHERE GovernmentForm  =  ""US Territory""","SELECT AVG(GNP), SUM(Population) FROM country WHERE GovernmentForm = 'US territory';"
world_1,Give the mean GNP and total population of nations which are considered US territory.,"SELECT avg(GNP) ,  sum(population) FROM country WHERE GovernmentForm  =  ""US Territory""","SELECT AVG(country.GNP), SUM(country.Population) FROM country WHERE country.GovernmentForm = 'Territory' OR country.GovernmentForm = 'Commonwealth' OR country.Code IN ('ASM', 'GUM', 'MNP', 'PRI', 'VIR');"
world_1,How many unique languages are spoken in the world?,SELECT count(DISTINCT LANGUAGE) FROM countrylanguage,SELECT COUNT(DISTINCT Language) FROM countrylanguage;
world_1,What is the number of distinct languages used around the world?,SELECT count(DISTINCT LANGUAGE) FROM countrylanguage,SELECT COUNT(DISTINCT Language) FROM countrylanguage;
world_1,How many type of governments are in Africa?,"SELECT count(DISTINCT GovernmentForm) FROM country WHERE Continent  =  ""Africa""",SELECT COUNT(DISTINCT GovernmentForm) FROM country WHERE Continent = 'Africa';
world_1,How many different forms of governments are there in Africa?,"SELECT count(DISTINCT GovernmentForm) FROM country WHERE Continent  =  ""Africa""",SELECT COUNT(DISTINCT GovernmentForm) FROM country WHERE Continent = 'Africa';
world_1,What is the total number of languages used in Aruba?,"SELECT COUNT(T2.Language) FROM country AS T1 JOIN countrylanguage AS T2 ON T1.Code  =  T2.CountryCode WHERE T1.Name  =  ""Aruba""",SELECT COUNT(*) FROM countrylanguage JOIN country ON country.Code = countrylanguage.CountryCode WHERE country.Name = 'Aruba';
world_1,How many languages are spoken in Aruba?,"SELECT COUNT(T2.Language) FROM country AS T1 JOIN countrylanguage AS T2 ON T1.Code  =  T2.CountryCode WHERE T1.Name  =  ""Aruba""",SELECT COUNT(*) FROM countrylanguage WHERE CountryCode = (SELECT Code FROM country WHERE Name = 'Aruba');
world_1,How many official languages does Afghanistan have?,"SELECT COUNT(*) FROM country AS T1 JOIN countrylanguage AS T2 ON T1.Code  =  T2.CountryCode WHERE T1.Name  =  ""Afghanistan"" AND IsOfficial  =  ""T""",SELECT COUNT(*) FROM countrylanguage JOIN country ON countrylanguage.CountryCode = country.Code WHERE country.Name = 'Afghanistan' AND countrylanguage.IsOfficial = 'T';
world_1,How many official languages are spoken in Afghanistan?,"SELECT COUNT(*) FROM country AS T1 JOIN countrylanguage AS T2 ON T1.Code  =  T2.CountryCode WHERE T1.Name  =  ""Afghanistan"" AND IsOfficial  =  ""T""",SELECT COUNT(*) FROM countrylanguage WHERE CountryCode = (SELECT Code FROM country WHERE Name = 'Afghanistan') AND IsOfficial = 'T';
world_1,What is name of the country that speaks the largest number of languages?,SELECT T1.Name FROM country AS T1 JOIN countrylanguage AS T2 ON T1.Code  =  T2.CountryCode GROUP BY T1.Name ORDER BY COUNT(*) DESC LIMIT 1,SELECT Name FROM country WHERE Code = (SELECT CountryCode FROM countrylanguage GROUP BY CountryCode ORDER BY COUNT(Language) DESC LIMIT 1)
world_1,Give the name of the nation that uses the greatest amount of languages.,SELECT T1.Name FROM country AS T1 JOIN countrylanguage AS T2 ON T1.Code  =  T2.CountryCode GROUP BY T1.Name ORDER BY COUNT(*) DESC LIMIT 1,SELECT country.Name FROM country INNER JOIN countrylanguage ON country.Code = countrylanguage.CountryCode GROUP BY country.Code ORDER BY COUNT(*) DESC LIMIT 1;
world_1,Which continent has the most diverse languages?,SELECT T1.Continent FROM country AS T1 JOIN countrylanguage AS T2 ON T1.Code  =  T2.CountryCode GROUP BY T1.Continent ORDER BY COUNT(*) DESC LIMIT 1,SELECT Continent FROM country JOIN countrylanguage ON country.Code = countrylanguage.CountryCode GROUP BY Continent ORDER BY COUNT(DISTINCT Language) DESC LIMIT 1;
world_1,Which continent speaks the most languages?,SELECT T1.Continent FROM country AS T1 JOIN countrylanguage AS T2 ON T1.Code  =  T2.CountryCode GROUP BY T1.Continent ORDER BY COUNT(*) DESC LIMIT 1,SELECT Continent FROM country GROUP BY Continent ORDER BY (SELECT COUNT(*) FROM countrylanguage WHERE countrylanguage.CountryCode = country.Code) DESC LIMIT 1;
world_1,How many countries speak both English and Dutch?,"SELECT COUNT(*) FROM (SELECT T1.Name FROM country AS T1 JOIN countrylanguage AS T2 ON T1.Code  =  T2.CountryCode WHERE T2.Language  =  ""English"" INTERSECT SELECT T1.Name FROM country AS T1 JOIN countrylanguage AS T2 ON T1.Code  =  T2.CountryCode WHERE T2.Language  =  ""Dutch"")",SELECT COUNT(DISTINCT cl1.CountryCode) FROM countrylanguage cl1 INNER JOIN countrylanguage cl2 ON cl1.CountryCode = cl2.CountryCode WHERE cl1.Language = 'English' AND cl2.Language = 'Dutch'
world_1,What is the number of nations that use English and Dutch?,"SELECT COUNT(*) FROM (SELECT T1.Name FROM country AS T1 JOIN countrylanguage AS T2 ON T1.Code  =  T2.CountryCode WHERE T2.Language  =  ""English"" INTERSECT SELECT T1.Name FROM country AS T1 JOIN countrylanguage AS T2 ON T1.Code  =  T2.CountryCode WHERE T2.Language  =  ""Dutch"")","SELECT COUNT(*) FROM (SELECT CountryCode FROM countrylanguage WHERE Language IN ('English','Dutch') GROUP BY CountryCode HAVING COUNT(DISTINCT Language)=2) AS dual_language_nations;"
world_1,What are the names of nations speak both English and French?,"SELECT T1.Name FROM country AS T1 JOIN countrylanguage AS T2 ON T1.Code  =  T2.CountryCode WHERE T2.Language  =  ""English"" INTERSECT SELECT T1.Name FROM country AS T1 JOIN countrylanguage AS T2 ON T1.Code  =  T2.CountryCode WHERE T2.Language  =  ""French""","SELECT Name FROM country WHERE Code IN (SELECT CountryCode FROM countrylanguage WHERE Language IN ('English','French') GROUP BY CountryCode HAVING COUNT(DISTINCT Language)=2)"
world_1,Give the names of nations that speak both English and French.,"SELECT T1.Name FROM country AS T1 JOIN countrylanguage AS T2 ON T1.Code  =  T2.CountryCode WHERE T2.Language  =  ""English"" INTERSECT SELECT T1.Name FROM country AS T1 JOIN countrylanguage AS T2 ON T1.Code  =  T2.CountryCode WHERE T2.Language  =  ""French""",SELECT DISTINCT c.Name FROM country c INNER JOIN countrylanguage cl1 ON c.Code = cl1.CountryCode AND cl1.Language = 'English' INNER JOIN countrylanguage cl2 ON c.Code = cl2.CountryCode AND cl2.Language = 'French';
world_1,What are the names of nations where both English and French are official languages?,"SELECT T1.Name FROM country AS T1 JOIN countrylanguage AS T2 ON T1.Code  =  T2.CountryCode WHERE T2.Language  =  ""English"" AND T2.IsOfficial  =  ""T"" INTERSECT SELECT T1.Name FROM country AS T1 JOIN countrylanguage AS T2 ON T1.Code  =  T2.CountryCode WHERE T2.Language  =  ""French"" AND T2.IsOfficial  =  ""T""",SELECT c.Name FROM country c WHERE c.Code IN (SELECT cl.CountryCode FROM countrylanguage cl WHERE (cl.Language = 'English' OR cl.Language = 'French') AND cl.IsOfficial = 'T' GROUP BY cl.CountryCode HAVING COUNT(DISTINCT cl.Language) = 2);
world_1,Give the names of countries with English and French as official languages.,"SELECT T1.Name FROM country AS T1 JOIN countrylanguage AS T2 ON T1.Code  =  T2.CountryCode WHERE T2.Language  =  ""English"" AND T2.IsOfficial  =  ""T"" INTERSECT SELECT T1.Name FROM country AS T1 JOIN countrylanguage AS T2 ON T1.Code  =  T2.CountryCode WHERE T2.Language  =  ""French"" AND T2.IsOfficial  =  ""T""","SELECT Name FROM country WHERE Code IN (SELECT CountryCode FROM countrylanguage WHERE Language IN ('English','French') AND IsOfficial='T' GROUP BY CountryCode HAVING COUNT(DISTINCT Language)=2)"
world_1,What is the number of distinct continents where Chinese is spoken?,"SELECT COUNT( DISTINCT Continent) FROM country AS T1 JOIN countrylanguage AS T2 ON T1.Code  =  T2.CountryCode WHERE T2.Language  =  ""Chinese""",SELECT COUNT(DISTINCT country.Continent) FROM country INNER JOIN countrylanguage ON country.Code = countrylanguage.CountryCode WHERE countrylanguage.Language = 'Chinese';
world_1,How many continents speak Chinese?,"SELECT COUNT( DISTINCT Continent) FROM country AS T1 JOIN countrylanguage AS T2 ON T1.Code  =  T2.CountryCode WHERE T2.Language  =  ""Chinese""",SELECT COUNT(DISTINCT country.Continent) FROM country INNER JOIN countrylanguage ON country.Code = countrylanguage.CountryCode WHERE countrylanguage.Language = 'Chinese';
world_1,What are the regions that use English or Dutch?,"SELECT DISTINCT T1.Region FROM country AS T1 JOIN countrylanguage AS T2 ON T1.Code  =  T2.CountryCode WHERE T2.Language  =  ""English"" OR T2.Language  =  ""Dutch""","SELECT DISTINCT country.Region FROM country INNER JOIN countrylanguage ON country.Code = countrylanguage.CountryCode WHERE countrylanguage.Language IN ('English','Dutch');"
world_1,Which regions speak Dutch or English?,"SELECT DISTINCT T1.Region FROM country AS T1 JOIN countrylanguage AS T2 ON T1.Code  =  T2.CountryCode WHERE T2.Language  =  ""English"" OR T2.Language  =  ""Dutch""","SELECT DISTINCT c.Region FROM country c JOIN countrylanguage cl ON c.Code = cl.CountryCode WHERE cl.Language IN ('Dutch','English')"
world_1,What are the countries where either English or Dutch is the official language ?,"select t1.name from country as t1 join countrylanguage as t2 on t1.code  =  t2.countrycode where t2.language  =  ""english"" and isofficial  =  ""t"" union select t1.name from country as t1 join countrylanguage as t2 on t1.code  =  t2.countrycode where t2.language  =  ""dutch"" and isofficial  =  ""t""",SELECT DISTINCT country.Name FROM country INNER JOIN countrylanguage ON country.Code = countrylanguage.CountryCode WHERE (countrylanguage.Language = 'English' OR countrylanguage.Language = 'Dutch') AND countrylanguage.IsOfficial = 'T'
world_1,Which countries have either English or Dutch as an official language?,"SELECT * FROM country AS T1 JOIN countrylanguage AS T2 ON T1.Code  =  T2.CountryCode WHERE T2.Language  =  ""English"" AND IsOfficial  =  ""T"" UNION SELECT * FROM country AS T1 JOIN countrylanguage AS T2 ON T1.Code  =  T2.CountryCode WHERE T2.Language  =  ""Dutch"" AND IsOfficial  =  ""T""",SELECT DISTINCT country.Name FROM country INNER JOIN countrylanguage ON country.Code = countrylanguage.CountryCode WHERE (countrylanguage.Language = 'English' OR countrylanguage.Language = 'Dutch') AND countrylanguage.IsOfficial = 'T';
world_1,Which language is the most popular on the Asian continent?,"SELECT T2.Language FROM country AS T1 JOIN countrylanguage AS T2 ON T1.Code  =  T2.CountryCode WHERE T1.Continent  =  ""Asia"" GROUP BY T2.Language ORDER BY COUNT (*) DESC LIMIT 1",SELECT Language FROM countrylanguage JOIN country ON CountryCode=Code WHERE Continent='Asia' GROUP BY Language ORDER BY SUM(Percentage) DESC LIMIT 1;
world_1,What is the language that is used by the largest number of Asian nations?,"SELECT T2.Language FROM country AS T1 JOIN countrylanguage AS T2 ON T1.Code  =  T2.CountryCode WHERE T1.Continent  =  ""Asia"" GROUP BY T2.Language ORDER BY COUNT (*) DESC LIMIT 1",SELECT cl.Language FROM countrylanguage cl JOIN country c ON cl.CountryCode = c.Code WHERE c.Continent = 'Asia' GROUP BY cl.Language ORDER BY COUNT(*) DESC LIMIT 1;
world_1,Which languages are spoken by only one country in republic governments?,"SELECT T2.Language FROM country AS T1 JOIN countrylanguage AS T2 ON T1.Code  =  T2.CountryCode WHERE T1.GovernmentForm  =  ""Republic"" GROUP BY T2.Language HAVING COUNT(*)  =  1",SELECT cl.Language FROM countrylanguage cl JOIN country c ON cl.CountryCode = c.Code WHERE cl.Language IN (SELECT Language FROM countrylanguage GROUP BY Language HAVING COUNT(DISTINCT CountryCode) = 1) AND c.GovernmentForm = 'Republic';
world_1,What languages are only used by a single country with a republic government?,"SELECT T2.Language FROM country AS T1 JOIN countrylanguage AS T2 ON T1.Code  =  T2.CountryCode WHERE T1.GovernmentForm  =  ""Republic"" GROUP BY T2.Language HAVING COUNT(*)  =  1","SELECT cl.Language FROM countrylanguage cl JOIN country c ON cl.CountryCode = c.Code WHERE cl.Language IN (     SELECT Language     FROM countrylanguage     GROUP BY Language     HAVING COUNT(*) = 1 ) AND c.GovernmentForm = 'Republic';  Wait, but that's not correct. Because the subquery selects languages that have exactly one country in the entire table. Then, we join with country to check if that country is a republic.  But how to structure this? Let me think again.  Another approach: group by language, and have two conditions:  - The count of countries is 1.  - The government form of that country is republic.  But how to do that in SQL?  Perhaps:  SELECT cl.Language FROM countrylanguage cl JOIN country c ON cl.CountryCode = c.Code GROUP BY cl.Language HAVING COUNT(*) = 1 AND MAX(c.GovernmentForm) = 'Republic';  Wait, but MAX is just a way to get the single value. Since when COUNT(*) is 1, there's only one country, so any aggregate function on GovernmentForm would return that single value. So using MAX or MIN would work here.  Alternatively, we can use HAVING COUNT(*) = 1 AND ... but need to ensure that the country's government is republic. Since in the HAVING clause, we can reference aggregated expressions. But since for the case where count is 1, the country's government is a single value.  So the correct query would be:  SELECT cl.Language FROM countrylanguage cl JOIN country c ON cl.CountryCode = c.Code GROUP BY cl.Language HAVING COUNT(*) = 1 AND MAX(c.GovernmentForm) = 'Republic';  But why use MAX? Because when grouped by language, and for each group, MAX(GovernmentForm) would return the only value present if count is 1. So this works.  Alternatively, we can use MIN, or any aggregate function. Another way is to include c.GovernmentForm in the SELECT and use a HAVING clause that checks for 'Republic', but since when count is 1, the government form is the same for all rows in the group.  But perhaps a better way is to include it in the GROUP BY. Wait, but if we group by Language and GovernmentForm, then the count would be per (Language, GovernmentForm). But that's not what we want. Let me think.  Alternatively, perhaps:  SELECT cl.Language FROM countrylanguage cl INNER JOIN country c ON cl.CountryCode = c.Code WHERE c.GovernmentForm = 'Republic' GROUP BY cl.Language HAVING COUNT(*) = 1;  But this would group only those languages that are in republic countries, and have exactly one such country. However, this would miss a case where a language is used by one republic country and one non-republic country. But in that case, the total count across all countries would be 2, but in the WHERE clause, the republic country is considered. However, the HAVING COUNT(*) would be 1 (if there's one republic country and one non-republic, but the WHERE clause filters out the non-republic, so the count would be 1, leading to the language being selected. But that's incorrect because the language is actually used by two countries, but only one is a republic. However, the question requires that the language is only used by a single country (total), which must be a republic. Therefore, this approach would incorrectly include languages that are used by one republic and one non-republic country. Because in that case, the total count is 2, but the WHERE clause filters to only one republic, leading to COUNT(*) = 1. But the actual total number of countries using the language is 2, which violates the ""only used by a single country"" condition.  Ah, right. So this approach is incorrect. Therefore, the correct way is to first find languages that are used by exactly one country in total (regardless of government), and then check that that country is a republic.  So how to do that?  First, find all languages that have exactly one country in countrylanguage. Then, for those languages, check that the country's government is a republic.  So the query would be:  SELECT cl.Language FROM countrylanguage cl INNER JOIN country c ON cl.CountryCode = c.Code WHERE cl.Language IN (     SELECT Language     FROM countrylanguage     GROUP BY Language     HAVING COUNT(*) = 1 ) AND c.GovernmentForm = 'Republic';  But how to ensure that the country is the same in both the subquery and the main query? Well, the subquery just gets the languages with count 1. Then, for each of those languages, there's only one country in the countrylanguage table. So joining with country to check if that country is a republic.  This should work. Let me test with an example. Suppose there's a language 'X' in country A (republic). The subquery includes 'X' because count is 1. Then, check if country A's government is republic. If yes, then include.  Another example: language 'Y' is in country B (non-republic"
world_1,Find the city with the largest population that uses English.,"SELECT T1.Name ,  T1.Population FROM city AS T1 JOIN countrylanguage AS T2 ON T1.CountryCode  =  T2.CountryCode WHERE T2.Language  =  ""English"" ORDER BY T1.Population DESC LIMIT 1","SELECT city.Name, city.Population FROM city INNER JOIN countrylanguage ON city.CountryCode = countrylanguage.CountryCode WHERE countrylanguage.Language = 'English' AND countrylanguage.IsOfficial = 'T' ORDER BY city.Population DESC LIMIT 1;"
world_1,What is the most populace city that speaks English?,"SELECT T1.Name ,  T1.Population FROM city AS T1 JOIN countrylanguage AS T2 ON T1.CountryCode  =  T2.CountryCode WHERE T2.Language  =  ""English"" ORDER BY T1.Population DESC LIMIT 1",SELECT city.Name FROM city JOIN country ON city.CountryCode = country.Code JOIN countrylanguage ON country.Code = countrylanguage.CountryCode WHERE countrylanguage.Language = 'English' ORDER BY city.Population DESC LIMIT 1;
world_1,"Find the name, population and expected life length of asian country with the largest area?","SELECT Name ,  Population ,  LifeExpectancy FROM country WHERE Continent  =  ""Asia"" ORDER BY SurfaceArea DESC LIMIT 1","SELECT Name, Population, LifeExpectancy FROM country WHERE Continent = 'Asia' ORDER BY SurfaceArea DESC LIMIT 1;"
world_1,"What are the name, population, and life expectancy of the largest Asian country by land?","SELECT Name ,  Population ,  LifeExpectancy FROM country WHERE Continent  =  ""Asia"" ORDER BY SurfaceArea DESC LIMIT 1","SELECT Name, Population, LifeExpectancy FROM country WHERE Continent = 'Asia' ORDER BY SurfaceArea DESC LIMIT 1;"
world_1,What is average life expectancy in the countries where English is not the official language?,"SELECT avg(LifeExpectancy) FROM country WHERE Name NOT IN (SELECT T1.Name FROM country AS T1 JOIN countrylanguage AS T2 ON T1.Code  =  T2.CountryCode WHERE T2.Language  =  ""English"" AND T2.IsOfficial  =  ""T"")",SELECT AVG(country.LifeExpectancy) FROM country INNER JOIN countrylanguage ON country.Code = countrylanguage.CountryCode WHERE countrylanguage.Language = 'English' AND countrylanguage.IsOfficial = 'F';
world_1,Give the mean life expectancy of countries in which English is not the official language.,"SELECT avg(LifeExpectancy) FROM country WHERE Name NOT IN (SELECT T1.Name FROM country AS T1 JOIN countrylanguage AS T2 ON T1.Code  =  T2.CountryCode WHERE T2.Language  =  ""English"" AND T2.IsOfficial  =  ""T"")",SELECT AVG(LifeExpectancy) FROM country WHERE Code NOT IN (SELECT CountryCode FROM countrylanguage WHERE Language = 'English' AND IsOfficial = 'T')
world_1,What is the total number of people living in the nations that do not use English?,"SELECT sum(Population) FROM country WHERE Name NOT IN (SELECT T1.Name FROM country AS T1 JOIN countrylanguage AS T2 ON T1.Code  =  T2.CountryCode WHERE T2.Language  =  ""English"")",SELECT SUM(country.Population) FROM country WHERE country.Code NOT IN (SELECT CountryCode FROM countrylanguage WHERE Language = 'English' AND IsOfficial = 'T');
world_1,How many people live in countries that do not speak English?,"SELECT sum(Population) FROM country WHERE Name NOT IN (SELECT T1.Name FROM country AS T1 JOIN countrylanguage AS T2 ON T1.Code  =  T2.CountryCode WHERE T2.Language  =  ""English"")",SELECT SUM(c.Population) FROM country c LEFT JOIN countrylanguage cl ON c.Code = cl.CountryCode AND cl.Language = 'English' WHERE cl.Language IS NULL;
world_1,What is the official language spoken in the country whose head of state is Beatrix?,"SELECT T2.Language FROM country AS T1 JOIN countrylanguage AS T2 ON T1.Code  =  T2.CountryCode WHERE T1.HeadOfState  =  ""Beatrix"" AND T2.IsOfficial  =  ""T""",SELECT cl.Language FROM country c JOIN countrylanguage cl ON c.Code = cl.CountryCode WHERE c.HeadOfState = 'Beatrix' AND cl.IsOfficial = 'T';
world_1,What is the official language used in the country the name of whose head of state is Beatrix.,"SELECT T2.Language FROM country AS T1 JOIN countrylanguage AS T2 ON T1.Code  =  T2.CountryCode WHERE T1.HeadOfState  =  ""Beatrix"" AND T2.IsOfficial  =  ""T""",SELECT cl.Language FROM country c JOIN countrylanguage cl ON c.Code = cl.CountryCode WHERE c.HeadOfState = 'Beatrix' AND cl.IsOfficial = 'T';
world_1,What is the total number of unique official languages spoken in the countries that are founded before 1930?,"SELECT count(DISTINCT T2.Language) FROM country AS T1 JOIN countrylanguage AS T2 ON T1.Code  =  T2.CountryCode WHERE  IndepYear  <  1930 AND T2.IsOfficial  =  ""T""",SELECT COUNT(DISTINCT cl.Language) FROM countrylanguage cl JOIN country c ON cl.CountryCode = c.Code WHERE c.IndepYear < 1930 AND cl.IsOfficial = 'T'
world_1,"For the countries founded before 1930, what is the total number of distinct official languages?","SELECT count(DISTINCT T2.Language) FROM country AS T1 JOIN countrylanguage AS T2 ON T1.Code  =  T2.CountryCode WHERE  IndepYear  <  1930 AND T2.IsOfficial  =  ""T""",SELECT COUNT(DISTINCT cl.Language) FROM country c JOIN countrylanguage cl ON c.Code = cl.CountryCode WHERE c.IndepYear < 1930 AND cl.IsOfficial = 'T'
world_1,What are the countries that have greater surface area than any country in Europe?,"SELECT Name FROM country WHERE SurfaceArea  >  (SELECT min(SurfaceArea) FROM country WHERE Continent  =  ""Europe"")",SELECT Name FROM country WHERE SurfaceArea > (SELECT MAX(SurfaceArea) FROM country WHERE Continent = 'Europe') AND Continent != 'Europe';
world_1,Which countries have greater area than that of any country in Europe?,"SELECT Name FROM country WHERE SurfaceArea  >  (SELECT min(SurfaceArea) FROM country WHERE Continent  =  ""Europe"")",SELECT Name FROM country WHERE SurfaceArea > ALL (SELECT SurfaceArea FROM country WHERE Continent = 'Europe')
world_1,What are the African countries that have a  population less than any country in Asia?,"SELECT Name FROM country WHERE Continent  =  ""Africa""  AND population  <  (SELECT max(population) FROM country WHERE Continent  =  ""Asia"")",SELECT Name FROM country WHERE Continent = 'Africa' AND Population < ALL (SELECT Population FROM country WHERE Continent = 'Asia')
world_1,Which African countries have a smaller population than that of any country in Asia?,"SELECT Name FROM country WHERE Continent  =  ""Africa""  AND population  <  (SELECT min(population) FROM country WHERE Continent  =  ""Asia"")",SELECT Name FROM country WHERE Continent = 'Africa' AND Population < (SELECT MIN(Population) FROM country WHERE Continent = 'Asia')
world_1,Which Asian countries have a population that is larger than any country in Africa?,"SELECT Name FROM country WHERE Continent  =  ""Asia""  AND population  >  (SELECT max(population) FROM country WHERE Continent  =  ""Africa"")",SELECT Name FROM country WHERE Continent = 'Asia' AND Population > (SELECT MAX(Population) FROM country WHERE Continent = 'Africa')
world_1,What are the Asian countries which have a population larger than that of any country in Africa?,"SELECT Name FROM country WHERE Continent  =  ""Asia""  AND population  >  (SELECT min(population) FROM country WHERE Continent  =  ""Africa"")",SELECT Name FROM country WHERE Continent = 'Asia' AND Population > (SELECT MAX(Population) FROM country WHERE Continent = 'Africa')
world_1,What are the country codes for countries that do not speak English?,"SELECT CountryCode FROM countrylanguage EXCEPT SELECT CountryCode FROM countrylanguage WHERE LANGUAGE  =  ""English""",SELECT Code FROM country WHERE Code NOT IN (SELECT CountryCode FROM countrylanguage WHERE Language = 'English')
world_1,Return the country codes for countries that do not speak English.,"SELECT CountryCode FROM countrylanguage EXCEPT SELECT CountryCode FROM countrylanguage WHERE LANGUAGE  =  ""English""",SELECT Code FROM country WHERE Code NOT IN (SELECT CountryCode FROM countrylanguage WHERE Language = 'English')
world_1,What are the country codes of countries where people use languages other than English?,"SELECT DISTINCT CountryCode FROM countrylanguage WHERE LANGUAGE != ""English""",SELECT DISTINCT CountryCode FROM countrylanguage WHERE Language != 'English';
world_1,Give the country codes for countries in which people speak langauges that are not English.,"SELECT DISTINCT CountryCode FROM countrylanguage WHERE LANGUAGE != ""English""",SELECT DISTINCT CountryCode FROM countrylanguage WHERE Language != 'English';
world_1,What are the codes of the countries that do not speak English and whose government forms are not Republic?,"SELECT Code FROM country WHERE GovernmentForm != ""Republic"" EXCEPT SELECT CountryCode FROM countrylanguage WHERE LANGUAGE  =  ""English""",SELECT Code FROM country WHERE Code NOT IN (SELECT CountryCode FROM countrylanguage WHERE Language = 'English') AND GovernmentForm != 'Republic';
world_1,Return the codes of countries that do not speak English and do not have Republics for governments.,"SELECT Code FROM country WHERE GovernmentForm != ""Republic"" EXCEPT SELECT CountryCode FROM countrylanguage WHERE LANGUAGE  =  ""English""",SELECT Code FROM country WHERE Code NOT IN (SELECT CountryCode FROM countrylanguage WHERE Language = 'English') AND GovernmentForm != 'Republic'
world_1,Which cities are in European countries where English is not the official language?,SELECT DISTINCT T2.Name FROM country AS T1 JOIN city AS T2 ON T2.CountryCode  =  T1.Code WHERE T1.Continent  =  'Europe' AND T1.Name NOT IN (SELECT T3.Name FROM country AS T3 JOIN countrylanguage AS T4 ON T3.Code  =  T4.CountryCode WHERE T4.IsOfficial  =  'T' AND T4.Language  =  'English'),SELECT Name FROM city WHERE CountryCode IN (SELECT Code FROM country WHERE Continent = 'Europe' AND Code NOT IN (SELECT CountryCode FROM countrylanguage WHERE Language = 'English' AND IsOfficial = 'T'))
world_1,What are the names of cities in Europe for which English is not the official language?,SELECT DISTINCT T2.Name FROM country AS T1 JOIN city AS T2 ON T2.CountryCode  =  T1.Code WHERE T1.Continent  =  'Europe' AND T1.Name NOT IN (SELECT T3.Name FROM country AS T3 JOIN countrylanguage AS T4 ON T3.Code  =  T4.CountryCode WHERE T4.IsOfficial  =  'T' AND T4.Language  =  'English'),SELECT city.Name FROM city JOIN country ON city.CountryCode = country.Code WHERE country.Continent = 'Europe' AND city.CountryCode NOT IN (SELECT CountryCode FROM countrylanguage WHERE Language = 'English' AND IsOfficial = 'T')
world_1,Which unique cities are in Asian countries where Chinese is the official language ?,"select distinct t3.name from country as t1 join countrylanguage as t2 on t1.code  =  t2.countrycode join city as t3 on t1.code  =  t3.countrycode where t2.isofficial  =  't' and t2.language  =  'chinese' and t1.continent  =  ""asia""",SELECT DISTINCT city.Name FROM city JOIN country ON city.CountryCode = country.Code JOIN countrylanguage ON country.Code = countrylanguage.CountryCode WHERE country.Continent = 'Asia' AND countrylanguage.Language = 'Chinese' AND countrylanguage.IsOfficial = 'T';
world_1,Return the different names of cities that are in Asia and for which Chinese is the official language.,"SELECT DISTINCT T3.Name FROM country AS T1 JOIN countrylanguage AS T2 ON T1.Code  =  T2.CountryCode JOIN city AS T3 ON T1.Code  =  T3.CountryCode WHERE T2.IsOfficial  =  'T' AND T2.Language  =  'Chinese' AND T1.Continent  =  ""Asia""",SELECT DISTINCT city.Name FROM city JOIN country ON city.CountryCode = country.Code JOIN countrylanguage ON country.Code = countrylanguage.CountryCode WHERE country.Continent = 'Asia' AND countrylanguage.Language = 'Chinese' AND countrylanguage.IsOfficial = 'T'
world_1,"What are the name, independence year, and surface area of the country with the smallest population?","SELECT Name ,  SurfaceArea ,  IndepYear FROM country ORDER BY Population LIMIT 1","SELECT Name, IndepYear, SurfaceArea FROM country WHERE Population = (SELECT MIN(Population) FROM country)"
world_1,"Give the name, year of independence, and surface area of the country that has the lowest population.","SELECT Name ,  SurfaceArea ,  IndepYear FROM country ORDER BY Population LIMIT 1","SELECT Name, IndepYear, SurfaceArea FROM country WHERE Population = (SELECT MIN(Population) FROM country) LIMIT 1;"
world_1,"What are the population, name and leader of the country with the largest area?","SELECT Name ,  population ,  HeadOfState FROM country ORDER BY SurfaceArea DESC LIMIT 1","SELECT Population, Name, HeadOfState FROM country ORDER BY SurfaceArea DESC LIMIT 1;"
world_1,"Give the name, population, and head of state for the country that has the largest area.","SELECT Name ,  population ,  HeadOfState FROM country ORDER BY SurfaceArea DESC LIMIT 1","SELECT Name, Population, HeadOfState FROM country ORDER BY SurfaceArea DESC LIMIT 1;"
world_1,Return the country name and the numbers of languages spoken for each country that speaks at least 3 languages.,"SELECT COUNT(T2.Language) ,  T1.Name FROM country AS T1 JOIN countrylanguage AS T2 ON T1.Code  =  T2.CountryCode GROUP BY T1.Name HAVING COUNT(*)  >  2","SELECT c.Name, COUNT(cl.Language) FROM country c JOIN countrylanguage cl ON c.Code = cl.CountryCode GROUP BY c.Code HAVING COUNT(cl.Language) >= 3;"
world_1,"What are the names of countries that speak more than 2 languages, as well as how many languages they speak?","SELECT COUNT(T2.Language) ,  T1.Name FROM country AS T1 JOIN countrylanguage AS T2 ON T1.Code  =  T2.CountryCode GROUP BY T1.Name HAVING COUNT(*)  >  2","SELECT country.Name, COUNT(*) AS language_count FROM countrylanguage JOIN country ON countrylanguage.CountryCode = country.Code GROUP BY country.Code HAVING COUNT(*) > 2;"
world_1,Find the number of cities in each district whose population is greater than the average population of cities?,"SELECT count(*) ,  District FROM city WHERE Population  >  (SELECT avg(Population) FROM city) GROUP BY District","SELECT District, COUNT(*) FROM city WHERE Population > (SELECT AVG(Population) FROM city) GROUP BY District;"
world_1,How many cities in each district have a population that is above the average population across all cities?,"SELECT count(*) ,  District FROM city WHERE Population  >  (SELECT avg(Population) FROM city) GROUP BY District","SELECT District, COUNT(*) FROM city WHERE Population > (SELECT AVG(Population) FROM city) GROUP BY District;"
world_1,Find the government form name and total population for each government form whose average life expectancy is longer than 72.,"SELECT sum(Population) ,  GovernmentForm FROM country GROUP BY GovernmentForm HAVING avg(LifeExpectancy)  >  72","SELECT GovernmentForm, SUM(Population) AS TotalPopulation FROM country GROUP BY GovernmentForm HAVING AVG(LifeExpectancy) > 72;"
world_1,What are the different government forms and what is the total population of each for government forms that have an average life expectancy greater than 72?,"SELECT sum(Population) ,  GovernmentForm FROM country GROUP BY GovernmentForm HAVING avg(LifeExpectancy)  >  72","SELECT GovernmentForm, SUM(Population) FROM country GROUP BY GovernmentForm HAVING AVG(LifeExpectancy) > 72;"
world_1,Find the average life expectancy and total population for each continent where the average life expectancy is shorter than 72?,"SELECT sum(Population) ,  avg(LifeExpectancy) ,  Continent FROM country GROUP BY Continent HAVING avg(LifeExpectancy)  <  72","SELECT Continent, AVG(LifeExpectancy) AS avg_life, SUM(Population) AS total_pop FROM country GROUP BY Continent HAVING AVG(LifeExpectancy) < 72;"
world_1,"What are the different continents and the total popuation and average life expectancy corresponding to each, for continents that have an average life expectancy less than 72?","SELECT sum(Population) ,  avg(LifeExpectancy) ,  Continent FROM country GROUP BY Continent HAVING avg(LifeExpectancy)  <  72","SELECT Continent, SUM(Population) AS TotalPopulation, AVG(LifeExpectancy) AS AvgLifeExpectancy FROM country GROUP BY Continent HAVING AVG(LifeExpectancy) < 72;"
world_1,What are the names and areas of countries with the top 5 largest area?,"SELECT Name ,  SurfaceArea FROM country ORDER BY SurfaceArea DESC LIMIT 5","SELECT Name,SurfaceArea FROM country ORDER BY SurfaceArea DESC LIMIT 5;"
world_1,Return the names and surface areas of the 5 largest countries.,"SELECT Name ,  SurfaceArea FROM country ORDER BY SurfaceArea DESC LIMIT 5","SELECT Name, SurfaceArea FROM country ORDER BY SurfaceArea DESC LIMIT 5;"
world_1,What are names of countries with the top 3 largest population?,SELECT Name FROM country ORDER BY Population DESC LIMIT 3,SELECT Name FROM country ORDER BY Population DESC LIMIT 3;
world_1,Return the names of the 3 most populated countries.,SELECT Name FROM country ORDER BY Population DESC LIMIT 3,SELECT Name FROM country ORDER BY Population DESC LIMIT 3;
world_1,What are the names of the nations with the 3 lowest populations?,SELECT Name FROM country ORDER BY Population ASC LIMIT 3,SELECT Name FROM country ORDER BY Population ASC LIMIT 3;
world_1,Return the names of the 3 countries with the fewest people.,SELECT Name FROM country ORDER BY Population ASC LIMIT 3,SELECT Name FROM country ORDER BY Population ASC LIMIT 3;
world_1,how many countries are in Asia?,"SELECT count(*) FROM country WHERE continent  =  ""Asia""",SELECT COUNT(*) FROM country WHERE Continent = 'Asia';
world_1,Count the number of countries in Asia.,"SELECT count(*) FROM country WHERE continent  =  ""Asia""",SELECT COUNT(*) FROM country WHERE Continent = 'Asia';
world_1,What are the names of the countries that are in the continent of Europe and have a population of 80000?,"SELECT Name FROM country WHERE continent  =  ""Europe"" AND Population  =  ""80000""",SELECT Name FROM country WHERE Continent = 'Europe' AND Population = 80000;
world_1,Give the names of countries that are in Europe and have a population equal to 80000.,"SELECT Name FROM country WHERE continent  =  ""Europe"" AND Population  =  ""80000""",SELECT Name FROM country WHERE Continent = 'Europe' AND Population = 80000;
world_1,What is the total population and average area of countries in the continent of North America whose area is bigger than 3000 ?,"select sum(population) ,  avg(surfacearea) from country where continent  =  ""north america"" and surfacearea  >  3000","SELECT SUM(Population) AS TotalPopulation, AVG(SurfaceArea) AS AverageArea FROM country WHERE Continent = 'North America' AND SurfaceArea > 3000;"
world_1,Give the total population and average surface area corresponding to countries in North America that have a surface area greater than 3000 .,"select sum(population) ,  avg(surfacearea) from country where continent  =  ""north america"" and surfacearea  >  3000","SELECT SUM(Population) AS TotalPopulation, AVG(SurfaceArea) AS AverageSurfaceArea FROM country WHERE Continent = 'North America' AND SurfaceArea > 3000;"
world_1,What are the cities whose population is between 160000 and 900000?,SELECT name FROM city WHERE Population BETWEEN 160000 AND 900000,SELECT * FROM city WHERE Population BETWEEN 160000 AND 900000;
world_1,Return the names of cities that have a population between 160000 and 900000 .,select name from city where population between 160000 and 900000,SELECT Name FROM city WHERE Population BETWEEN 160000 AND 900000;
world_1,Which language is spoken by the largest number of countries?,SELECT LANGUAGE FROM countrylanguage GROUP BY LANGUAGE ORDER BY count(*) DESC LIMIT 1,SELECT Language FROM countrylanguage GROUP BY Language ORDER BY COUNT(DISTINCT CountryCode) DESC LIMIT 1;
world_1,Give the language that is spoken in the most countries.,SELECT LANGUAGE FROM countrylanguage GROUP BY LANGUAGE ORDER BY count(*) DESC LIMIT 1,SELECT Language FROM countrylanguage GROUP BY Language ORDER BY COUNT(DISTINCT CountryCode) DESC LIMIT 1;
world_1,What is the language spoken by the largest percentage of people in each country?,"SELECT LANGUAGE ,  CountryCode ,  max(Percentage) FROM countrylanguage GROUP BY CountryCode","SELECT c.Name,cl.Language,cl.Percentage FROM country c INNER JOIN countrylanguage cl ON c.Code=cl.CountryCode WHERE (cl.CountryCode,cl.Percentage) IN (SELECT CountryCode,MAX(Percentage) FROM countrylanguage GROUP BY CountryCode)"
world_1,"What are the country codes of the different countries, and what are the languages spoken by the greatest percentage of people for each?","SELECT LANGUAGE ,  CountryCode ,  max(Percentage) FROM countrylanguage GROUP BY CountryCode","SELECT cl.CountryCode, cl.Language FROM countrylanguage cl INNER JOIN (SELECT CountryCode, MAX(Percentage) AS max_pct FROM countrylanguage GROUP BY CountryCode) AS m ON cl.CountryCode = m.CountryCode AND cl.Percentage = m.max_pct;"
world_1,What is the total number of countries where Spanish is spoken by the largest percentage of people?,"SELECT count(*) ,   max(Percentage) FROM countrylanguage WHERE LANGUAGE  =  ""Spanish"" GROUP BY CountryCode","SELECT COUNT(DISTINCT cl.CountryCode) FROM countrylanguage cl JOIN (SELECT CountryCode, MAX(Percentage) AS MaxPct FROM countrylanguage GROUP BY CountryCode) AS max_lang ON cl.CountryCode = max_lang.CountryCode AND cl.Percentage = max_lang.MaxPct WHERE cl.Language = 'Spanish';"
world_1,Count the number of countries for which Spanish is the predominantly spoken language.,"SELECT count(*) ,   max(Percentage) FROM countrylanguage WHERE LANGUAGE  =  ""Spanish"" GROUP BY CountryCode",SELECT COUNT(DISTINCT CountryCode) FROM countrylanguage WHERE Language = 'Spanish' AND IsOfficial = 'T';
world_1,What are the codes of countries where Spanish is spoken by the largest percentage of people?,"SELECT CountryCode ,  max(Percentage) FROM countrylanguage WHERE LANGUAGE  =  ""Spanish"" GROUP BY CountryCode",SELECT CountryCode FROM countrylanguage WHERE Language = 'Spanish' AND Percentage = (SELECT MAX(Percentage) FROM countrylanguage WHERE Language = 'Spanish')
world_1,Return the codes of countries for which Spanish is the predominantly spoken language.,"SELECT CountryCode ,  max(Percentage) FROM countrylanguage WHERE LANGUAGE  =  ""Spanish"" GROUP BY CountryCode",SELECT cl.CountryCode FROM countrylanguage cl WHERE cl.Language = 'Spanish' AND NOT EXISTS (SELECT 1 FROM countrylanguage cl2 WHERE cl2.CountryCode = cl.CountryCode AND cl2.Percentage > cl.Percentage) GROUP BY cl.CountryCode;
orchestra,How many conductors are there?,SELECT count(*) FROM conductor,SELECT COUNT(Conductor_ID) FROM conductor;
orchestra,Count the number of conductors.,SELECT count(*) FROM conductor,SELECT COUNT(*) FROM conductor;
orchestra,List the names of conductors in ascending order of age.,SELECT Name FROM conductor ORDER BY Age ASC,SELECT Name FROM conductor ORDER BY Age ASC;
orchestra,"What are the names of conductors, ordered by age?",SELECT Name FROM conductor ORDER BY Age ASC,SELECT Name FROM conductor ORDER BY Age;
orchestra,"What are the names of conductors whose nationalities are not ""USA""?",SELECT Name FROM conductor WHERE Nationality != 'USA',SELECT Name FROM conductor WHERE Nationality != 'USA';
orchestra,"Return the names of conductors that do not have the nationality ""USA"".",SELECT Name FROM conductor WHERE Nationality != 'USA',SELECT Name FROM conductor WHERE Nationality != 'USA';
orchestra,What are the record companies of orchestras in descending order of years in which they were founded?,SELECT Record_Company FROM orchestra ORDER BY Year_of_Founded DESC,SELECT Record_Company FROM orchestra ORDER BY Year_of_Founded DESC;
orchestra,"Return the record companies of orchestras, sorted descending by the years in which they were founded.",SELECT Record_Company FROM orchestra ORDER BY Year_of_Founded DESC,SELECT Record_Company FROM orchestra ORDER BY Year_of_Founded DESC;
orchestra,What is the average attendance of shows?,SELECT avg(Attendance) FROM SHOW,SELECT AVG(Attendance) FROM show;
orchestra,Return the average attendance across all shows.,SELECT avg(Attendance) FROM SHOW,SELECT AVG(Attendance) FROM show;
orchestra,"What are the maximum and minimum share of performances whose type is not ""Live final"".","SELECT max(SHARE) ,  min(SHARE) FROM performance WHERE TYPE != ""Live final""","SELECT MAX(CAST(Share AS REAL)), MIN(CAST(Share AS REAL)) FROM performance WHERE Type != 'Live final';"
orchestra,"Return the maximum and minimum shares for performances that do not have the type ""Live final"".","SELECT max(SHARE) ,  min(SHARE) FROM performance WHERE TYPE != ""Live final""","SELECT MAX(Share), MIN(Share) FROM performance WHERE Type != 'Live final';"
orchestra,How many different nationalities do conductors have?,SELECT count(DISTINCT Nationality) FROM conductor,SELECT COUNT(DISTINCT Nationality) FROM conductor;
orchestra,Count the number of different nationalities of conductors.,SELECT count(DISTINCT Nationality) FROM conductor,SELECT COUNT(DISTINCT Nationality) FROM conductor;
orchestra,List names of conductors in descending order of years of work.,SELECT Name FROM conductor ORDER BY Year_of_Work DESC,SELECT Name FROM conductor ORDER BY Year_of_Work DESC;
orchestra,"What are the names of conductors, sorted descending by the number of years they have worked?",SELECT Name FROM conductor ORDER BY Year_of_Work DESC,SELECT Name FROM conductor ORDER BY Year_of_Work DESC;
orchestra,List the name of the conductor with the most years of work.,SELECT Name FROM conductor ORDER BY Year_of_Work DESC LIMIT 1,"SELECT Name FROM conductor ORDER BY ""Year_of_Work"" DESC LIMIT 1;"
orchestra,What is the name of the conductor who has worked the greatest number of years?,SELECT Name FROM conductor ORDER BY Year_of_Work DESC LIMIT 1,SELECT Name FROM conductor ORDER BY Year_of_Work DESC LIMIT 1;
orchestra,Show the names of conductors and the orchestras they have conducted.,"SELECT T1.Name ,  T2.Orchestra FROM conductor AS T1 JOIN orchestra AS T2 ON T1.Conductor_ID  =  T2.Conductor_ID","SELECT conductor.Name, orchestra.Orchestra FROM conductor INNER JOIN orchestra ON conductor.Conductor_ID = orchestra.Conductor_ID;"
orchestra,What are the names of conductors as well as the corresonding orchestras that they have conducted?,"SELECT T1.Name ,  T2.Orchestra FROM conductor AS T1 JOIN orchestra AS T2 ON T1.Conductor_ID  =  T2.Conductor_ID","SELECT conductor.Name, orchestra.Orchestra FROM conductor INNER JOIN orchestra ON conductor.Conductor_ID = orchestra.Conductor_ID;"
orchestra,Show the names of conductors that have conducted more than one orchestras.,SELECT T1.Name FROM conductor AS T1 JOIN orchestra AS T2 ON T1.Conductor_ID  =  T2.Conductor_ID GROUP BY T2.Conductor_ID HAVING COUNT(*)  >  1,SELECT c.Name FROM conductor c JOIN orchestra o ON c.Conductor_ID = o.Conductor_ID GROUP BY c.Conductor_ID HAVING COUNT(DISTINCT o.Orchestra_ID) > 1;
orchestra,What are the names of conductors who have conducted at more than one orchestra?,SELECT T1.Name FROM conductor AS T1 JOIN orchestra AS T2 ON T1.Conductor_ID  =  T2.Conductor_ID GROUP BY T2.Conductor_ID HAVING COUNT(*)  >  1,SELECT c.Name FROM conductor c JOIN orchestra o ON c.Conductor_ID = o.Conductor_ID GROUP BY c.Conductor_ID HAVING COUNT(DISTINCT o.Orchestra_ID) > 1;
orchestra,Show the name of the conductor that has conducted the most number of orchestras.,SELECT T1.Name FROM conductor AS T1 JOIN orchestra AS T2 ON T1.Conductor_ID  =  T2.Conductor_ID GROUP BY T2.Conductor_ID ORDER BY COUNT(*) DESC LIMIT 1,SELECT c.Name FROM conductor c JOIN orchestra o ON c.Conductor_ID = o.Conductor_ID GROUP BY c.Conductor_ID ORDER BY COUNT(o.Orchestra_ID) DESC LIMIT 1;
orchestra,What is the name of the conductor who has conducted the most orchestras?,SELECT T1.Name FROM conductor AS T1 JOIN orchestra AS T2 ON T1.Conductor_ID  =  T2.Conductor_ID GROUP BY T2.Conductor_ID ORDER BY COUNT(*) DESC LIMIT 1,SELECT c.Name FROM conductor c WHERE c.Conductor_ID = (SELECT Conductor_ID FROM orchestra GROUP BY Conductor_ID ORDER BY COUNT(*) DESC LIMIT 1)
orchestra,Please show the name of the conductor that has conducted orchestras founded after 2008.,SELECT T1.Name FROM conductor AS T1 JOIN orchestra AS T2 ON T1.Conductor_ID  =  T2.Conductor_ID WHERE Year_of_Founded  >  2008,SELECT conductor.Name FROM conductor JOIN orchestra ON conductor.Conductor_ID = orchestra.Conductor_ID WHERE orchestra.Year_of_Founded > 2008;
orchestra,What are the names of conductors who have conducted orchestras founded after the year 2008?,SELECT T1.Name FROM conductor AS T1 JOIN orchestra AS T2 ON T1.Conductor_ID  =  T2.Conductor_ID WHERE Year_of_Founded  >  2008,SELECT DISTINCT conductor.Name FROM conductor JOIN orchestra ON conductor.Conductor_ID = orchestra.Conductor_ID WHERE orchestra.Year_of_Founded > 2008;
orchestra,Please show the different record companies and the corresponding number of orchestras.,"SELECT Record_Company ,  COUNT(*) FROM orchestra GROUP BY Record_Company","SELECT Record_Company, COUNT(*) FROM orchestra GROUP BY Record_Company;"
orchestra,How many orchestras does each record company manage?,"SELECT Record_Company ,  COUNT(*) FROM orchestra GROUP BY Record_Company","SELECT Record_Company, COUNT(Orchestra_ID) FROM orchestra GROUP BY Record_Company;"
orchestra,Please show the record formats of orchestras in ascending order of count.,SELECT Major_Record_Format FROM orchestra GROUP BY Major_Record_Format ORDER BY COUNT(*) ASC,"SELECT Major_Record_Format, COUNT(*) FROM orchestra GROUP BY Major_Record_Format ORDER BY COUNT(*) ASC;"
orchestra,"What are the major record formats of orchestras, sorted by their frequency?",SELECT Major_Record_Format FROM orchestra GROUP BY Major_Record_Format ORDER BY COUNT(*) ASC,"SELECT Major_Record_Format, COUNT(*) FROM orchestra GROUP BY Major_Record_Format ORDER BY COUNT(*) DESC;"
orchestra,List the record company shared by the most number of orchestras.,SELECT Record_Company FROM orchestra GROUP BY Record_Company ORDER BY COUNT(*) DESC LIMIT 1,SELECT Record_Company FROM orchestra GROUP BY Record_Company ORDER BY COUNT(Orchestra_ID) DESC LIMIT 1;
orchestra,What is the record company used by the greatest number of orchestras?,SELECT Record_Company FROM orchestra GROUP BY Record_Company ORDER BY COUNT(*) DESC LIMIT 1,SELECT Record_Company FROM orchestra GROUP BY Record_Company ORDER BY COUNT(Orchestra_ID) DESC LIMIT 1;
orchestra,List the names of orchestras that have no performance.,SELECT Orchestra FROM orchestra WHERE Orchestra_ID NOT IN (SELECT Orchestra_ID FROM performance),SELECT o.Orchestra FROM orchestra o LEFT JOIN performance p ON o.Orchestra_ID = p.Orchestra_ID WHERE p.Orchestra_ID IS NULL;
orchestra,What are the orchestras that do not have any performances?,SELECT Orchestra FROM orchestra WHERE Orchestra_ID NOT IN (SELECT Orchestra_ID FROM performance),SELECT o.Orchestra FROM orchestra o LEFT JOIN performance p ON o.Orchestra_ID = p.Orchestra_ID WHERE p.Performance_ID IS NULL;
orchestra,Show the record companies shared by orchestras founded before 2003 and after 2003.,SELECT Record_Company FROM orchestra WHERE Year_of_Founded  <  2003 INTERSECT SELECT Record_Company FROM orchestra WHERE Year_of_Founded  >  2003,SELECT Record_Company FROM orchestra WHERE Year_of_Founded < 2003 INTERSECT SELECT Record_Company FROM orchestra WHERE Year_of_Founded > 2003;
orchestra,What are the record companies that are used by both orchestras founded before 2003 and those founded after 2003?,SELECT Record_Company FROM orchestra WHERE Year_of_Founded  <  2003 INTERSECT SELECT Record_Company FROM orchestra WHERE Year_of_Founded  >  2003,SELECT Record_Company FROM orchestra GROUP BY Record_Company HAVING MIN(Year_of_Founded) < 2003 AND MAX(Year_of_Founded) > 2003;
orchestra,"Find the number of orchestras whose record format is ""CD"" or ""DVD"".","SELECT COUNT(*) FROM orchestra WHERE Major_Record_Format  =  ""CD"" OR Major_Record_Format  =  ""DVD""","SELECT COUNT(*) FROM orchestra WHERE Major_Record_Format IN ('CD','DVD');"
orchestra,Count the number of orchestras that have CD or DVD as their record format.,"SELECT COUNT(*) FROM orchestra WHERE Major_Record_Format  =  ""CD"" OR Major_Record_Format  =  ""DVD""","SELECT COUNT(*) FROM orchestra WHERE Major_Record_Format IN ('CD','DVD');"
orchestra,Show the years in which orchestras that have given more than one performance are founded.,SELECT Year_of_Founded FROM orchestra AS T1 JOIN performance AS T2 ON T1.Orchestra_ID  =  T2.Orchestra_ID GROUP BY T2.Orchestra_ID HAVING COUNT(*)  >  1,SELECT DISTINCT orchestra.Year_of_Founded FROM orchestra WHERE orchestra.Orchestra_ID IN (SELECT Orchestra_ID FROM performance GROUP BY Orchestra_ID HAVING COUNT(Performance_ID) > 1)
orchestra,What are years of founding for orchestras that have had more than a single performance?,SELECT Year_of_Founded FROM orchestra AS T1 JOIN performance AS T2 ON T1.Orchestra_ID  =  T2.Orchestra_ID GROUP BY T2.Orchestra_ID HAVING COUNT(*)  >  1,SELECT orchestra.Year_of_Founded FROM orchestra INNER JOIN performance ON orchestra.Orchestra_ID = performance.Orchestra_ID GROUP BY orchestra.Orchestra_ID HAVING COUNT(performance.Performance_ID) > 1;
network_1,How many high schoolers are there?,SELECT count(*) FROM Highschooler,SELECT COUNT(*) FROM Highschooler;
network_1,Count the number of high schoolers.,SELECT count(*) FROM Highschooler,SELECT COUNT(*) FROM Highschooler;
network_1,Show the names and grades of each high schooler.,"SELECT name ,  grade FROM Highschooler","SELECT name, grade FROM Highschooler;"
network_1,What are the names and grades for each high schooler?,"SELECT name ,  grade FROM Highschooler","SELECT name, grade FROM Highschooler;"
network_1,Show all the grades of the high schoolers.,SELECT grade FROM Highschooler,SELECT grade FROM Highschooler;
network_1,What is the grade of each high schooler?,SELECT grade FROM Highschooler,"SELECT name, grade FROM Highschooler;"
network_1,What grade is Kyle in?,"SELECT grade FROM Highschooler WHERE name  =  ""Kyle""",SELECT grade FROM Highschooler WHERE name = 'Kyle';
network_1,Return the grade for the high schooler named Kyle.,"SELECT grade FROM Highschooler WHERE name  =  ""Kyle""",SELECT grade FROM Highschooler WHERE name = 'Kyle';
network_1,Show the names of all high schoolers in grade 10.,SELECT name FROM Highschooler WHERE grade  =  10,SELECT name FROM Highschooler WHERE grade = 10;
network_1,What are the names of all high schoolers in grade 10?,SELECT name FROM Highschooler WHERE grade  =  10,SELECT name FROM Highschooler WHERE grade = 10;
network_1,Show the ID of the high schooler named Kyle.,"SELECT ID FROM Highschooler WHERE name  =  ""Kyle""",SELECT ID FROM Highschooler WHERE name = 'Kyle';
network_1,What is Kyle's id?,"SELECT ID FROM Highschooler WHERE name  =  ""Kyle""",SELECT ID FROM Highschooler WHERE name = 'Kyle';
network_1,How many high schoolers are there in grade 9 or 10?,SELECT count(*) FROM Highschooler WHERE grade  =  9 OR grade  =  10,"SELECT COUNT(*) FROM Highschooler WHERE grade IN (9,10);"
network_1,Count the number of high schoolers in grades 9 or 10.,SELECT count(*) FROM Highschooler WHERE grade  =  9 OR grade  =  10,"SELECT COUNT(*) FROM Highschooler WHERE grade IN (9, 10);"
network_1,Show the number of high schoolers for each grade.,"SELECT grade ,  count(*) FROM Highschooler GROUP BY grade","SELECT grade, COUNT(*) FROM Highschooler GROUP BY grade;"
network_1,How many high schoolers are in each grade?,"SELECT grade ,  count(*) FROM Highschooler GROUP BY grade","SELECT grade, COUNT(ID) FROM Highschooler GROUP BY grade;"
network_1,Which grade has the most high schoolers?,SELECT grade FROM Highschooler GROUP BY grade ORDER BY count(*) DESC LIMIT 1,SELECT grade FROM Highschooler GROUP BY grade ORDER BY COUNT(*) DESC LIMIT 1
network_1,Return the grade that has the greatest number of high schoolers.,SELECT grade FROM Highschooler GROUP BY grade ORDER BY count(*) DESC LIMIT 1,SELECT grade FROM Highschooler GROUP BY grade ORDER BY COUNT(*) DESC LIMIT 1
network_1,Show me all grades that have at least 4 students.,SELECT grade FROM Highschooler GROUP BY grade HAVING count(*)  >=  4,SELECT grade FROM Highschooler GROUP BY grade HAVING COUNT(ID) >= 4;
network_1,Which grades have 4 or more high schoolers?,SELECT grade FROM Highschooler GROUP BY grade HAVING count(*)  >=  4,SELECT grade FROM Highschooler GROUP BY grade HAVING COUNT(*) >= 4;
network_1,Show the student IDs and numbers of friends corresponding to each.,"SELECT student_id ,  count(*) FROM Friend GROUP BY student_id","Okay, let's see. The user wants to find each student's ID along with the number of friends they have. The tables involved here are Highschooler and Friend.  First, I need to figure out how to count the friends for each student. The Friend table has pairs of student_id and friend_id. For each student, their friends are listed in either the student_id or friend_id column. Wait, no. Actually, the Friend table is structured such that each row represents a friendship between two students. Since the relationship is mutual, if student A is friends with student B, there's a row where student_id is A and friend_id is B, and another where student_id is B and friend_id is A? Or is it stored as a single entry? Wait, no. The primary key is (student_id, friend_id), so each friendship is stored once. For example, if A is friends with B, there's a single row where student_id is A and friend_id is B. But since friendship is mutual, maybe the table is designed such that each pair is stored once, not twice. So to count friends, we need to count how many times a student appears in either the student_id or the friend_id column.  Wait, no. Let me think again. The Friend table's primary key is (student_id, friend_id), and each entry represents a directed relationship. But in reality, friendship is mutual. However, the way the table is structured, if you have a row (A, B), then in terms of the data, it's possible that (B, A) is not present. But perhaps the data is designed such that each friendship is stored once. However, for the purpose of counting friends, each student's friends are listed in both columns. For example, if A is friends with B, then in the Friend table, there's a row where student_id is A and friend_id is B. So A has B as a friend, and B has A as a friend? Or is there another row for B to A? Probably not. Because the primary key is (student_id, friend_id), so if you have (A,B), you can't have (B,A) unless they are different entries. But the way the table is set up, each friendship is represented once. So to count the number of friends for each student, we need to count how many times they appear in either the student_id or the friend_id column. Because if a student is in the student_id column, they have a friend in friend_id. But also, if they are in the friend_id column, that means someone else has them as a friend. But since friendship is mutual, each friendship is represented once. Wait, but if the Friend table only has one entry (A,B), then when you count friends for A, you count B. For B, you need to count how many friends they have, which would include A. But since the entry is only once, how do you get B's friends? Well, the way to count friends for each student is to count all entries where the student is either the student_id or the friend_id, but then divide by 1 because each friendship is represented once. Wait, no. Let me think again. Each friendship is a pair (A,B), which means A is friends with B and B is friends with A. But in the Friend table, it's stored as a single entry. Therefore, for each student, the number of friends is the number of times they appear in either column. For example, if a student has ID 1, and they are friends with 2, 3, and 4, then there would be three entries where student_id is 1 (friend_id 2, 3, 4), and thus in the friend_id column, 1 would appear when others have them as friends. But if the data is structured such that each friendship is stored once (so (A,B) is stored once, not twice), then to count the total friends for a student, you need to count how many times they appear in the student_id column plus how many times they appear in the friend_id column. Wait, no. Because if (A,B) is stored once, then A's friends include B, and B's friends include A. So for A, the count in student_id would be how many friends they have. But for B, their friends would include A, which is stored in the friend_id column. But that would mean that for each friendship, it's counted once for each direction. But that's not the case. Let me take an example. Suppose there are two friends, A and B. The Friend table has one row: (A, B). Now, for A, how many friends do they have? 1 (B). For B, how many friends do they have? 1 (A). But in the Friend table, B is in the friend_id column once. So to count all friends for each student, regardless of which column they are in, we need to consider both columns. Therefore, the correct approach is to take all instances where the student's ID is in either column and count them, but since each friendship is represented once, we need to count both occurrences. Wait, but that would double count. No, because if you have (A,B), then A's friend count is incremented by 1 (as student_id), and B's friend count is incremented by 1 (as friend_id). But how do we get that from the table? For example, if we want to find the friend count for each student, we need to count how many times their ID appears in either column. However, each friendship is represented once, so for each friendship, two entries are effectively counted (A is friend of B, and B is friend of A) but stored as one row. Wait, no. If the Friend table only has (A,B) once, then when you look for friends of A, you look in the friend_id where student_id is A. For friends of B, you look in friend_id where student_id is B. But if the friendship is stored as (A,B), then B's friends would not be in the same column. Therefore, perhaps the Friend table is designed such that each friendship is stored once, and to get all friends of a student, you need to look in both columns. Wait, no. Let me think again. Suppose the Friend table is a list of all friendships. For example, if A is friends with B, then there is a row (A,B) and also (B,A)? Or is there only one row? The primary key is (student_id, friend_id), so if you insert (A,B), you can't insert (B,A) because that's a different primary key. But if the data is designed such that each friendship is stored once, then for each friendship between two students, there is only one row. Therefore, to find all friends of a student, you need to look in both columns. For example, if you want to find all friends of A, you look at all friend_id where student_id is A (those are the friends A added) and also all student_id where friend_id is A (those who have A as a friend). But that would require a union. However, if the data is designed such that each friendship is stored in both directions, then you can just count the number of rows where student_id is the given ID. But the problem statement doesn't specify that. So given the schema, how should we proceed?  The correct approach here is to consider that each friendship is represented once in the Friend table. Therefore, to count the number of friends for each student, we need to count how many times their ID appears in either the student_id or the friend_id column. However, since each friendship is represented once, each occurrence in either column represents a unique friendship. For example, if a student is in the student_id column, that's one friend. If they are in the friend_id column, that's another friend. Wait, no. Let me think again. Suppose student X has friends Y and Z. Then the Friend table would have (X,Y) and (X,Z). So for X, the count is 2. For Y, their friends include X, so they have (Y, ...) entries. But if the Friend table only has (X,Y), then Y's friends would not include X unless there's another entry. But that's not the case. Therefore, the Friend table must have entries for each direction. Wait, no. If the Friend table is designed to store each friendship once, then (X,Y) implies that X and Y are friends. Therefore, when you want to find all friends of X, you look for all friend_id where student_id is X. And for all friends of Y, you look for all friend_id where student_id is Y, which would include X if (Y,X) is present. But if the Friend table only has (X,Y), then Y's friends would not include X unless there's another entry. Therefore, perhaps the Friend table is designed such that each friendship is stored in both directions. But that's not the case here. The primary key is (student_id, friend_id), so inserting (X,Y) and (Y,X) would be two separate entries. Therefore, the Friend table could have both entries, but it's not required. Therefore, the problem is that the Friend table may not have mutual entries. However, logically, friendship is mutual, so the data should have both entries. But since the problem doesn't specify that, we can't assume that. Therefore, to accurately count the number of friends each student has, regardless of how the data is stored, we need to count all instances where the student is either the student_id or the friend_id. But since each friendship is represented once, if we count both columns, we would be"
network_1,How many friends does each student have?,"SELECT student_id ,  count(*) FROM Friend GROUP BY student_id","SELECT statement that counts for each ID in Highschooler, the number of times they appear in Friend as either student_id or friend_id. But wait, that would count each friendship once. For example, if A is friends with B, then A's count includes that row (as student_id), and B's count includes that row (as friend_id). So each friendship is counted once. Therefore, the total friends for each student is the number of times they appear in either column. Therefore, the SQL query would be to select the ID from Highschooler, and then count the number of rows in Friend where the ID is either student_id or friend_id. But how to do that? Because we need to aggregate over the Friend table. So perhaps we can do a LEFT JOIN between Highschooler and Friend, but that's not the right approach. Alternatively, we can create two counts: one for when the student is the student_id, and one for when they are the friend_id, and sum them. But since each friendship is stored once, adding them would give the correct count. For example, if A is friends with B, then in the Friend table, there's a row (A,B). So when we count for A, the number of times A is in student_id (1) plus the number of times A is in friend_id (0) equals 1. For B, it's 0 + 1 = 1. So total friends is 1 each, which is correct. Therefore, the correct approach is to do a query that for each student, counts the number of times they appear in student_id plus the number of times they appear in friend_id. But since we can't do two separate counts and add them, perhaps we can use a UNION ALL of the student_id and friend_id columns, then count. Alternatively, we can use a CASE statement. But perhaps the easiest way is to do a GROUP BY on the combined list of student_id and friend_id. For example:  SELECT student_id, COUNT(*) AS friend_count FROM (     SELECT student_id FROM Friend     UNION ALL     SELECT friend_id FROM Friend ) AS all_friends GROUP BY student_id;  But wait, this would count for each student_id in the subquery. But the student_id here comes from both the student_id and friend_id columns. So this approach would count all occurrences where the student is either in the student_id or friend_id column, which is correct. However, we need to make sure that each occurrence represents a unique friend. For example, if a student has multiple friends, this would count each row. But since each row in the Friend table represents a unique friend relationship, this should work. Therefore, this approach would give the correct count. However, we need to make sure that the student_id in the subquery is actually the ID of the student whose friends we are counting. Wait, no. The subquery combines all student_id from Friend (which represents the student's friend as friend_id) and all friend_id (which represents the student as the friend of someone else). Wait, no. The subquery is taking all student_id from Friend (each row's student_id is the one who has a friend) and all friend_id (each row's friend_id is the one who is a friend of someone). So when we do a UNION ALL, we get all the IDs of students in both roles. Then, grouping by student_id and counting would give the total number of times they appear in either column, which is the total number of friends. So this approach should work. However, the problem is that the Friend table may not have all students. For example, a student who has no"
network_1,Show the names of high school students and their corresponding number of friends.,"SELECT T2.name ,  count(*) FROM Friend AS T1 JOIN Highschooler AS T2 ON T1.student_id  =  T2.id GROUP BY T1.student_id","SELECT ID, COUNT(*) as friend_count FROM (     SELECT student_id as ID FROM Friend     UNION ALL     SELECT friend_id as ID FROM Friend ) GROUP BY ID;  But then, for each row in Friend, we have two entries in the combined list (student_id and friend_id). Wait, no. For each row (X,Y), we add X and Y to the list. Then, when we group by ID, the count would be the total number of friends. For example, if X is friends with Y and Z, then there are two rows in Friend: (X,Y) and (X,Z). Then, in the combined list, X appears twice (as student_id) and Y and Z once each. But also, if there are other rows where X is in friend_id, like (A,X), then X would appear again. So, the total count would be the number of friends. So this approach would work. Then, we can join this result with the Highschool"
network_1,What are the names of the high schoolers and how many friends does each have?,"SELECT T2.name ,  count(*) FROM Friend AS T1 JOIN Highschooler AS T2 ON T1.student_id  =  T2.id GROUP BY T1.student_id","SELECT h.name, COUNT(*) AS friend_count FROM Highschooler h LEFT JOIN Friend f ON h.ID = f.student_id OR h.ID = f.friend_id GROUP BY h.ID;  Wait, but that would count each friendship twice. For example, if (A,B) is in the Friend table, then when joining on h.ID = f.student_id OR h.ID = f.friend_id, for student A, it would include the row (A,B) as h.ID = f.student_id, and for student B, it would include the same row as h.ID = f.friend_id. But if the Friend table has (A,B) and (B,A), then each would count two entries. But if the Friend table only has (A,B), then for student A, it would count 1 (as student_id), and for student B, it would count 1 (as friend_id). So the total count would be correct. However, using OR in the JOIN condition might lead to duplicate rows. For example, if a student is friends with multiple people, but how? Let me think. Suppose Friend has (A,B) and (A,C). Then for student A, joining on h.ID = f.student_id would get both entries. For student B, joining on h.ID = f.student_id OR h.ID = f.friend_id would include (A,B) as h.ID = f.student_id (if h is B, then B is not equal to A, but B is equal to B in friend_id? Wait, no. Let me rephrase. Suppose h is a Highschooler with ID = A. Then joining on h.ID = f.student_id OR h.ID = f.friend_id would include all Friend rows where A is either the student_id or friend_id. But if the Friend table has (A,B), then h.ID = A would match f.student_id. If the Friend table has (B,A), then h.ID = A would match f.friend_id. So, if the Friend table has both entries, then the join would include both. But if the Friend table only has one entry, it would include that. However, this approach would count each friendship twice if both entries exist. For example, if (A,B) and (B,A) are both present, then for student A, the join would count both entries, leading to a count of 2 for A, but in reality, they are the same friendship. Therefore, this approach would overcount if the Friend table contains both entries. But according to the schema, the primary key is (student_id, friend_id), so if both (A,B) and (B,A) are present, they are two distinct entries. However, in reality, this is redundant. So perhaps the Friend table is designed to have only one entry per friendship, and the data is stored such that each friendship is represented once. Therefore, the correct way to count friends is to count how many times the student's ID appears in either the student_id or friend_id columns, but without double-counting. Wait, but how? For"
network_1,What is the name of the high schooler who has the greatest number of friends?,SELECT T2.name FROM Friend AS T1 JOIN Highschooler AS T2 ON T1.student_id  =  T2.id GROUP BY T1.student_id ORDER BY count(*) DESC LIMIT 1,"SELECT student_id AS person_id FROM Friend UNION ALL SELECT friend_id AS person_id FROM Friend  Then, group by person_id and count:  SELECT person_id, COUNT(*) AS friend_count FROM (     SELECT student_id AS person_id FROM Friend     UNION ALL     SELECT friend_id AS person_id FROM Friend ) GROUP BY person_id ORDER BY friend_count DESC LIMIT 1;  Then, take that person_id and get the name from Highschooler.  So, putting it all together:  SELECT h.name FROM Highschooler h JOIN (     SELECT person_id, COUNT(*) AS friend_count     FROM (         SELECT student_id AS person_id FROM Friend         UNION ALL         SELECT friend_id AS person_id FROM Friend     )     GROUP BY person_id     ORDER BY friend_count DESC     LIMIT 1 ) AS sub ON h.ID = sub.person_id;  But wait, what if there are multiple students with the same maximum number of friends? The LIMIT 1 might not be reliable, but the question says ""the high schooler"", implying there's one. But if there are multiple, this would pick one. However, the problem says ""the greatest number of friends"", so perhaps there's only one. The question doesn't specify handling ties, so proceed as such.  Alternatively, another approach is to count friends by considering each student's friends. For example, for each student, count how many friends they have. But how?  Another way: For each student, the number of friends is the number of friends in the Friend table where they are the student_id, plus the number where they are the friend_id. Wait, no. Because if the friendship is stored once, then for a student, their friends are in both columns. For example, if a student has friends A, B, C, then in the Friend table, there would be rows where they are the student_id (for A, B, C) and possibly rows where others are the student_id and they are the friend_id. Wait, no. If the student is the one who added the friend, then their student_id is in the student_id column. But if another student added them as a friend, then their ID is in the friend_id column. However, each friendship is stored once. So, for a student, the number of friends is the number of rows where they are in either column. But if the friendship is stored once, then each friend is counted once. Wait, no. Let me think again. Suppose student X has friends Y and Z. Then, in the Friend table, there would be (X,Y) and (X,Z). So, X's friend count is 2. But if another student W is friends with X, then there would be a row (W,X). So, X's friend count is"
network_1,Return the name of the high school student with the most friends.,SELECT T2.name FROM Friend AS T1 JOIN Highschooler AS T2 ON T1.student_id  =  T2.id GROUP BY T1.student_id ORDER BY count(*) DESC LIMIT 1,"Okay, let's see. The user wants the name of the high school student with the most friends. So, I need to figure out how to count the number of friends each student has and then find the one with the highest count.  First, the Friends table has student_id and friend_id. Each row represents a friendship. But since friendships are mutual, I need to make sure I'm counting each student's friends correctly. Wait, but in the Friends table, each pair is unique, and the primary key is (student_id, friend_id). So for each student, their friends are listed as friend_id in the Friends table where student_id is them. Also, maybe there's no need to worry about duplicates because the primary key ensures that each pair is unique. So, for each student, the number of friends is the count of rows where they are the student_id in the Friends table.  But wait, maybe some students have friends listed in both directions? No, because the primary key would prevent that. For example, if student A is friends with student B, then there's a row (A, B) and not (B, A) unless they are added as a separate entry. Wait, no, in a typical design, friendships are mutual. So maybe the Friends table includes both directions? Or does it store each friendship once? For example, if A is friends with B, the table might have (A, B) and (B, A)? Or just one entry?  Hmm, the way the table is structured, the primary key is (student_id, friend_id). So if you have a row where student_id is A and friend_id is B, there can't be another row with student_id A and friend_id B. But there could be a row with student_id B and friend_id A. But that would be a separate entry. However, in reality, a friendship is mutual. So perhaps the table is designed such that each friendship is stored once, but the way to count friends is to count all entries where the student is either in student_id or friend_id? No, that doesn't make sense. Wait, no. Let me think again.  The Friend table is structured so that each row represents a directed friendship. For example, if student 1 is friends with student 2, there's a row (1,2) and also a row (2,1)? Or is it just one row? Because if it's one row, then when you count friends for each student, you just count how many rows have their ID in the student_id column. But if the friendship is stored once (like only (1,2) exists), then student 1 has friend 2, and student 2 has friend 1. But if the table doesn't have (2,1), then when counting friends, each student's friend count would be the number of times they appear in friend_id (as someone else's friend) plus the number of times they appear in student_id (as having friends). Wait, no. Because if the friendship is mutual, but stored as a single entry, then each student would have one entry. But the way the table is set up, the primary key is (student_id, friend_id). So if you have (1,2), you can't have (2,1) because that would be a different primary key. So perhaps the table is designed to have both entries. For example, when a friendship is created, both directions are added. But that's an application-level decision, not enforced by the database. The database allows both entries. But maybe the application ensures that if (A,B) exists, then (B,A) also exists. However, for the purpose of counting friends, we need to count each unique friend once. So for a student, their friends are all the friend_id entries where their ID is the student_id. Because if the application maintains both directions, then counting the number of friends for a student would be the count of rows where they are the student_id. Alternatively, if the application doesn't maintain both directions, then we would need to count both columns. But given that the primary key is (student_id, friend_id), and there's no unique constraint on the pair in the other direction, I think that each friendship is stored once, with student_id being the initiator. But that's not necessarily the case.   But regardless, for the problem, the Friend table's structure is as given. So to count the number of friends each student has, we can look at all entries in the Friend table where the student is either the student_id or the friend_id. Wait, no. Because if the friendship is stored as a single entry (A,B), then both A and B have each other as friends. So for counting friends, each student's friend count is the number of times they appear in either student_id or friend_id. But that would count each friendship twice. Wait, no. For example, if (A,B) is in the table, then A has B as a friend, and B has A as a friend. But if the table only has (A,B), then when counting friends for A, we look at friend_id where student_id is A. For B, we look at friend_id where student_id is B. But if there's no (B,A) entry, then B's friend count would not include A unless we also look at the cases where B is in the friend_id column of another row. Wait, maybe I'm overcomplicating. Let's think of the Friend table as a list of all the friendships. Each row represents a directed friendship, but in reality, friendships are mutual. However, the data might not have both directions. For example, if A is friends with B, there might be a row (A,B) but not (B,A). Therefore, to count the total friends for each student, we need to count all instances where the student is either the student_id or the friend_id. But then, each friendship would be counted twice (once for each direction), but if only one direction exists, then it's counted once. However, that's not correct. For example, if there's a row (A,B), then A has B as a friend, and B has A as a friend. But if the table only has (A,B), then when we count friends for A, we count 1 (from friend_id B where student_id is A). For B, we need to count how many friends they have. If there's no row (B,A), then B's friend count would be zero unless we also consider rows where B is in the friend_id column. Wait, no. The Friend table's friend_id is the friend's ID. So for B, their friends are all the friend_ids where student_id is B. If there's no row (B, ...), then B has no friends. But if there's a row (A,B), then B is a friend of A, but B's friends would be in rows where student_id is B. So unless there's a row (B, ...), B's friends are not recorded. Therefore, this suggests that the Friend table is designed such that each friendship is stored in both directions. For example, if A is friends with B, then there are two rows: (A,B) and (B,A). Therefore, when counting friends for a student, we can count the number of rows where their ID is in the student_id column. Because each friendship is represented once for each direction. Therefore, the correct way to count friends is to count the number of rows in the Friend table where the student's ID is the student_id. Because each friendship is stored twice, but that's not necessarily the case. However, given that the primary key is (student_id, friend_id), and there's no constraint preventing a friendship from being unidirectional, perhaps the correct approach is to count all instances where the student is either in student_id or friend_id, but then divide by 1 to avoid double-counting. Wait, but how?  Alternatively, perhaps the Friend table is designed such that each friendship is stored once, and the application ensures that if (A,B) exists, then (B,A) also exists. But that's not enforced by the database. Therefore, for the purpose of this problem, we can assume that each friendship is stored once, and that each student's friends are listed in the friend_id column where their ID is the student_id. Therefore, to count the number of friends each student has, we can count the number of rows in the Friend table where the student's ID is the student_id. Because that would represent the friends they have. For example, if A has friends B and C, then there are rows (A,B) and (A,C). Therefore, the count for A is 2. But if there's no row (B,A), then B's friends would include A only if there's a row where student_id is B and friend_id is A. But that's not the case here. Therefore, perhaps the Friend table is designed to have each friendship stored once, and the count of friends for a student is the number of times they appear in either student_id or friend_id, but each friendship is counted once. Wait, no. Let me think again. If the Friend table is a list of all mutual friendships, then each friendship is represented once. For example, if A and B are friends, then there's a row (A,B) and (B,A). But that would require two rows. However, if the application only inserts one row, then the count would be wrong. But since the problem is about counting friends, perhaps the correct approach is to count all friend_id entries where the student is the student_id, plus all instances where the student is in the friend_id. But that would count each friendship twice. For example, if (A,B) exists, then A's friends include B"
network_1,Show the names of high schoolers who have at least 3 friends.,SELECT T2.name FROM Friend AS T1 JOIN Highschooler AS T2 ON T1.student_id  =  T2.id GROUP BY T1.student_id HAVING count(*)  >=  3,"SELECT student_id, COUNT(*) AS friend_count FROM (     SELECT student_id FROM Friend     UNION ALL     SELECT friend_id FROM Friend ) GROUP BY student_id;  But wait, no. Because if you have (A,B) in Friend, then the subquery would have A from student_id and B from friend_id. Then grouping by student_id and counting would give for A, the number of times they are in student_id or friend_id. Wait, no. The subquery would be a list of all student_ids and friend_ids. Then grouping by student_id and counting the total would give the total number of friends. For example, if A is friends with B and C, then in the Friend table, there's (A,B) and (A,C). The subquery would have A (from student_id in Friend) and B (from friend_id in Friend for the first entry), and A (from student_id again for the second entry), and C (from friend_id). But if we do a UNION ALL, then the subquery would have A, B, A, C. Then grouping by student_id (which is the column from the subquery) would group A's entries (two) and count them as 2, which is correct. But if someone else's friend_id is A, like if there's an entry (B,A), then in the subquery, we would have B (student_id) and A (friend_id). Then in the subquery, the friend_id would be A. So when we do the union of student_id and friend_id, the subquery would include all the student_ids and friend_ids. But then, when grouping by the student_id (which is the column in the subquery?), wait, no. Wait, the subquery is selecting student_id from Friend and friend_id from Friend. Then, when you do the union all, you"
network_1,What are the names of high schoolers who have 3 or more friends?,SELECT T2.name FROM Friend AS T1 JOIN Highschooler AS T2 ON T1.student_id  =  T2.id GROUP BY T1.student_id HAVING count(*)  >=  3,"Okay, let's see. The user wants the names of high schoolers who have 3 or more friends. So, I need to work with the Highschooler and Friend tables.  First, the Friend table has student_id and friend_id. Each row represents a friendship. But since friendships are mutual, I need to make sure I'm counting correctly. Wait, but the question is about how many friends each student has. So for each student, count how many times they appear in the student_id column of the Friend table. But also, maybe they appear in the friend_id column as friends of others? No, wait, the Friend table is a list of pairs where student_id is friends with friend_id. So for a given student, their friends are in both columns. So to count the number of friends for a student, I need to count all entries where they are either the student_id or the friend_id? No, wait, no. Because each friendship is stored once. For example, if Alice is friends with Bob, the entry is (Alice's ID, Bob's ID). But Bob's friendship with Alice is represented in the same row. So to count the number of friends for each student, we need to count how many times their ID appears in the student_id column (they are the one who has the friend) plus how many times they appear in the friend_id column (others have them as a friend). Wait, no. Wait, each friendship is stored once. So if Alice and Bob are friends, then in the Friend table there's one entry: (A, B). So when counting friends for Alice, she has 1 friend (Bob), and Bob has 1 friend (Alice). So to count friends for each student, we need to count how many times their ID appears in either column. But since each friendship is stored once, adding both columns would count each friendship once for each participant. So for example, the total count for Alice would be the number of times her ID is in student_id (number of friends she's added) plus the number of times it's in friend_id (friends added to her). But since each friendship is a single entry, the total friends for a student is the count of all rows where student_id is them or friend_id is them? No, wait. Let me think again. Suppose student X has friends Y, Z. Then Friend table would have (X,Y), (X,Z). Also, if the friendship is mutual, maybe there's (Y,X), but I think in this schema, it's probably stored as a single entry. For example, if the Friend table is such that (student_id, friend_id) is a pair where the student has that friend. So if Alice is friends with Bob, then there's an entry (A,B), and since friendship is mutual, there's also (B,A)? Or is it stored as a single entry? The primary key is (student_id, friend_id), so if it's mutual, then both (A,B) and (B,A) would be separate entries. But that would double count. Alternatively, maybe the table is designed so that each friendship is stored once, perhaps with student_id < friend_id to avoid duplicates. But the problem statement doesn't specify that. So I need to assume that the Friend table may have entries in both directions. However, for counting the number of friends, each student's friends are listed in the friend_id column where student_id is them. Wait, the Friend table's student_id is the ID of the student, and friend_id is their friend. So if a student has multiple friends, there would be multiple rows with the same student_id and different friend_ids. But if the friendship is mutual, then another row would exist with student_id as the friend's ID and friend_id as the original student's ID. However, when counting how many friends a student has, we should only count the number of rows where they are the student_id, because each row represents a friend they have. Wait, no. Suppose Alice (ID 1) is friends with Bob (ID 2). Then the Friend table would have (1,2) and (2,1) if it's mutual. But if we count for Alice, how many friends she has, we look at how many rows have her ID as student_id. That would be 1 (the row (1,2)), and Bob's count would be 1 (row (2,1)). But that would mean that each friendship is represented twice, once for each direction. However, in reality, a friendship is a single relationship. Therefore, if we count all rows where the student_id is the person, then their friend count is correct. But if the Friend table only stores each friendship once, say only (1,2) and not (2,1), then when counting friends for Bob, we need to look in both columns. But the problem's schema doesn't specify this.   This is a critical point. The Friend table's primary key is (student_id, friend_id), which implies that each pair is unique. But if the friendship is mutual, then both (A,B) and (B,A) would be present. However, if the table is designed to store each friendship only once, perhaps with student_id < friend_id, then each friendship is stored once. Without knowing the exact design, we have to assume that the Friend table may have entries in both directions. However, for the purpose of counting friends, each student's friends are listed in the friend_id column for their student_id. Therefore, to count the number of friends a student has, we can count the number of rows where their ID is the student_id. Because if the friendship is mutual, then the friend would also have a row where their student_id is the friend's ID and the friend_id is the original student's ID. But for the original student, their friends are in the friend_id column of rows where their student_id is them. Therefore, the correct approach is to count, for each student, how many times they appear as student_id in the Friend table. Because each row represents a friend they have.   Wait, but if the Friend table only has entries where student_id is the one who initiated the friendship, but that's not how friendships work. Friendships are mutual. Therefore, the Friend table is likely designed such that each friendship is stored once. For example, if Alice and Bob are friends, there's a single entry (A,B) and (B,A) is not present. Or perhaps the Friend table is designed to have each friendship stored once, but the way the data is structured, for each student, their friends are listed in the friend_id column. Therefore, to count the number of friends for a student, we can count the number of rows in the Friend table where student_id is that student.   Therefore, the approach is to join Highschooler with Friend on Highschooler.ID = Friend.student_id, group by student_id, count the number of friends. Then filter where the count is >=3.   But wait, what if a student has friends listed in both student_id and friend_id? For example, if another student added them as a friend. But according to the Friend table's structure, each friendship is represented as (student_id, friend_id). So if student X is friends with Y and Z, then there would be entries (X,Y), (X,Z). If Y is also friends with X, then there would be (Y,X), but that would be a separate entry. However, when we count friends for X, we only count the entries where student_id is X. Because those are the friends that X has. The entries where X is in friend_id would be friends of other students.   Therefore, the correct way is to count the number of friends each student has by counting the number of rows in Friend where student_id is the student's ID.   So the steps are:  1. Join Highschooler with Friend on Highschooler.ID = Friend.student_id.  2. Group by Highschooler.ID.  3. Count the number of friends per student.  4. Select those with count >=3.  But wait, what if a student has friends added by others? For example, if another student adds them as a friend. But according to the Friend table's structure, if student A is friends with B, then there should be an entry (A,B) and also (B,A)? Or is it only one entry?   This is a key point. If the Friend table is designed such that if A is friends with B, then both (A,B) and (B,A) are present, then counting all rows where the student's ID is in either student_id or friend_id would be necessary. But if it's only stored once, then counting only student_id would undercount.   But the problem's schema doesn't specify this. However, looking at the primary key and foreign keys, the Friend table has foreign keys referencing Highschooler(ID) for both student_id and friend_id. So it's possible that the Friend table is designed to have mutual friendships stored as two separate entries. For example, when A adds B as a friend, an entry (A,B) is added, and when B adds A, another entry (B,A) is added. However, this would be redundant. Alternatively, the Friend table is designed to have each friendship stored once, and the (student_id, friend_id) is a directed edge. But in reality, friendships are mutual.   But the problem says ""Friend"" table represents friendships. So perhaps the Friend table is designed such that if A is friends with B, then both (A,B) and (B,A) are present. However, that would be redundant. Alternatively, the Friend table is designed to have each friendship stored once, perhaps with student_id < friend_id to avoid duplicates.   But without knowing the exact design, perhaps the correct approach is"
network_1,Show the names of all of the high schooler Kyle's friends.,"SELECT T3.name FROM Friend AS T1 JOIN Highschooler AS T2 ON T1.student_id  =  T2.id JOIN Highschooler AS T3 ON T1.friend_id  =  T3.id WHERE T2.name  =  ""Kyle""",SELECT H2.name FROM Highschooler H1 JOIN Friend F ON H1.ID = F.student_id JOIN Highschooler H2 ON F.friend_id = H2.ID WHERE H1.name = 'Kyle'
network_1,Return the names of friends of the high school student Kyle.,"SELECT T3.name FROM Friend AS T1 JOIN Highschooler AS T2 ON T1.student_id  =  T2.id JOIN Highschooler AS T3 ON T1.friend_id  =  T3.id WHERE T2.name  =  ""Kyle""",SELECT H2.name FROM Highschooler H1 JOIN Friend ON H1.ID = Friend.student_id JOIN Highschooler H2 ON Friend.friend_id = H2.ID WHERE H1.name = 'Kyle'
network_1,How many friends does the high school student Kyle have?,"SELECT count(*) FROM Friend AS T1 JOIN Highschooler AS T2 ON T1.student_id  =  T2.id WHERE T2.name  =  ""Kyle""",SELECT COUNT(*) FROM Friend WHERE student_id = (SELECT ID FROM Highschooler WHERE name = 'Kyle') OR friend_id = (SELECT ID FROM Highschooler WHERE name = 'Kyle')
network_1,Count the number of friends Kyle has.,"SELECT count(*) FROM Friend AS T1 JOIN Highschooler AS T2 ON T1.student_id  =  T2.id WHERE T2.name  =  ""Kyle""","SELECT COUNT(*) FROM Friend WHERE student_id = (SELECT ID FROM Highschooler WHERE name = 'Kyle') OR friend_id = (SELECT ID FROM Highschooler WHERE name = 'Kyle');  But wait, this would count all rows where Kyle is in either column. However, if there's a row where both student_id and friend_id are Kyle, which is impossible because of the primary key constraint (since student_id and friend_id would be same, but the primary key is the pair, so if student_id equals friend_id, that would require that the pair (x,x) is unique. However, the"
network_1,Show ids of all students who do not have any friends.,SELECT id FROM Highschooler EXCEPT SELECT student_id FROM Friend,SELECT ID FROM Highschooler WHERE ID NOT IN (SELECT student_id FROM Friend UNION SELECT friend_id FROM Friend)
network_1,What are the ids of high school students who do not have friends?,SELECT id FROM Highschooler EXCEPT SELECT student_id FROM Friend,SELECT ID FROM Highschooler WHERE ID NOT IN (SELECT student_id FROM Friend UNION SELECT friend_id FROM Friend)
network_1,Show names of all high school students who do not have any friends.,SELECT name FROM Highschooler EXCEPT SELECT T2.name FROM Friend AS T1 JOIN Highschooler AS T2 ON T1.student_id  =  T2.id,"SELECT Highschooler.name FROM Highschooler LEFT JOIN Friend ON Highschooler.ID = Friend.student_id WHERE Friend.student_id IS NULL;  But wait, what if a student is a friend of someone else? For example, if student A is friends with student B, then Friend has (A, B) and (B, A)? No, the Friend table is a primary key on (student_id, friend_id), but it's possible that the relationship is mutual, but the table might not enforce that. However, the problem says that the primary key is (student_id, friend_id), so each pair is unique. But if a student has no friends, then there are no entries where they are the student_id. Even if they are a friend_id in someone else's entry. So, for example, if student C is a friend of student D (Friend entry D, C), then student C's entry would have a friend. So, the LEFT JOIN approach would check if the student is in the student_id column of Friend. If not, then they have no friends.  Yes. So students who are not in the student_id column of Friend have zero friends, regardless of whether they appear in the friend_id column. Because having friends would require that their own student_id is in the student_id column (as the initiator of the friendship). Unless the friendship is mutual, but that's not required here. So the correct approach is to find all students not present in the student_id column of Friend.  Another approach is using NOT IN:  SELECT name FROM Highschooler WHERE ID NOT IN (SELECT student_id FROM Friend);  But what if a student is in the friend_id column but not in student_id? That would mean someone else is their friend. But according to the problem, the Friend table's foreign key constraints ensure that both student_id and friend_id reference Highschooler.ID. So, if a student is in the friend_id column, it means someone else has them as a friend. But that student would still have a friend (they are friends with someone else). Wait, but if student X is friends with Y, then Friend has (X,Y) and (Y,X)? Or does it depend on how the data is entered? The Friend table allows for one-way friendships. For example, if (X,Y) exists but not (Y,X), then X has Y as a friend, but Y does not have X as a friend. So, in that case, Y has no friends unless they have other entries. But for the problem, the question is about students who have no friends. So if a student is in the friend_id column but not in the student_id column, then they have at least one friend (the person who added them). Therefore, the students who have no friends are those who are not in the student_id column of Friend. Because if they were in the friend_id column, someone is their friend, but they themselves have a friend (the one who added them). Wait, no. Wait, if a student is in the friend_id column, that means someone else has them as a friend. But for the student themselves, their own friends are listed in the friend_id column where their ID is the student_id. So, if a student's ID is not present in the student_id column of Friend, that means no one has them as a friend. But they might be in the friend_id column, meaning they have friends. Wait, no. Let me clarify:  The Friend table's student_id is the ID of the student who is the friend. So, if student A is friends with student B, then there's an entry (A, B) in Friend. So, for student B, if they have no friends, then there's no entry where student_id is B. But if student B is a friend of A, then in the Friend table, there's (A, B). So, student B has a friend (A), because A has B as a friend. Wait, no. The Friend table represents that the student_id has the friend friend_id. So, if A is friends with B, then Friend has (A, B). But if B is friends with A, then Friend also has (B, A). Unless the friendship is mutual, but the data might not be. So, if a student is in the friend_id column, but their own student_id is not in the student_id column, that means someone else has them as a friend. But they themselves have no friends (i.e., they haven't added anyone). But if someone added them as a friend, then they have at least one friend. Wait, but in reality, friendships are mutual. But according to the schema, it's possible to have one-way friendships. For example, if (A, B) exists but not (B, A). Then, according to the Friend table, A has B as a friend, but B does not have A as a friend. But in reality, if B is a friend of A, then A is a friend of B. However, the Friend table might not enforce that. So, according to the Friend table's structure, the data could have one-way friendships. But the problem's question is about students who do not have any friends. So, if a student is in the friend_id column, that means someone else has them as a friend. But according to the Friend table's definition, that would mean that they have at least one friend. However, according to the Friend table's structure, if a student is in the friend_id column, but their own student_id is not in the student_id column, then they have no friends (they are friends of others, but they have no friends of their own). Wait, no. If they are in the friend_id column, that means someone else has them as a friend. So, they have at least one friend (the person who added them). But according to the Friend table's structure, the student's own friends are listed in the friend_id column when their student_id is in the student_id column. So, if a student's ID is not in the student_id column, then they have no friends (they haven't added anyone). But if their ID is in the friend_id column, that means someone has them as a friend. But that doesn't mean they have friends themselves. For example, if student C is in the friend_id column because student D has them as a friend. So, student C has a friend (D), but if student C has no entries in student_id, then according to the Friend table, student C has no friends (they haven't added anyone). But they are friends with D. This is a bit ambiguous. How does the Friend table represent friendships? Is it that if (A, B) exists, then A is friends with B? Or is it that A has B as a friend, but B may or may not have A as a friend?  The problem's Friend table is defined as a pair (student_id, friend_id), and the primary key is both columns. So, if (A, B) exists, then A is friends with B. But if (B, A) does not exist, then B is not friends with A. However, in reality, friendships are mutual. But the Friend table may not enforce that. So, according to the Friend table, the presence of (A, B) means that A considers B a friend, but B may not consider A a friend. Therefore, for the purpose of this problem, the question is: a student has friends if there exists any entry in Friend where their ID is in either student_id or friend_id? Or only when their ID is in the friend_id of some entry where they are the student_id?  The question says ""do not have any friends"". So, if a student is not in the student_id column of Friend, that means they have not added anyone as a friend. But if they are in the friend_id column, someone has added them as a friend. So, do they have friends? Well, if the friendship is considered mutual, then yes. But according to the Friend table's structure, it's possible that only"
network_1,What are the names of students who have no friends?,SELECT name FROM Highschooler EXCEPT SELECT T2.name FROM Friend AS T1 JOIN Highschooler AS T2 ON T1.student_id  =  T2.id,"SELECT name FROM Highschooler WHERE ID NOT IN (SELECT student_id FROM Friend);  Wait, but what if a student is only a friend of someone else? Like, suppose student C is not in any Friend.student_id, but appears as a friend_id in some entries. That would mean that student C has no friends (since their own student_id isn't in the Friend table), even if others have them as friends. But according to the problem's question, ""students who have no friends"" would mean that they don't have any friends. So even if someone is friends with them (i.e., they are in the friend_id column), but they themselves don't have any friends (their student_id isn't in the Friend table), then they have no friends. Unless the friendship is mutual. But the problem doesn't specify that. So the Friend table could have one-way friendships. For example, if A is friends with B, but B is not friends with A. Then, in the Friend table, there's (A, B) but not (B, A). In that case, the student B would have a friend (A) but according to the Friend table, B's student_id is not present as a student_id, only as a friend_id. So the query above would miss that. But according to the problem's question, if a student has no friends, meaning that they don't have any friends listed as per the Friend table. The Friend table's structure is that each row represents a student (student_id) who has a friend (friend_id). So if student B is a friend of A, but B hasn't added A as a friend, then B's student_id is not in the Friend table unless they have their own friends. So, for the question, the correct approach is to check if a student has no entries in the Friend table as the student_id. Because that's how the Friend table is structured: each row represents a student (student_id) and their friend (friend_id). Therefore, if a student's ID is not present in the student_id column of the Friend table, they have no friends. Even if they appear in the friend_id column, which would mean someone else has them as a friend, but they themselves don't have any friends. But according to the problem's question, the answer would be students who have no friends (i.e., no entries where they are the student_id). So the correct query is to select all Highschooler names where their ID is not present in the student_id column of the Friend table.  Therefore, the SQL query would be:  SELECT name FROM Highschooler WHERE ID NOT IN (SELECT student_id FROM Friend);  But wait, what if a student has no friends and is not in the Friend table at all? For example, a student who has never been added as a friend by anyone, and also hasn't added anyone. Then their ID is not in the student_id column of Friend. So the query would include them. That's correct.  But let's test with an example. Suppose there are three students: A, B, C. A is friends with B. So Friend has (A, B) and (B, A). Then C is not in Friend.student_id. So the query would return C, which is correct because C has no friends.  Another example: A is friends with B (only (A,B) in the table). Then B is not in the student_id column unless there's an entry (B, ...). So B's friends would be only if there's entries where student_id is B. So if there's only (A,B), then B has no friends according to the Friend table. But that's not the case. Wait, no. The Friend table's entries are for each student's friends. So if A is friends with B, then the Friend table should have (A,B) and (B,A), assuming that the friendship is mutual. But if the data only has (A,B) and not (B,A), then according to the Friend table, A has a friend B, but B has no friends. So the query would return B's name as having no friends. But in reality, B is friends with A. However, according to the Friend table's structure, unless there's an entry where B is the student_id, it's not recorded. Therefore, the query is correct based on the data. So the answer is as per the Friend table's entries.  Therefore, the correct SQL is to select Highschooler names where their ID is not in the student_id column of Friend.  Another way to write this is using a LEFT JOIN. For example:  SELECT h.name FROM Highschooler h LEFT JOIN Friend f ON h.ID = f.student_id WHERE f.student_id IS NULL;  This would find all Highschoolers who do not have any entries in the Friend table as student_id, meaning they have no friends.  Both approaches should work. Let me check if there's any difference. For instance, if a student has a friend, then the LEFT JOIN would have a match, and they would be excluded. For students not in the Friend table's student_id, the LEFT JOIN would have NULLs. So both methods should give the same result.  But what about students who are in the Friend table as friend_id but not as student_id? For example, if student C is a friend of A (Friend has (A, C)), but C hasn't added anyone. Then, the query would return C's name as having no friends. Because their ID is not in the student_id column. So according to the Friend table, C has a friend (A), but since there's no entry where C is the student_id, the query would consider them as having no friends. Wait, no. The Friend table's entry (A, C) means that A has C as a friend. But for C to have friends, there could be entries where C is the student_id. So if there's no entry where student_id is C, then according to the Friend table, C has no friends. Even though someone (A) has them as a friend. But according to the Friend table's structure, the student_id is the person who has the friend. So if the Friend table only has (A, C), then A has a friend C, but C's friends are not listed. Therefore, the query correctly identifies that C has no friends (since there's no entry where student_id is C). Unless there's another entry (C"
network_1,Show the ids of high schoolers who have friends and are also liked by someone else.,SELECT student_id FROM Friend INTERSECT SELECT liked_id FROM Likes,"SELECT student_id FROM Friend UNION SELECT friend_id FROM Friend;  But UNION removes duplicates, so this gives all students who have at least one friend.  Then, the students who are liked by someone else are those who appear in the liked_id column of Likes:  SELECT liked_id FROM Likes;  So the answer is the intersection of these two sets. So the SQL query would be:  SELECT ID FROM Highschooler WHERE ID IN (SELECT student_id FROM Friend UNION SELECT friend_id FROM Friend) AND ID IN (SELECT liked_id FROM Likes);  But wait, the question says ""are also liked by someone else"". So the high schooler's ID must be present in the liked_id column of Likes. So that part is correct.  But maybe there's a more efficient way. Also, since the Highschooler table has all the IDs, maybe we can join or use subqueries.  Alternatively, using INNER JOINs. But the simplest way is to use the IN clauses.  Another thing to consider: what if a student is in the Friend table (as student_id or friend_id) and also in liked_id? So the query above would get them.  But perhaps the Friend table's student_id and friend_id are both references to Highschooler.ID. So the IDs in Friend are already valid Highschooler IDs.  But the problem says to show the IDs of high schoolers. So the final query would be selecting from Highschooler, but maybe it's redundant. Alternatively, you could just select from the Friend and Likes tables directly. But perhaps the Highschooler table has all the valid IDs, and we need to make sure we select them from there.  But the question says ""high schoolers who have friends and are also liked by someone else"". So they need to be in Highschooler, but also meet those two conditions.  But since the Friend and Likes tables have foreign keys referencing Highschooler.ID, any ID in those tables is already present in Highschooler. So perhaps selecting from Highschooler is redundant. For example, you could write:  SELECT (the IDs from the intersection)  But perhaps the user wants to include only those present in Highschooler, which they already are. So maybe the query can be written as:  SELECT ID FROM (     (SELECT student_id FROM Friend)     UNION     (SELECT friend_id FROM Friend) ) INTERSECT SELECT liked_id FROM Likes;  But this would give the same result. However, in SQLite, you can't have a subquery like that without an alias. Wait, let me think. Let me structure it properly.  Another approach:  SELECT ID FROM Highschooler WHERE      (SELECT EXISTS (SELECT 1 FROM Friend WHERE Friend.student_id = Highschooler.ID OR Friend.friend_id = Highschooler.ID))      AND      (SELECT EXISTS (SELECT 1 FROM Likes WHERE Likes.liked_id = Highschooler.ID));  But that's using EXISTS, which might be more efficient. But perhaps the IN approach is easier.  So the initial query I thought of is:  SELECT ID FROM Highschooler WHERE ID IN (SELECT student_id FROM Friend UNION SELECT friend_id FROM Friend) AND ID IN (SELECT liked_id FROM Likes);  But maybe the UNION is unnecessary. Because if we just check if the ID is in Friend.student_id OR Friend.friend_id, perhaps we can write it as:  Highschooler.ID IN (SELECT student_id FROM Friend) OR Highschooler.ID IN (SELECT friend_id FROM Friend)  Which is equivalent to the UNION, but without needing to union. Because the union removes duplicates, but checking if the ID is in either set is the same.  So perhaps the query can be written as:  SELECT ID FROM Highschooler WHERE      (ID IN (SELECT student_id FROM Friend) OR ID IN (SELECT friend_id FROM Friend))     AND      ID IN (SELECT liked_id FROM Likes);  But which is better? The OR version might be easier for the database to optimize, but the UNION version ensures that even if a student is in both, it's still considered. But in reality, ID IN (SELECT student_id FROM Friend OR friend_id...) would include all cases.  But in practice, for SQLite, the OR version is simpler. Let me test with an example. Suppose a student is in student_id of Friend: included. If in friend_id: included. If in both: included. So same as the UNION.  So the query can be written as:  SELECT ID FROM Highschooler WHERE      (ID IN (SELECT student_id FROM Friend) OR ID IN (SELECT friend_id FROM Friend))     AND      ID IN (SELECT liked_id FROM Likes);  But maybe even simpler: the Friend table's student_id and friend_id are both valid Highschooler IDs. So if a student is in either column, they have a friend.  Alternatively, we can use the Friend table directly. For example, if we select all IDs from Friend (both columns) and"
network_1,What are the ids of students who both have friends and are liked?,SELECT student_id FROM Friend INTERSECT SELECT liked_id FROM Likes,SELECT ID FROM Highschooler WHERE EXISTS (SELECT 1 FROM Friend WHERE student_id = ID OR friend_id = ID) AND EXISTS (SELECT 1 FROM Likes WHERE liked_id = ID);
network_1,Show name of all students who have some friends and also are liked by someone else.,SELECT T2.name FROM Friend AS T1 JOIN Highschooler AS T2 ON T1.student_id  =  T2.id INTERSECT SELECT T2.name FROM Likes AS T1 JOIN Highschooler AS T2 ON T1.liked_id  =  T2.id,"SELECT student_id FROM Friend) OR Highschooler.ID IN (SELECT friend_id FROM Friend). But maybe there's a better way.  Alternatively, using UNION to combine both possibilities. But for the purpose of checking existence, maybe it's easier to use OR.  But the user's question says ""have some friends and also are liked by someone else.""  So for the first part, having friends, perhaps the student's ID is present in Friend table in either column. But maybe the Friend table is structured such that student_id is the one who has the friend (friend_id). So if a student has friends, their ID would be in the student_id column. Conversely, if they are a friend of someone else, their ID would be in the friend_id column. But if the friendship is mutual, then their ID would be in both. But the question is about having friends, which would mean that they have at least one friend. So their ID should appear in Friend table either as student_id or friend_id.  But how to check that? Let me think. For example, if a student is in Friend.student_id, that means they have friends (since friend_id is their friend). If they are in Friend.friend_id, that means someone else has them as a friend. Either way, they have friends. So the condition for having friends is that their ID exists in Friend table in either column.  But how to write that in SQL? Maybe:  Highschooler.ID IN (SELECT student_id FROM Friend UNION SELECT friend_id FROM Friend)  But then, for the purpose of checking existence, if the student's ID is in either, then they have friends.  Alternatively, maybe the Friend table is designed such that each student's friends are listed as (student_id, friend_id), so if a student has friends, their ID is in the student_id column. But if they have no friends, they don't appear in Friend. But if someone else has them as a friend, their ID would be in the friend_id column. So in that case, if a student is in Friend.friend_id, they have friends (since someone is their friend). So the student has friends if their ID is in Friend.student_id OR Friend.friend_id.  So combining that, the first condition is that Highschooler.ID exists in Friend table in either column.  The second condition is that they are liked by someone else. That would be their ID exists in Likes.liked_id. Because if someone (student_id in Likes) likes them (their ID is liked_id).  So putting it all together, the SQL query would select name from Highschooler where:  - their ID is present in Friend (either column) AND their ID is present in Likes.liked_id.  But how to write this in SQL?  Option 1: Using subqueries with EXISTS or IN.  SELECT name FROM Highschooler WHERE      (ID IN (SELECT student_id FROM Friend) OR ID IN (SELECT friend_id FROM Friend))     AND ID IN (SELECT liked_id FROM Likes);  But maybe combining the Friend parts with a single subquery. For example, using EXISTS with a Friend check where ID is in either column. But how?  Alternatively, using a UNION for the Friend part.  Another approach is to use joins. For example, join with Friend and Likes tables. But since we just need existence, maybe using INNER JOINs would work, but need to avoid duplicates.  But perhaps the simplest way is to use the IN clauses as above.  Wait, but if a student is in Friend as friend_id, does that mean they have friends? Yes. Because someone is their friend. So the first part of the WHERE clause checks if they have friends (any direction), and the second part checks if they are liked by someone else.  So the SQL query would be:  SELECT name FROM Highschooler WHERE      (ID IN (SELECT student_id FROM Friend) OR ID IN (SELECT friend_id FROM Friend))     AND ID IN (SELECT liked_id FROM Likes);  But maybe there's a way to optimize the Friend part. For example, combining the two subqueries into one.  SELECT name FROM Highschooler WHERE      ID IN (SELECT student_id FROM Friend UNION SELECT friend_id FROM Friend)     AND ID IN (SELECT liked_id FROM Likes);  Yes, because the UNION will combine both columns into a single list of IDs that have friends. So the first condition checks if the student has any friends (their ID is in Friend table in any column), and the second checks if they are liked.  But the user wants students who have friends (so they are in Friend table) and are liked by someone else (so they are in Likes as liked_id).  Another thing to consider: the Likes table's student_id is the one who likes, and liked_id is the one being liked. So for a student to be liked by someone else, their ID must be in the liked_id column. So the subquery for Likes is correct.  Now, let's test this logic with some hypothetical data.  Suppose Highschooler has:  ID | name  | grade 1  | Alice | 10 2  | Bob   | 11 3  | Carol | 12  Friend has:  student_id | friend_id 1          | 2 3          | 1  Likes has:  student_id | liked_id 1          | 3 2          | 1  So for the query:  Students who have friends (any direction) and are liked by someone.  Check each student:  Alice (ID 1): In Friend as student_id (has friend 2) and as friend_id (friend of 3). Also, she is liked by 2. So she meets both conditions.  Bob (ID 2): In Friend as student_id (has friend 1). Also, he is liked by no one (since in Likes, liked_id has 3 and 1). Wait, Likes has student_id 1 likes 3, and 2 likes 1. So liked_id is 3 and 1. So Bob's ID is 2. Is he liked? No. So Bob would not be in the result.  Carol (ID 3): In Friend as student_id (has friend 1). Also, she is liked by student 1. So she meets both conditions.  So the result should be Alice and Carol.  The query would select where ID is in (Friend.student_id or friend_id) and in Likes.liked_id.  For ID 1: in Friend (yes) and in Likes.liked_id (yes, as 1 is liked by 2). So yes.  ID 3"
network_1,What are the names of high schoolers who both have friends and are liked?,SELECT T2.name FROM Friend AS T1 JOIN Highschooler AS T2 ON T1.student_id  =  T2.id INTERSECT SELECT T2.name FROM Likes AS T1 JOIN Highschooler AS T2 ON T1.liked_id  =  T2.id,SELECT name FROM Highschooler WHERE ID IN (SELECT student_id FROM Friend) AND ID IN (SELECT liked_id FROM Likes);
network_1,Count the number of likes for each student id.,"SELECT student_id ,  count(*) FROM Likes GROUP BY student_id","SELECT h.ID, COUNT(l.student_id) FROM Highschooler h LEFT JOIN Likes l ON h.ID = l.student_id GROUP BY h.ID;"
network_1,How many likes correspond to each student id?,"SELECT student_id ,  count(*) FROM Likes GROUP BY student_id","SELECT student_id, COUNT(*) AS num_likes FROM Likes GROUP BY student_id;  If they want the number of likes each student has received:  SELECT liked_id AS student_id, COUNT(*) AS num_likes FROM Likes GROUP BY liked_id;  Alternatively, if they want both counts combined (total likes involving the student), it would be a union of both.  But the question is not clear. However, given that the user is asking for ""how many likes correspond to each student id"", and considering that the Likes table's student_id is the one initiating the like, perhaps the user wants the count of likes each student has sent. But maybe they want the count of likes received. How to decide?  Alternatively, maybe the user is referring to the total number of likes that each student has in any capacity. For example, if a student both sends and receives likes, the total would be the sum of both. But that would require combining both counts.  But again, the question is ambiguous. However, given that the user is asking for ""how many likes correspond to each student id"", and considering that the Likes table's student_id is the one who is liking, perhaps the intended answer is the count of likes each student has sent. However, in some contexts, people might be more interested in how many likes they have received. For example, in social networks, people often care about how many likes they got.  But without more context, it's hard to tell. However, given that the problem is from a database course or similar, perhaps the intended answer is to count the number of likes each student has sent. Because that's directly available via grouping on student_id. Alternatively, maybe the question is about the number of likes received.  Wait, let's check the original question again: ""How many likes correspond to each student id?"" The word ""correspond"" is key here. If the student is the one who likes someone else, then the likes correspond to their student_id. If they are the one being liked, then it's the liked_id. So, perhaps the user wants the count of likes where the student is the one who sent the like, i.e., the student_id in the Likes table. Because that's the direct correspondence.  Alternatively, maybe the user wants the total number of likes that are associated with each student, regardless of direction. But that would require combining both.  But given the ambiguity, perhaps the correct approach is to ask for clarification. However, since I can't do that, I need to make an assumption based on common scenarios.  In many cases, when someone asks about the number of likes per user, they are referring to how many likes the user has received. For example, on social media, you care about how many likes you have, not how many you've given. But this depends on the context.  Alternatively, the problem might be expecting to count the number of likes each student has sent. Because the question is phrased as ""how many likes correspond to each student id""—each student's own likes.  But without more context, it's hard to say. However, looking at the tables, the Likes table has student_id and liked_id. The question is about counting the number of likes per student ID. Let's think about possible answers.  If the user wants the count of likes each student has sent (as the student_id), then the SQL would be:  SELECT student_id, COUNT(*) AS count FROM Likes GROUP BY student_id;  If they want the count of likes each student has received (as the liked_id):  SELECT liked_id AS student_id, COUNT(*) AS count FROM Likes GROUP BY liked_id;  Alternatively, if they want both counts combined (total likes involving the student), it would be a more complex query using a UNION and SUM.  But the question is not clear. However, given that the user is asking for ""how many likes correspond to each student id"", and considering that the Likes table's student_id is the one who is liking, perhaps the intended answer is the count of likes each student has sent. But I'm not sure.  Alternatively, maybe the user wants the total number of likes that each student has in any capacity. For example, if a student has sent 3 likes and received 2, the total is 5. But that would require combining both.  But again, the question is ambiguous. However, given"
network_1,"Show the names of high schoolers who have likes, and numbers of likes for each.","SELECT T2.name ,  count(*) FROM Likes AS T1 JOIN Highschooler AS T2 ON T1.student_id  =  T2.id GROUP BY T1.student_id","SELECT H.name, COUNT(*) FROM Highschooler H JOIN Likes L ON H.ID = L.liked_id GROUP BY H.ID;"
network_1,"What are the names of high schoolers who have likes, and how many likes does each have?","SELECT T2.name ,  count(*) FROM Likes AS T1 JOIN Highschooler AS T2 ON T1.student_id  =  T2.id GROUP BY T1.student_id","SELECT h.name, COUNT(*) FROM Highschooler h JOIN Likes l ON h.ID = l.student_id GROUP BY h.ID;"
network_1,What is the name of the high schooler who has the greatest number of likes?,SELECT T2.name FROM Likes AS T1 JOIN Highschooler AS T2 ON T1.student_id  =  T2.id GROUP BY T1.student_id ORDER BY count(*) DESC LIMIT 1,SELECT name FROM Highschooler WHERE ID = (SELECT liked_id FROM Likes GROUP BY liked_id ORDER BY COUNT(*) DESC LIMIT 1)
network_1,Give the name of the student with the most likes.,SELECT T2.name FROM Likes AS T1 JOIN Highschooler AS T2 ON T1.student_id  =  T2.id GROUP BY T1.student_id ORDER BY count(*) DESC LIMIT 1,SELECT name FROM Highschooler WHERE ID = (SELECT liked_id FROM Likes GROUP BY liked_id ORDER BY COUNT(*) DESC LIMIT 1);
network_1,Show the names of students who have at least 2 likes.,SELECT T2.name FROM Likes AS T1 JOIN Highschooler AS T2 ON T1.student_id  =  T2.id GROUP BY T1.student_id HAVING count(*)  >=  2,SELECT name FROM Highschooler WHERE ID IN (SELECT liked_id FROM Likes GROUP BY liked_id HAVING COUNT(*) >= 2)
network_1,What are the names of students who have 2 or more likes?,SELECT T2.name FROM Likes AS T1 JOIN Highschooler AS T2 ON T1.student_id  =  T2.id GROUP BY T1.student_id HAVING count(*)  >=  2,SELECT h.name FROM Highschooler h JOIN Likes l ON h.ID = l.liked_id GROUP BY h.ID HAVING COUNT(*) >= 2;
network_1,Show the names of students who have a grade higher than 5 and have at least 2 friends.,SELECT T2.name FROM Friend AS T1 JOIN Highschooler AS T2 ON T1.student_id  =  T2.id WHERE T2.grade  >  5 GROUP BY T1.student_id HAVING count(*)  >=  2,"SELECT h.name FROM Highschooler h JOIN Friend f ON h.ID = f.student_id WHERE h.grade > 5 GROUP BY h.ID HAVING COUNT(f.friend_id) >= 2;  Wait, but what if a student has multiple friends? The JOIN would include all their friends, so grouping by h.ID and counting the friends would give the correct count.  Yes. But what about students who have friends but in the Friend table, they are listed as friend_id? No, because the Friend table's primary key is (student_id, friend_id). So for each friendship, each student is listed once as student_id and once as friend_id? No, no. The Friend table is structured such that each row represents a directed relationship. For example, if A is friends with B, then there's a row where student_id is A and friend_id is B. But since friendships are mutual, perhaps the table includes both (A,B) and (B,A)? Or is it stored once? The problem says that the primary key is (student_id, friend_id), and the foreign keys reference Highschooler(ID). But if the friendship is mutual, then perhaps each friendship is stored once. However, in practice, some systems store friendships as two entries (A,B) and (B,A) to allow easy querying. But according to the schema, the Friend table's primary key is (student_id, friend_id), which implies that each pair is unique. So if A is friends with B, there's only one entry, either (A,B) or (B,A). Therefore, to count the number of friends for a student, we need to count how many times they appear in either student_id or friend_id. Wait, no. Because if the friendship is stored once, say (A,B), then A's friends are B, and B's friends include A. So to count the number of friends for a student, we need to count how many times they appear in student_id (as the initiator) and how many times in friend_id (as the friend). Wait, no. Because if the friendship is stored once as (A,B), then A's friend list includes B, and B's friend list includes A. But if the friendship is stored only once, then when counting friends for a student, you need to count both instances where they are the student_id and where they are the friend_id. Wait, no. Because if the friendship is stored once, say (A,B), then A is friends with B, and B is friends with A. But in the Friend table, there's only one entry. Therefore, to count the number of friends for a student, you need to count how many entries exist where the student is either the student_id or the friend_id. But that would count each friendship twice. Wait, no. For example, if there's a row (A,B), then A has B as a friend, and B has A as a friend. But if you count all occurrences where the student is in either column, you would count both, but that's not correct. Because each friendship is represented once. So to count the actual number of friends, you need to count how many distinct friends a student has. For example, if you have (A,B) and (A,C), then A has two friends. But if you have (A,B) and (B,A), then A has one friend (B) and B has one friend (A). But if the Friend table only has (A,B), then to count the number of friends for B, you need to look for entries where B is the friend_id (which would be in the row (A,B)), and perhaps entries where B is the student_id (which would be if there's a row (B,A)). But if the Friend table only has (A,B), then B's friends are only those where B is the student_id and friend_id is someone else. But in this case, B's friends would be zero unless there's a row where B is the student_id. Therefore, the Friend table might not be symmetric. Wait, but in reality, friendships are mutual. So perhaps the Friend table is maintained such that whenever A is friends with B, both (A,B) and (B,A) are present. But the primary key (student_id, friend_id) would prevent duplicates. However, the problem's schema doesn't specify that. So perhaps the Friend table is such that each friendship is stored once. Therefore, to count the number of friends for a student, we need to count how many times they appear in student_id plus how many times they appear in friend_id? No, that would count each friendship twice if both entries exist. But if the Friend table only has one entry per friendship, then counting both columns would not be correct. For example, if (A,B) exists, then A's friends include B, and B's friends include A. But if we count all entries where the student is in either column, then for each friendship, it's counted once for each direction. But that's not correct. Therefore, perhaps the correct way is to count the number of friends by looking at the student_id column only, assuming that the Friend table is maintained such that each student's friends are listed under their student_id. For example, if A is friends with B and C, then there are entries (A,B) and (A,C). Then, the count of friends for A is 2. But if the Friend table has entries in both directions, then for B, there's an entry (B,A) and perhaps others. But if the Friend table is maintained such that each friendship is stored once, then to count friends for a student, you need to count how many entries they have in student_id plus how many in friend_id. But that's complicated. However, given the problem's schema, perhaps the Friend table is designed such that each friendship is stored once, and to find all friends of a student, you need to look in both columns. For example, if the Friend table has (A,B), then A's friends include B, and B's friends include A. But how to count the number of friends for a student? For example, for student A, friends are all friend_id where student_id is A, plus all student_id where friend_id is A. But that would require a UNION of both columns. Therefore, to count the number of friends for a student, you need to do something like:  SELECT student, COUNT(*) AS friend_count FROM (     SELECT student_id AS student FROM Friend     UNION ALL     SELECT friend_id AS student FROM Friend ) GROUP BY student;  But then, if the Friend table has (A,B), then A is counted once in the first SELECT, and B is counted once in the second SELECT. So for each friendship, two entries are added. But that would count each friendship as contributing to both students' friend counts."
network_1,What are the names of high schoolers who have a grade of over 5 and have 2 or more friends?,SELECT T2.name FROM Friend AS T1 JOIN Highschooler AS T2 ON T1.student_id  =  T2.id WHERE T2.grade  >  5 GROUP BY T1.student_id HAVING count(*)  >=  2,"Okay, let's see. The user wants the names of high schoolers who are in a grade over 5 and have two or more friends.  First, I need to look at the tables. The Highschooler table has ID, name, and grade. The Friend table links student_id to friend_id. Each entry in Friend is a pair of friends. So to find how many friends each student has, I need to count the number of times their ID appears in the Friend table, either as student_id or friend_id? Wait, no. Wait, the Friend table is structured such that student_id is the ID of the student, and friend_id is the ID of their friend. But since the relationship is mutual, if A is friends with B, there might be entries (A,B) and (B,A)? Or maybe the table only stores each friendship once. Wait, the primary key is (student_id, friend_id), so each pair is unique. But the problem says ""friend_id"" so maybe each friendship is stored once, from the perspective of the student. So for counting friends, each entry in Friend for a student counts as one friend. So for a student, the number of friends is the count of their entries in Friend. But wait, maybe not. Because if the friendship is mutual, then each friendship would be represented in both directions. For example, if A is friends with B, then there's (A,B) and (B,A). But if that's the case, then counting all entries where student_id is the person would count each friendship once. Alternatively, maybe the table is designed so that each friendship is stored only once, like (A,B) where A < B or something. But the schema doesn't specify that. So the problem is, when counting friends, do we need to consider both directions?  Hmm. The question is about how many friends each student has. Let's think: For each student, the number of friends is the number of entries where they are the student_id in Friend, plus the number of entries where they are the friend_id. Because if someone else has them as a friend, that's also a friend. Wait, no. Because if A is friends with B, then in the Friend table, there's (A,B) and (B,A)? Or is it stored once? If it's stored once as (A,B), then when you look up friends for A, you get B, and for B, you get A. But if the table only has (A,B) once, then to count friends correctly, you need to count both instances where the student is in student_id or friend_id. Wait, no. Let me clarify. Suppose the Friend table is such that if A is friends with B, then there's a row where student_id is A and friend_id is B. But since friendship is mutual, there's also a row where student_id is B and friend_id is A. But maybe the table is designed to have each friendship stored only once. However, the schema doesn't enforce any such constraint. Therefore, the way to count the number of friends for a student is to count how many distinct entries they have in either student_id or friend_id. Wait, no. For example, if A is friends with B, then there's one entry (A,B) and (B,A), but maybe not. If the Friend table is designed such that each student's friends are listed once, then for A's friends, you have (A,B), and for B's friends, (B,A). Therefore, when counting friends for a student, you can count how many times they appear in the student_id column. Because each entry in the Friend table represents a friendship from the student to someone else. But if that's the case, then the number of friends a student has is the count of entries where their ID is the student_id. However, if the friendship is mutual, then the same entry would be stored in both directions. But the problem says that the primary key is (student_id, friend_id), so each pair is unique. Therefore, if a student has friends, each friend is listed once in the Friend table as their friend_id. Therefore, the number of friends a student has is the count of friend_id entries where student_id is the student's ID. Because the Friend table is structured such that each row represents a student (student_id) who has a friend (friend_id). Therefore, to count the number of friends for each student, we can group by student_id in the Friend table and count the number of friends. However, this would only count the friends where the student is the student_id. But what about when they are the friend_id? For example, if student C has a friend D, and there's an entry (D, C) where D is the student_id and C is the friend_id. Then, for C, that entry would not be counted if we only look at student_id. Therefore, perhaps the correct way is to count all occurrences of the student's ID in either student_id or friend_id. Wait, but that would count each friendship twice. For example, if A is friends with B, then there's (A,B) and (B,A). So if we count all entries where the student's ID is in either column, then each friendship is counted twice. But if the Friend table only stores each friendship once, then counting entries where the student's ID is in either column would give the correct count. Wait, no. Let me think again. Suppose the Friend table has entries (A,B) and (B,A). Then, for student A, the count would be 1 (as student_id) and for student B, the count would be 1 (as friend_id in the first entry?), no. Wait, if there are two entries (A,B) and (B,A), then for student A, the entries where they are in student_id is (A,B), and where they are in friend_id is (B,A). So for student A, the total number of friends would be 1 (from student_id) plus 1 (from friend_id) equals 2. But that's incorrect because A is friends with B once. Therefore, this approach would overcount. Therefore, the correct way is to count each friendship once. Therefore, perhaps the Friend table is designed such that each friendship is stored once, and to count the number of friends, we need to count how many entries exist where the student is either the student_id or the friend_id, but avoid double-counting. Alternatively, perhaps the Friend table is designed such that each friendship is stored once, and for each student, their friends are listed under student_id. Therefore, the number of friends is the count of friend_id entries where student_id is the student's ID. But then, if the friendship is mutual, how is that handled? For example, if A is friends with B, then there's an entry (A,B), and B's friends would be (B,A). Therefore, when counting friends for A, we look at how many entries have student_id = A, which is 1. For B, how many entries have student_id = B? Also 1. Therefore, each friendship is stored once, and each student's friends are listed in their own student_id entries. Therefore, to count the number of friends a student has, we can count the number of entries in Friend where student_id is that student. Therefore, the correct approach is to group by student_id and count the number of friends. However, if the Friend table only has each friendship once, then the count would be correct. But if the Friend table has both directions, then the count would be double. But according to the schema, there's no constraint to prevent both entries. Therefore, perhaps the Friend table is designed such that each friendship is stored once, and the student_id is the one who initiated the friendship or something. But the problem doesn't specify. Therefore, perhaps the correct way is to count all entries where the student is either the student_id or the friend_id, but then divide by 1 to avoid double-counting. Wait, but how to do that in SQL. Alternatively, perhaps the Friend table is designed such that each friendship is stored once, and the student's friends are listed under friend_id when the student is the student_id. Therefore, the number of friends is the count of friend_id entries for each student_id. Therefore, the correct approach is to count the number of friend_id entries per student_id. Therefore, the Friend table's student_id is the student, and friend_id is their friend. Therefore, the count of friends is the count of friend_id per student_id. Therefore, if a student has two friends, there are two entries in Friend with their student_id and different friend_ids. Therefore, the correct way is to group by student_id and count the number of friends. However, this would miss friends that are listed in the friend_id column of other students. Wait, no. Because if student C is friends with D, then there's an entry where student_id is C and friend_id is D. So for C, the count is 1. If C is friends with E, then another entry (C, E). Therefore, the count is correct. Therefore, the number of friends for a student is the number of entries in Friend where their ID is the student_id. Therefore, the correct approach is to join Highschooler with Friend on Highschooler.ID = Friend.student_id, group by student_id, and count the number of friends. Then, filter those with count >= 2. Also, the grade must be over 5. So the steps are:  1. Select Highschooler.name where Highschooler.grade > 5.  2. And the count of friends for that Highschooler.ID in Friend table is >= 2.  So how to write this in SQL. We can use a subquery or a"
network_1,How many likes does Kyle have?,"SELECT count(*) FROM Likes AS T1 JOIN Highschooler AS T2 ON T1.student_id  =  T2.id WHERE T2.name  =  ""Kyle""",SELECT COUNT(*) FROM Likes WHERE liked_id = (SELECT ID FROM Highschooler WHERE name = 'Kyle')
network_1,Return the number of likes that the high schooler named Kyle has.,"SELECT count(*) FROM Likes AS T1 JOIN Highschooler AS T2 ON T1.student_id  =  T2.id WHERE T2.name  =  ""Kyle""",SELECT COUNT(*) FROM Likes WHERE liked_id = (SELECT ID FROM Highschooler WHERE name = 'Kyle')
network_1,Find the average grade of all students who have some friends.,SELECT avg(grade) FROM Highschooler WHERE id IN (SELECT T1.student_id FROM Friend AS T1 JOIN Highschooler AS T2 ON T1.student_id  =  T2.id),SELECT AVG(h.grade) FROM Highschooler h WHERE h.ID IN (SELECT student_id FROM Friend UNION SELECT friend_id FROM Friend);
network_1,What is the average grade of students who have friends?,SELECT avg(grade) FROM Highschooler WHERE id IN (SELECT T1.student_id FROM Friend AS T1 JOIN Highschooler AS T2 ON T1.student_id  =  T2.id),SELECT AVG(h.grade) FROM Highschooler h WHERE h.ID IN (SELECT student_id FROM Friend UNION SELECT friend_id FROM Friend);
network_1,Find the minimum grade of students who have no friends.,SELECT min(grade) FROM Highschooler WHERE id NOT IN (SELECT T1.student_id FROM Friend AS T1 JOIN Highschooler AS T2 ON T1.student_id  =  T2.id),"SELECT MIN(grade) FROM Highschooler WHERE ID NOT IN (SELECT student_id FROM Friend UNION SELECT friend_id FROM Friend);  Wait, because if the student's ID is not in any of the student_id or friend_id columns in Friend, then they have no friends. So combining the two with a UNION (to avoid duplicates) gives all students who have at least one friend. Then, the ones not in that list are the ones with no friends.  So the correct approach is to take the Highschooler table, and exclude those whose IDs are present in either student_id or friend_id in the Friend table. Then, take the minimum grade of those.  Another way is to use a LEFT JOIN with the Friend table, but since it's two columns, maybe using NOT EXISTS would be better. Alternatively, using a subquery with NOT IN.  But for simplicity, the NOT IN (SELECT ... UNION ...) approach might work.  But what if there are students who have friends in both directions? For example, if (A,B) and (B,A) exist. But the UNION would include both A and B in both cases. But for the purpose of checking existence, it's sufficient.  So the query would be:  SELECT MIN(grade) FROM Highschooler h WHERE NOT EXISTS (SELECT 1 FROM Friend f WHERE f.student_id = h.ID OR f.friend_id = h.ID);  But using OR in the WHERE clause here. However, using OR in a subquery might be inefficient, but for SQLite, it's acceptable.  Alternatively, using the NOT IN with the union of two selects.  Another approach is to check that the student is not in the list of student_id and also not in the list of friend_id. So:  SELECT MIN(grade) FROM Highschooler WHERE ID NOT IN (SELECT student_id FROM Friend) AND ID NOT IN (SELECT friend_id FROM Friend);  But this would miss cases where the student is in friend_id but not in student_id. Wait, no. Because if a student is in friend_id, that means someone else is their friend. So if a student is not in student_id (they didn't initiate any friendships) and not in friend_id (no one is their friend), then they have zero friends. So combining both conditions with AND would ensure that. However, the previous approach using UNION is equivalent. Because if a student is not in (student_id UNION friend_id) is equivalent to not being in student_id and not being in friend_id. So both approaches are same.  But perhaps the first approach (using UNION) is better because it combines the two into a single list. However, in practice, the two conditions with AND would also work.  But what if the Friend table is empty? Well, then all students have no friends, so take the min grade.  So, which approach is better? Let's think about possible errors. Suppose a student's ID is present in friend_id but not in student_id. For example, if someone is their friend. Then, they do have a friend. So, in that case, they should be excluded. Therefore, the correct condition is that the student's ID is not present in either of the two columns.  So, the correct way is to check that the student's ID is not in (Friend.student_id UNION Friend.friend_id).  So, the SQL query would be:  SELECT MIN(grade) FROM Highschooler WHERE ID NOT IN (SELECT student_id FROM Friend UNION SELECT friend_id FROM Friend);  But what about students who have friends? For example, if a student has a friend, their ID would be in one of the two columns, so they are excluded.  So, this query would select all students with no friends, then take the minimum grade.  Another way is to use LEFT JOIN. For example, we can try to find students who do not have any friends. Let's try:  SELECT h.grade FROM Highschooler h LEFT JOIN Friend f ON h.ID = f.student_id OR h.ID = f.friend_id WHERE f.student_id IS NULL AND f.friend_id IS NULL;  But this might not work correctly. Because when you do a LEFT JOIN with OR conditions, it's possible that the join matches a row if either condition is true. However, the WHERE clause is checking for both being NULL. Wait, but if the LEFT JOIN finds a matching row, then the WHERE condition would exclude it. But if there's no matching row, then the Friend columns are NULL. So this approach would find students who have no entries in Friend where they are either student_id or friend_id. But how does the LEFT JOIN work here? Because the ON clause is h.ID = f.student_id OR h.ID = f.friend_id. However, when you have a LEFT JOIN, it will return all rows from Highschooler, and for each, if there's any row in Friend that satisfies either condition, then that row is included. But since we want to check if there are no such rows, the WHERE clause would filter where the Friend columns are NULL. However, in a LEFT JOIN, if there are multiple possible matches, it will pick one (but the WHERE condition would still work as long as at least one exists). So this approach should work. However, in practice, if there's any occurrence of the student's ID in Friend, then the LEFT JOIN would find a match, and thus the WHERE clause would exclude them. Therefore, the correct query would be:  SELECT MIN(grade) FROM Highschooler h LEFT JOIN Friend f ON h.ID = f.student_id OR h.ID = f.friend_id WHERE f.student_id IS NULL AND f.friend_id IS NULL;  But wait, the Friend table has primary key (student_id,"
network_1,What is the lowest grade of students who do not have any friends?,SELECT min(grade) FROM Highschooler WHERE id NOT IN (SELECT T1.student_id FROM Friend AS T1 JOIN Highschooler AS T2 ON T1.student_id  =  T2.id),SELECT MIN(grade) FROM Highschooler WHERE ID NOT IN (SELECT student_id FROM Friend UNION SELECT friend_id FROM Friend)
dog_kennels,Which states have both owners and professionals living there?,SELECT state FROM Owners INTERSECT SELECT state FROM Professionals,SELECT state FROM Owners INTERSECT SELECT state FROM Professionals;
dog_kennels,Find the states where both owners and professionals live.,SELECT state FROM Owners INTERSECT SELECT state FROM Professionals,SELECT state FROM Owners INTERSECT SELECT state FROM Professionals;
dog_kennels,What is the average age of the dogs who have gone through any treatments?,SELECT avg(age) FROM Dogs WHERE dog_id IN ( SELECT dog_id FROM Treatments ),SELECT AVG((julianday('now') - julianday(Dogs.date_of_birth)) / 365.25) FROM Dogs INNER JOIN Treatments ON Dogs.dog_id = Treatments.dog_id;
dog_kennels,Find the average age of the dogs who went through treatments.,SELECT avg(age) FROM Dogs WHERE dog_id IN ( SELECT dog_id FROM Treatments ),SELECT AVG(CAST(Dogs.age AS INTEGER)) FROM Dogs INNER JOIN (SELECT DISTINCT dog_id FROM Treatments) AS T ON Dogs.dog_id = T.dog_id;
dog_kennels,"Which professionals live in the state of Indiana or have done treatment on more than 2 treatments? List his or her id, last name and cell phone.","SELECT professional_id ,  last_name ,  cell_number FROM Professionals WHERE state  =  'Indiana' UNION SELECT T1.professional_id ,  T1.last_name ,  T1.cell_number FROM Professionals AS T1 JOIN Treatments AS T2 ON T1.professional_id  =  T2.professional_id GROUP BY T1.professional_id HAVING count(*)  >  2","SELECT p.professional_id, p.last_name, p.cell_number FROM Professionals p WHERE p.state = 'Indiana' OR p.professional_id IN (SELECT professional_id FROM Treatments GROUP BY professional_id HAVING COUNT(*) > 2)"
dog_kennels,"Find the id, last name and cell phone of the professionals who live in the state of Indiana or have performed more than two treatments.","SELECT professional_id ,  last_name ,  cell_number FROM Professionals WHERE state  =  'Indiana' UNION SELECT T1.professional_id ,  T1.last_name ,  T1.cell_number FROM Professionals AS T1 JOIN Treatments AS T2 ON T1.professional_id  =  T2.professional_id GROUP BY T1.professional_id HAVING count(*)  >  2","SELECT Professionals.professional_id, Professionals.last_name, Professionals.cell_number FROM Professionals WHERE Professionals.state = 'Indiana' OR Professionals.professional_id IN (SELECT professional_id FROM Treatments GROUP BY professional_id HAVING COUNT(*) > 2)"
dog_kennels,Which dogs have not cost their owner more than 1000 for treatment ? List the dog names .,select name from dogs where dog_id not in ( select dog_id from treatments group by dog_id having sum(cost_of_treatment)  >  1000 ),"SELECT d.name FROM Dogs d LEFT JOIN Treatments t ON d.dog_id = t.dog_id GROUP BY d.dog_id, d.name HAVING SUM(t.cost_of_treatment) <= 1000.00;"
dog_kennels,What are the names of the dogs for which the owner has not spend more than 1000 for treatment ?,select name from dogs where dog_id not in ( select dog_id from treatments group by dog_id having sum(cost_of_treatment)  >  1000 ),"SELECT d.name FROM Dogs d LEFT JOIN Treatments t ON d.dog_id = t.dog_id GROUP BY d.dog_id HAVING COALESCE(SUM(t.cost_of_treatment), 0) <= 1000;"
dog_kennels,Which first names are used for professionals or owners but are not used as dog names?,SELECT first_name FROM Professionals UNION SELECT first_name FROM Owners EXCEPT SELECT name FROM Dogs,SELECT first_name FROM Professionals UNION SELECT first_name FROM Owners EXCEPT SELECT name FROM Dogs WHERE name IS NOT NULL;
dog_kennels,Find the first names that are used for professionals or owners but are not used as dog names.,SELECT first_name FROM Professionals UNION SELECT first_name FROM Owners EXCEPT SELECT name FROM Dogs,SELECT first_name FROM Owners UNION SELECT first_name FROM Professionals EXCEPT SELECT name FROM Dogs;
dog_kennels,"Which professional did not operate any treatment on dogs? List the professional's id, role and email.","SELECT professional_id ,  role_code ,  email_address FROM Professionals EXCEPT SELECT T1.professional_id ,  T1.role_code ,  T1.email_address FROM Professionals AS T1 JOIN Treatments AS T2 ON T1.professional_id  =  T2.professional_id","SELECT professional_id, role_code, email_address FROM Professionals WHERE professional_id NOT IN (SELECT professional_id FROM Treatments);"
dog_kennels,"Give me the id, role and email of the professionals who did not perform any treatment on dogs.","SELECT professional_id ,  role_code ,  email_address FROM Professionals EXCEPT SELECT T1.professional_id ,  T1.role_code ,  T1.email_address FROM Professionals AS T1 JOIN Treatments AS T2 ON T1.professional_id  =  T2.professional_id","SELECT p.professional_id, p.role_code, p.email_address FROM Professionals p WHERE p.professional_id NOT IN (SELECT professional_id FROM Treatments);  But what if there are professionals with no treatments? That's exactly the case. Alternatively, using a LEFT JOIN and checking for NULL.  Another approach:  SELECT p.professional_id, p.role_code, p.email_address FROM Professionals p LEFT JOIN Treatments t ON p.professional_id = t.professional_id WHERE t.treatment_id IS NULL;  But since Treatments have their own primary key, but if there's no treatment, then all columns from Treatments would be NULL. So checking for t.treatment_id IS NULL would work.  But which method is better? Both should work. However, sometimes LEFT JOIN approach can have issues with duplicates, but in this case, since we're checking for absence, either method is okay.  But the user wants the SQL query. Let's proceed with the NOT IN approach, but need to make sure that the subquery returns all professional_ids that have done treatments. So Professionals not in that list.  But what if the Treatments table has multiple entries for a professional? The NOT IN would still work because it's checking for existence of any occurrence.  So the correct query would be:  SELECT professional_id, role_code, email_address FROM Professionals WHERE professional_id NOT IN (SELECT DISTINCT professional_id FROM Treatments WHERE professional_id IS NOT NULL);  But wait, the subquery could have professional_id as NULL? But since in Treatments, professional_id is a foreign key and NOT NULL? Let me check the schema for Treatments:  Looking at the Treatments table structure:  `professional_id` INTEGER NOT NULL,  Yes, professional_id is NOT NULL. So the subquery can be simplified to:  SELECT professional_id FROM Treatments  So the query becomes:  SELECT professional_id, role_code, email_address FROM Professionals WHERE professional_id NOT IN (SELECT professional_id FROM Treatments);  But since the user wants the SQL in a single line, and using the correct column names.  But the user's question says ""role"" but the column is role_code. But given that there's no other source for role description, perhaps that's what the user wants. The user might have intended that role_code is the role name. So proceed with that.  So the final SQL is:  SELECT professional_id, role_code, email_address FROM Professionals WHERE professional_id NOT IN (SELECT professional_id FROM Treatments);  Alternatively, using LEFT JOIN:  SELECT p.professional_id, p.role_code, p.email_address FROM Professionals p LEFT JOIN Treatments t ON p.professional_id = t.professional_id WHERE t.professional_id IS NULL;  But which one is better? Both should work. However, if there are professionals with NULL in professional_id? No, because in Professionals, professional_id is the primary key, so it can't be NULL.  But in the Treatments table, professional_id is NOT NULL. So for the LEFT JOIN approach, where there's no matching in Treatments, t.professional_id would be NULL. So the WHERE clause would be WHERE t.professional_id IS NULL.  But in that case, the LEFT JOIN approach is also valid.  Which one is better? It depends on the data. If there are professionals that have never done a treatment, both methods should include them.  But in SQLite, both should work. However, sometimes with NOT IN and subqueries, if the subquery returns NULLs, it can cause issues. But since in the Treatments table, professional_id is NOT NULL, the subquery won't return NULLs, so the NOT IN is safe.  So both approaches are valid. Which one to choose? The user might prefer one or the other. But since the question is to return the correct SQL, either is acceptable.  But perhaps the LEFT JOIN approach is better because if the subquery returns no rows (i.e., no treatments), then the NOT IN would include all professionals. But that's the desired case.  But given that, both approaches are correct. Let me check which one is more efficient. For example, if there are a lot of treatments, the NOT IN subquery might be slower. But for small datasets, it's negligible.  But since the user wants the correct SQL, either is acceptable. However, perhaps the LEFT JOIN approach is more standard for this kind of problem (finding missing rows).  But given that the user wants the answer in one line, perhaps the NOT IN approach is shorter.  But let's proceed with the LEFT JOIN version. Let me write that:  SELECT p.professional_id, p.role_code, p.email_address FROM Professionals p LEFT JOIN Treatments t ON p.professional_id = t.professional_id WHERE t.professional_id IS NULL;  But wait, in the JOIN condition, if there's no match, t.professional_id would be NULL. So the WHERE condition is correct.  But in the Treatments table, the primary key is treatment_id. So each treatment is a row. But the professional_id is a foreign key. So the LEFT JOIN would work.  Yes. So this query would return all professionals who have no treatments.  But what if a professional has done a treatment but it's the only one? For example, if a professional has one treatment, they would be excluded here.  Yes. So this query should correctly return professionals with no treatments.  But the user's question is to return those who did not perform any treatment. So either approach works.  Now, considering that the user wants the SQL in one line, and using the correct column names.  But the user's question says ""role"", but the column is role_code. However, given the schema, there's no other source for role. So perhaps the user made a mistake and meant role_code. Therefore, the answer should select role_code as role.  But the user's question says ""role"", but the column is role_code. So in the SQL, the column name is role_code"
dog_kennels,"Which owner owns the most dogs? List the owner id, first name and last name.","SELECT T1.owner_id ,  T2.first_name ,  T2.last_name FROM Dogs AS T1 JOIN Owners AS T2 ON T1.owner_id  =  T2.owner_id GROUP BY T1.owner_id ORDER BY count(*) DESC LIMIT 1","SELECT O.owner_id, O.first_name, O.last_name FROM Owners O JOIN Dogs D ON O.owner_id = D.owner_id GROUP BY O.owner_id ORDER BY COUNT(D.dog_id) DESC LIMIT 1;"
dog_kennels,"Return the owner id, first name and last name of the owner who has the most dogs.","SELECT T1.owner_id ,  T2.first_name ,  T2.last_name FROM Dogs AS T1 JOIN Owners AS T2 ON T1.owner_id  =  T2.owner_id GROUP BY T1.owner_id ORDER BY count(*) DESC LIMIT 1","SELECT o.owner_id, o.first_name, o.last_name FROM Owners o WHERE o.owner_id = (SELECT owner_id FROM Dogs GROUP BY owner_id ORDER BY COUNT(*) DESC LIMIT 1)"
dog_kennels,"Which professionals have done at least two treatments? List the professional's id, role, and first name.","SELECT T1.professional_id ,  T1.role_code ,  T1.first_name FROM Professionals AS T1 JOIN Treatments AS T2 ON T1.professional_id  =  T2.professional_id GROUP BY T1.professional_id HAVING count(*)  >=  2","SELECT p.professional_id, p.role_code, p.first_name FROM Professionals p WHERE p.professional_id IN (SELECT professional_id FROM Treatments GROUP BY professional_id HAVING COUNT(*) >= 2) ORDER BY p.professional_id;"
dog_kennels,"What are the id, role, and first name of the professionals who have performed two or more treatments?","SELECT T1.professional_id ,  T1.role_code ,  T1.first_name FROM Professionals AS T1 JOIN Treatments AS T2 ON T1.professional_id  =  T2.professional_id GROUP BY T1.professional_id HAVING count(*)  >=  2","SELECT p.professional_id, p.role_code AS role, p.first_name FROM Professionals p INNER JOIN Treatments t ON p.professional_id = t.professional_id GROUP BY p.professional_id HAVING COUNT(t.treatment_id) >= 2;"
dog_kennels,What is the name of the breed with the most dogs?,SELECT T1.breed_name FROM Breeds AS T1 JOIN Dogs AS T2 ON T1.breed_code  =  T2.breed_code GROUP BY T1.breed_name ORDER BY count(*) DESC LIMIT 1,SELECT breed_name FROM Dogs JOIN Breeds ON Dogs.breed_code = Breeds.breed_code GROUP BY Dogs.breed_code ORDER BY COUNT(*) DESC LIMIT 1;
dog_kennels,Which breed do the most dogs have? Give me the breed name.,SELECT T1.breed_name FROM Breeds AS T1 JOIN Dogs AS T2 ON T1.breed_code  =  T2.breed_code GROUP BY T1.breed_name ORDER BY count(*) DESC LIMIT 1,SELECT breed_name FROM Breeds WHERE breed_code = (SELECT breed_code FROM Dogs GROUP BY breed_code ORDER BY COUNT(*) DESC LIMIT 1)
dog_kennels,Which owner has paid for the most treatments on his or her dogs? List the owner id and last name.,"SELECT T1.owner_id ,  T1.last_name FROM Owners AS T1 JOIN Dogs AS T2 ON T1.owner_id  =  T2.owner_id JOIN Treatments AS T3 ON T2.dog_id  =  T3.dog_id GROUP BY T1.owner_id ORDER BY count(*) DESC LIMIT 1","SELECT o.owner_id, o.last_name FROM Owners o JOIN Dogs d ON o.owner_id = d.owner_id JOIN Treatments t ON d.dog_id = t.dog_id GROUP BY o.owner_id ORDER BY COUNT(t.treatment_id) DESC LIMIT 1;"
dog_kennels,Tell me the owner id and last name of the owner who spent the most on treatments of his or her dogs.,"SELECT T1.owner_id ,  T1.last_name FROM Owners AS T1 JOIN Dogs AS T2 ON T1.owner_id  =  T2.owner_id JOIN Treatments AS T3 ON T2.dog_id  =  T3.dog_id GROUP BY T1.owner_id ORDER BY count(*) DESC LIMIT 1","SELECT O.owner_id, O.last_name FROM Treatments T INNER JOIN Dogs D ON T.dog_id = D.dog_id INNER JOIN Owners O ON D.owner_id = O.owner_id GROUP BY O.owner_id ORDER BY SUM(T.cost_of_treatment) DESC LIMIT 1;"
dog_kennels,What is the description of the treatment type that costs the least money in total?,SELECT T1.treatment_type_description FROM Treatment_types AS T1 JOIN Treatments AS T2 ON T1.treatment_type_code  =  T2.treatment_type_code GROUP BY T1.treatment_type_code ORDER BY sum(cost_of_treatment) ASC LIMIT 1,SELECT TT.treatment_type_description FROM Treatments T JOIN Treatment_Types TT ON T.treatment_type_code = TT.treatment_type_code GROUP BY TT.treatment_type_code ORDER BY SUM(T.cost_of_treatment) ASC LIMIT 1
dog_kennels,Give me the description of the treatment type whose total cost is the lowest.,SELECT T1.treatment_type_description FROM Treatment_types AS T1 JOIN Treatments AS T2 ON T1.treatment_type_code  =  T2.treatment_type_code GROUP BY T1.treatment_type_code ORDER BY sum(cost_of_treatment) ASC LIMIT 1,SELECT TT.treatment_type_description FROM Treatments T JOIN Treatment_Types TT ON T.treatment_type_code = TT.treatment_type_code GROUP BY T.treatment_type_code ORDER BY SUM(T.cost_of_treatment) ASC LIMIT 1;
dog_kennels,Which owner has paid the largest amount of money in total for their dogs? Show the owner id and zip code.,"SELECT T1.owner_id ,  T1.zip_code FROM Owners AS T1 JOIN Dogs AS T2 ON T1.owner_id  =  T2.owner_id JOIN Treatments AS T3 ON T2.dog_id  =  T3.dog_id GROUP BY T1.owner_id ORDER BY sum(T3.cost_of_treatment) DESC LIMIT 1","SELECT O.owner_id, O.zip_code FROM Owners O JOIN Dogs D ON O.owner_id = D.owner_id JOIN Treatments T ON D.dog_id = T.dog_id GROUP BY O.owner_id ORDER BY SUM(T.cost_of_treatment) DESC LIMIT 1;"
dog_kennels,Find the owner id and zip code of the owner who spent the most money in total for his or her dogs.,"SELECT T1.owner_id ,  T1.zip_code FROM Owners AS T1 JOIN Dogs AS T2 ON T1.owner_id  =  T2.owner_id JOIN Treatments AS T3 ON T2.dog_id  =  T3.dog_id GROUP BY T1.owner_id ORDER BY sum(T3.cost_of_treatment) DESC LIMIT 1","SELECT O.owner_id, O.zip_code FROM Dogs D JOIN Treatments T ON D.dog_id = T.dog_id JOIN Owners O ON D.owner_id = O.owner_id GROUP BY O.owner_id ORDER BY SUM(T.cost_of_treatment) DESC LIMIT 1;"
dog_kennels,Which professionals have done at least two types of treatments? List the professional id and cell phone.,"SELECT T1.professional_id ,  T1.cell_number FROM Professionals AS T1 JOIN Treatments AS T2 ON T1.professional_id  =  T2.professional_id GROUP BY T1.professional_id HAVING count(*)  >=  2","SELECT Professionals.professional_id, Professionals.cell_number FROM Professionals INNER JOIN Treatments ON Professionals.professional_id = Treatments.professional_id GROUP BY Professionals.professional_id HAVING COUNT(DISTINCT Treatments.treatment_type_code) >= 2;"
dog_kennels,Find the id and cell phone of the professionals who operate two or more types of treatments.,"SELECT T1.professional_id ,  T1.cell_number FROM Professionals AS T1 JOIN Treatments AS T2 ON T1.professional_id  =  T2.professional_id GROUP BY T1.professional_id HAVING count(*)  >=  2","SELECT p.professional_id, p.cell_number FROM Professionals p INNER JOIN Treatments t ON p.professional_id = t.professional_id GROUP BY p.professional_id HAVING COUNT(DISTINCT t.treatment_type_code) >= 2;"
dog_kennels,What are the first name and last name of the professionals who have done treatment with cost below average?,"SELECT DISTINCT T1.first_name ,  T1.last_name FROM Professionals AS T1 JOIN Treatments AS T2 WHERE cost_of_treatment  <  ( SELECT avg(cost_of_treatment) FROM Treatments )","SELECT DISTINCT Professionals.first_name, Professionals.last_name FROM Professionals INNER JOIN Treatments ON Professionals.professional_id = Treatments.professional_id WHERE Treatments.cost_of_treatment < (SELECT AVG(cost_of_treatment) FROM Treatments);"
dog_kennels,Which professionals have operated a treatment that costs less than the average? Give me theor first names and last names.,"SELECT DISTINCT T1.first_name ,  T1.last_name FROM Professionals AS T1 JOIN Treatments AS T2 WHERE cost_of_treatment  <  ( SELECT avg(cost_of_treatment) FROM Treatments )","SELECT DISTINCT Professionals.first_name,Professionals.last_name FROM Professionals INNER JOIN Treatments ON Professionals.professional_id=Treatments.professional_id WHERE Treatments.cost_of_treatment<(SELECT AVG(cost_of_treatment) FROM Treatments)"
dog_kennels,"List the date of each treatment, together with the first name of the professional who operated it.","SELECT T1.date_of_treatment ,  T2.first_name FROM Treatments AS T1 JOIN Professionals AS T2 ON T1.professional_id  =  T2.professional_id","SELECT Treatments.date_of_treatment, Professionals.first_name FROM Treatments INNER JOIN Professionals ON Treatments.professional_id = Professionals.professional_id;"
dog_kennels,What are the date and the operating professional's first name of each treatment?,"SELECT T1.date_of_treatment ,  T2.first_name FROM Treatments AS T1 JOIN Professionals AS T2 ON T1.professional_id  =  T2.professional_id","SELECT 'STILL ERROR: Error code: 429 - {'error': {'message': 'Rate limit reached for model `qwen/qwen3-32b` in organization `org_01kmxeaf0cff1s0r68tftvbt1n` service tier `on_demand` on tokens per minute (TPM): Limit 6000, Used 3469, Requested 2831. Please try again in 3s. Need more tokens? Upgrade to Dev Tier today at https://console.groq.com/settings/billing', 'type': 'tokens', 'code': 'rate_limit_exceeded'}}'"
dog_kennels,List the cost of each treatment and the corresponding treatment type description.,"SELECT T1.cost_of_treatment ,  T2.treatment_type_description FROM Treatments AS T1 JOIN treatment_types AS T2 ON T1.treatment_type_code  =  T2.treatment_type_code","SELECT Treatments.cost_of_treatment, Treatment_Types.treatment_type_description FROM Treatments INNER JOIN Treatment_Types ON Treatments.treatment_type_code = Treatment_Types.treatment_type_code;"
dog_kennels,What are the cost and treatment type description of each treatment?,"SELECT T1.cost_of_treatment ,  T2.treatment_type_description FROM Treatments AS T1 JOIN treatment_types AS T2 ON T1.treatment_type_code  =  T2.treatment_type_code","SELECT T.cost_of_treatment, TT.treatment_type_description FROM Treatments T JOIN Treatment_Types TT ON T.treatment_type_code = TT.treatment_type_code;"
dog_kennels,"List each owner's first name, last name, and the size of his for her dog.","SELECT T1.first_name ,  T1.last_name ,  T2.size_code FROM Owners AS T1 JOIN Dogs AS T2 ON T1.owner_id  =  T2.owner_id","SELECT Owners.first_name, Owners.last_name, Sizes.size_description FROM Owners INNER JOIN Dogs ON Owners.owner_id = Dogs.owner_id INNER JOIN Sizes ON Dogs.size_code = Sizes.size_code;"
dog_kennels,"What are each owner's first name, last name, and the size of their dog?","SELECT T1.first_name ,  T1.last_name ,  T2.size_code FROM Owners AS T1 JOIN Dogs AS T2 ON T1.owner_id  =  T2.owner_id","SELECT Owners.first_name, Owners.last_name, Sizes.size_description FROM Owners INNER JOIN Dogs ON Owners.owner_id = Dogs.owner_id INNER JOIN Sizes ON Dogs.size_code = Sizes.size_code;"
dog_kennels,List pairs of the owner's first name and the dogs's name.,"SELECT T1.first_name ,  T2.name FROM Owners AS T1 JOIN Dogs AS T2 ON T1.owner_id  =  T2.owner_id","SELECT Owners.first_name, Dogs.name FROM Owners INNER JOIN Dogs ON Owners.owner_id = Dogs.owner_id;"
dog_kennels,What are each owner's first name and their dogs's name?,"SELECT T1.first_name ,  T2.name FROM Owners AS T1 JOIN Dogs AS T2 ON T1.owner_id  =  T2.owner_id","SELECT Owners.first_name, Dogs.name FROM Owners INNER JOIN Dogs ON Owners.owner_id = Dogs.owner_id;"
dog_kennels,List the names of the dogs of the rarest breed and the treatment dates of them.,"SELECT T1.name ,  T2.date_of_treatment FROM Dogs AS T1 JOIN Treatments AS T2 ON T1.dog_id  =  T2.dog_id WHERE T1.breed_code  =  ( SELECT breed_code FROM Dogs GROUP BY breed_code ORDER BY count(*) ASC LIMIT 1 )","SELECT Dogs.name, Treatments.date_of_treatment FROM Dogs JOIN Treatments ON Dogs.dog_id = Treatments.dog_id WHERE Dogs.breed_code IN (SELECT breed_code FROM (SELECT breed_code,COUNT(*) AS cnt FROM Dogs GROUP BY breed_code ORDER BY cnt ASC LIMIT 1))"
dog_kennels,Which dogs are of the rarest breed? Show their names and treatment dates.,"SELECT T1.name ,  T2.date_of_treatment FROM Dogs AS T1 JOIN Treatments AS T2 ON T1.dog_id  =  T2.dog_id WHERE T1.breed_code  =  ( SELECT breed_code FROM Dogs GROUP BY breed_code ORDER BY count(*) ASC LIMIT 1 )","SELECT d.name, t.date_of_treatment FROM Dogs d JOIN Treatments t ON d.dog_id = t.dog_id WHERE d.breed_code = (SELECT breed_code FROM Dogs GROUP BY breed_code ORDER BY COUNT(*) ASC LIMIT 1)"
dog_kennels,Which dogs are owned by someone who lives in Virginia? List the owner's first name and the dog's name.,"SELECT T1.first_name ,  T2.name FROM Owners AS T1 JOIN Dogs AS T2 ON T1.owner_id  =  T2.owner_id WHERE T1.state  =  'Virginia'","SELECT Owners.first_name, Dogs.name FROM Dogs INNER JOIN Owners ON Dogs.owner_id = Owners.owner_id WHERE Owners.state = 'VA';"
dog_kennels,Find the first names of owners living in Virginia and the names of dogs they own.,"SELECT T1.first_name ,  T2.name FROM Owners AS T1 JOIN Dogs AS T2 ON T1.owner_id  =  T2.owner_id WHERE T1.state  =  'Virginia'","SELECT Owners.first_name, Dogs.name FROM Owners INNER JOIN Dogs ON Owners.owner_id = Dogs.owner_id WHERE Owners.state = 'Virginia';"
dog_kennels,What are the arriving date and the departing date of the dogs who have gone through a treatment?,"SELECT DISTINCT T1.date_arrived ,  T1.date_departed FROM Dogs AS T1 JOIN Treatments AS T2 ON T1.dog_id  =  T2.dog_id","SELECT DISTINCT Dogs.date_arrived, Dogs.date_departed FROM Dogs INNER JOIN Treatments ON Dogs.dog_id = Treatments.dog_id;"
dog_kennels,Find the arriving date and the departing date of the dogs that received a treatment.,"SELECT DISTINCT T1.date_arrived ,  T1.date_departed FROM Dogs AS T1 JOIN Treatments AS T2 ON T1.dog_id  =  T2.dog_id","SELECT date_arrived, date_departed FROM Dogs WHERE dog_id IN (SELECT dog_id FROM Treatments)"
dog_kennels,List the last name of the owner owning the youngest dog.,SELECT T1.last_name FROM Owners AS T1 JOIN Dogs AS T2 ON T1.owner_id  =  T2.owner_id WHERE T2.age  =  ( SELECT max(age) FROM Dogs ),SELECT O.last_name FROM Dogs D JOIN Owners O ON D.owner_id = O.owner_id ORDER BY D.date_of_birth DESC LIMIT 1;
dog_kennels,Who owns the youngest dog? Give me his or her last name.,SELECT T1.last_name FROM Owners AS T1 JOIN Dogs AS T2 ON T1.owner_id  =  T2.owner_id WHERE T2.age  =  ( SELECT max(age) FROM Dogs ),SELECT o.last_name FROM Dogs d JOIN Owners o ON d.owner_id = o.owner_id ORDER BY d.date_of_birth DESC LIMIT 1;
dog_kennels,List the emails of the professionals who live in the state of Hawaii or the state of Wisconsin.,SELECT email_address FROM Professionals WHERE state  =  'Hawaii' OR state  =  'Wisconsin',"SELECT email_address FROM Professionals WHERE state IN ('Hawaii','Wisconsin')"
dog_kennels,What are the emails of the professionals living in either the state of Hawaii or the state of Wisconsin?,SELECT email_address FROM Professionals WHERE state  =  'Hawaii' OR state  =  'Wisconsin',"SELECT email_address FROM Professionals WHERE state IN ('Hawaii','Wisconsin')"
dog_kennels,What are the arriving date and the departing date of all the dogs?,"SELECT date_arrived ,  date_departed FROM Dogs","SELECT date_arrived, date_departed FROM Dogs;"
dog_kennels,List the arrival date and the departure date for all the dogs.,"SELECT date_arrived ,  date_departed FROM Dogs","SELECT date_arrived, date_departed FROM Dogs;"
dog_kennels,How many dogs went through any treatments?,SELECT count(DISTINCT dog_id) FROM Treatments,SELECT COUNT(DISTINCT dog_id) FROM Treatments;
dog_kennels,Count the number of dogs that went through a treatment.,SELECT count(DISTINCT dog_id) FROM Treatments,SELECT COUNT(DISTINCT dog_id) FROM Treatments;
dog_kennels,How many professionals have performed any treatment to dogs?,SELECT count(DISTINCT professional_id) FROM Treatments,SELECT COUNT(DISTINCT professional_id) FROM Treatments;
dog_kennels,Find the number of professionals who have ever treated dogs.,SELECT count(DISTINCT professional_id) FROM Treatments,SELECT COUNT(DISTINCT professional_id) FROM Treatments;
dog_kennels,"Which professionals live in a city containing the substring 'West'? List his or her role, street, city and state.","SELECT role_code ,  street ,  city ,  state FROM professionals WHERE city LIKE '%West%'","SELECT role_code AS role, street, city, state FROM Professionals WHERE city LIKE '%West%';"
dog_kennels,"Find the role, street, city and state of the professionals living in a city that contains the substring 'West'.","SELECT role_code ,  street ,  city ,  state FROM professionals WHERE city LIKE '%West%'","SELECT role_code,street,city,state FROM Professionals WHERE city LIKE '%West%'"
dog_kennels,"Which owners live in the state whose name contains the substring 'North'? List his first name, last name and email.","SELECT first_name ,  last_name ,  email_address FROM Owners WHERE state LIKE '%North%'","SELECT first_name, last_name, email_address FROM Owners WHERE state LIKE '%North%';"
dog_kennels,"Return the first name, last name and email of the owners living in a state whose name contains the substring 'North'.","SELECT first_name ,  last_name ,  email_address FROM Owners WHERE state LIKE '%North%'","SELECT first_name, last_name, email_address FROM Owners WHERE state LIKE '%North%'"
dog_kennels,How many dogs have an age below the average?,SELECT count(*) FROM Dogs WHERE age  <  ( SELECT avg(age) FROM Dogs ),SELECT COUNT(*) FROM Dogs WHERE CAST(age AS REAL) < (SELECT AVG(CAST(age AS REAL)) FROM Dogs)
dog_kennels,Count the number of dogs of an age below the average.,SELECT count(*) FROM Dogs WHERE age  <  ( SELECT avg(age) FROM Dogs ),SELECT COUNT(*) FROM Dogs WHERE CAST(age AS REAL) < (SELECT AVG(CAST(age AS REAL)) FROM Dogs WHERE age IS NOT NULL) AND age IS NOT NULL;
dog_kennels,How much does the most recent treatment cost?,SELECT cost_of_treatment FROM Treatments ORDER BY date_of_treatment DESC LIMIT 1,SELECT cost_of_treatment FROM Treatments ORDER BY date_of_treatment DESC LIMIT 1;
dog_kennels,Show me the cost of the most recently performed treatment.,SELECT cost_of_treatment FROM Treatments ORDER BY date_of_treatment DESC LIMIT 1,SELECT cost_of_treatment FROM Treatments ORDER BY date_of_treatment DESC LIMIT 1;
dog_kennels,How many dogs have not gone through any treatment?,SELECT count(*) FROM Dogs WHERE dog_id NOT IN ( SELECT dog_id FROM Treatments ),SELECT COUNT(*) FROM Dogs WHERE dog_id NOT IN (SELECT DISTINCT dog_id FROM Treatments);
dog_kennels,Tell me the number of dogs that have not received any treatment .,select count(*) from dogs where dog_id not in ( select dog_id from treatments ),"SELECT COUNT(*) FROM Dogs d LEFT JOIN Treatments t ON d.dog_id = t.dog_id WHERE t.treatment_id IS NULL;  But wait, if a dog has multiple treatments, the LEFT JOIN would still include them, but the WHERE condition would filter out any dogs that have at least one treatment. Because if there's a treatment, t.treatment_id would not be NULL. So this should work.  Approach 2: Using NOT EXISTS. SELECT COUNT(*) FROM Dogs d WHERE NOT EXISTS (SELECT 1 FROM Treatments t WHERE t.dog_id = d.dog_id);  That might be more efficient because it stops checking once it finds a treatment for the dog. But again, with proper indexes, both could work.  But the user is using SQLite. Let me check which approach is better for SQLite. But regardless, the LEFT JOIN approach is straightforward.  Wait, but sometimes when using LEFT JOIN, if a dog has multiple treatments, the COUNT would still count it once. Because the WHERE clause would exclude any dogs that have any treatment. Because for dogs with treatments, the LEFT JOIN would have non-NULL treatment_id. So the LEFT JOIN approach should work.  But let me test with sample data. Suppose there are two dogs: Dog1 with treatment, Dog2 without. The LEFT JOIN would give for Dog1 a row where t.treatment_id is not NULL, so excluded. Dog2 would have t.treatment_id NULL. So count is 1. Correct.  So the correct SQL would be:  SELECT COUNT(*) FROM Dogs LEFT JOIN Treatments ON Dogs.dog_id = Treatments.dog_id WHERE Treatments.treatment_id IS NULL;  But wait, in SQLite, when you LEFT JOIN, if there's no matching row in the right table, the columns from the right table are set to NULL. So checking for Treatments.treatment_id IS NULL would correctly identify dogs with no treatments.  But another thing to consider: if there are multiple treatments for a dog, this approach would still count that dog once. Because the LEFT JOIN would create multiple rows if there are multiple treatments, but the WHERE condition would exclude those dogs. Wait, no. If a dog has at least one treatment, then in the LEFT JOIN, there would be at least one row where Treatments.treatment_id is not NULL. For dogs with treatments, they would be excluded from the result. Only dogs without any treatments would have all their Treatments columns as NULL. So the LEFT JOIN approach works.  But if I use COUNT(DISTINCT Dogs.dog_id) in case of multiple rows, but since the WHERE condition ensures that only dogs without treatments are included, each such dog would have one row (with NULL treatment_id), so COUNT(*) would be correct.  So the correct query is:  SELECT COUNT(*) FROM Dogs LEFT JOIN Treatments ON Dogs.dog_id = Treatments.dog_id WHERE Treatments.treatment_id IS NULL;  But wait, another approach is to do a subquery with NOT IN:  SELECT COUNT(*) FROM Dogs WHERE dog_id NOT IN (SELECT DISTINCT dog_id FROM Treatments);  But what if a dog has multiple treatments? The DISTINCT ensures that we get each dog_id once. So both approaches should work.  Which one is better? It depends on the data and indexes. But for the purpose of writing the query, perhaps the NOT IN approach is simpler. However, sometimes LEFT JOIN is more efficient if there's an index on dog_id in Treatments.  But in SQLite, how does it handle these? Well, either way, the user wants the correct SQL. Let me check if there's any possible mistake.  Wait, what if a dog has a treatment but the treatment_id is NULL? But according to the schema, Treatments.treatment_id is the primary key, so it can't be NULL. So the Treatments table's dog_id is NOT NULL, and treatment_id is the primary key. Therefore, in the LEFT JOIN approach, any dog in Treatments will have a non-NULL treatment_id. Therefore, the LEFT JOIN approach is correct.  So the correct SQL would be:  SELECT COUNT(*) FROM Dogs LEFT JOIN Treatments ON Dogs.dog_id = Treatments.dog_id WHERE Treatments.dog_id IS NULL;  Wait, no. Because in the LEFT JOIN, the ON condition is Dogs.dog_id = Treatments.dog_id. For dogs that have no treatments, all columns of Treatments would be NULL, including treatment_id. So checking WHERE Treatments.treatment_id IS NULL would work. But another way is to check WHERE Treatments.dog_id IS NULL. Which one is better? Either way, since if there's no match, all columns are NULL. So both conditions would work.  But perhaps using Treatments.dog_id IS NULL is better? Because the JOIN condition is on dog_id. If there's no match, Treatments.dog_id would be NULL. So checking WHERE Treatments.dog_id IS NULL would also work.  But in practice, either condition would work. Let me check with SQLite. Suppose I have a LEFT JOIN, and check for any column in the right table being NULL. So, for example:  If I have a Dogs table with dog_id 1, and Treatments has no entry for 1. Then, after LEFT JOIN, the row would have Dogs.dog_id=1 and Treatments.dog_id=NULL. So checking WHERE Treatments.dog_id IS NULL would include that row.  Alternatively, checking WHERE Treatments.treatment_id IS NULL would also include that row.  But if the Treatments table has a dog_id that is NULL, but according to the schema, dog_id is NOT NULL. So in that case, both conditions are equivalent.  So either way, the query would work.  But perhaps the more standard approach is to check for a column that is part of the joined table. For example, using the dog_id in the Treatments table. But I think both are correct.  Now, considering that, the SQL query can be written either way.  But perhaps using the LEFT JOIN and checking for Treatments.dog_id IS NULL is better because the JOIN is on dog_id. Let me proceed with that.  But in practice, both conditions would work. So the query would be:  SELECT COUNT(*) FROM Dogs LEFT JOIN Treatments ON Dogs.dog_id = Treatments.dog_id WHERE Treatments.dog_id IS NULL;  Alternatively, using the NOT IN approach:  SELECT COUNT(*) FROM Dogs WHERE dog_id NOT IN (SELECT dog_id FROM Treatments);  But what if the Treatments table is empty? Then, the first approach would count all dogs, and the second approach would also count all dogs. Both correct.  But what if there are dogs with multiple treatments? The subquery with NOT IN uses SELECT DISTINCT implicitly? Well, the subquery in NOT IN (SELECT dog_id FROM Treatments) would return all dog_ids that have at least one treatment. Even if a dog has multiple treatments, the subquery would return it once. So the NOT IN approach would work.  So which method is better? The LEFT JOIN approach may have to process more rows if there are many treatments per dog, but the NOT IN approach may have to process the subquery. It's hard to say which is better without knowing the data. But both are valid.  The user wants the correct SQL. Let's pick one. Let's go with the LEFT JOIN approach because it's a common method for this problem.  So the final SQL would be:  SELECT COUNT(*) FROM Dogs LEFT JOIN Treatments ON Dogs.dog_id = Treatments.dog_id WHERE Treatments.dog_id IS NULL;  But wait, another thing: if a dog has multiple treatments, this query would count it once? Because when you LEFT JOIN, each dog in Dogs would be joined with all matching treatments. But when there's at least one treatment, the WHERE condition would exclude it. Only when there are zero treatments, the Treatments.dog_id would be NULL, and the dog would be counted once. So yes, this query is correct.  Another way to test: if a dog has zero treatments, the LEFT JOIN would produce one row with Treatments.dog_id NULL. If a dog has one or more treatments, the LEFT JOIN would produce one row for each treatment. But in that case, Treatments.dog_id is not NULL, so those rows are excluded. Therefore, the WHERE clause would exclude all dogs that have any treatment. Therefore, the COUNT(*) would count the number of dogs with no treatments. Correct.  Therefore, the correct"
dog_kennels,How many owners temporarily do not have any dogs?,SELECT count(*) FROM Owners WHERE owner_id NOT IN ( SELECT owner_id FROM Dogs ),SELECT COUNT(*) FROM Owners LEFT JOIN Dogs ON Owners.owner_id = Dogs.owner_id WHERE Dogs.owner_id IS NULL;
dog_kennels,Find the number of owners who do not own any dogs at this moment.,SELECT count(*) FROM Owners WHERE owner_id NOT IN ( SELECT owner_id FROM Dogs ),SELECT COUNT(*) FROM Owners WHERE owner_id NOT IN (SELECT DISTINCT owner_id FROM Dogs);
dog_kennels,How many professionals did not operate any treatment on dogs?,SELECT count(*) FROM Professionals WHERE professional_id NOT IN ( SELECT professional_id FROM Treatments ),SELECT COUNT(*) FROM Professionals WHERE professional_id NOT IN (SELECT professional_id FROM Treatments);
dog_kennels,Find the number of professionals who have not treated any dogs.,SELECT count(*) FROM Professionals WHERE professional_id NOT IN ( SELECT professional_id FROM Treatments ),"SELECT COUNT(*) FROM Professionals LEFT JOIN Treatments ON Professionals.professional_id = Treatments.professional_id WHERE Treatments.treatment_id IS NULL;  Wait, but if a professional has multiple treatments, the LEFT JOIN would still have at least one row with a non-NULL treatment_id. However, if we do a LEFT JOIN and check for NULLs, we need to make sure that there are no matching rows. But if there's even one treatment, the joined row would exist. However, if we do a LEFT JOIN and check for Treatments.professional_id IS NULL, that would work because if there's any match, the professional_id in Treatments would not be null. Wait, maybe I should use a LEFT JOIN and check for the primary key of Treatments being NULL. Since Treatments have a primary key treatment_id, if there's no match, treatment_id would be NULL.  Yes, so the correct way is to do a LEFT JOIN and check for the treatment_id being NULL. So the query would be:  SELECT COUNT(*) FROM Professionals p LEFT JOIN Treatments t ON p.professional_id = t.professional_id WHERE t.treatment_id IS NULL;  But wait, what if a professional has multiple treatments? The LEFT JOIN would return multiple rows for that professional? No, because if there are multiple treatments, the LEFT JOIN would create multiple rows. However, since we are counting the number of professionals, not the number of treatments, we need to make sure that we count each professional once even if they have multiple treatments. Wait, no. Actually, if a professional has at least one treatment, they should not be counted. The problem is that when using LEFT JOIN, if a professional has any treatment, then t.treatment_id would not be NULL, so they would be excluded from the count. So if a professional has any treatment, they are excluded. So the LEFT JOIN approach would work.  But another problem is that if a professional has multiple treatments, the LEFT JOIN would return multiple rows for them. However, when we do the COUNT(*), we need to count distinct professionals. Wait, no. Because if a professional has two treatments, the LEFT JOIN would have two rows (with t.treatment_id not null), so when we do WHERE t.treatment_id IS NULL, those professionals are excluded. But for professionals with no treatments, the LEFT JOIN would produce a single row with t.treatment_id NULL. Therefore, the COUNT(*) would count each such professional once. So the query as written would correctly count the number of professionals with no treatments.  Alternatively, maybe using a subquery with NOT IN. For example:  SELECT COUNT(*) FROM Professionals WHERE professional_id NOT IN (SELECT DISTINCT professional_id FROM Treatments);  But what if there are professionals with no entries in Treatments? The NOT IN would include them. However, what if the Treatments table has professional_ids that are not present in Professionals? Well, since Treatments has a foreign key to Professionals, that shouldn't happen. Assuming referential integrity is maintained, the subquery approach would also work.  But which is better? The LEFT JOIN approach might include duplicates if a professional has multiple treatments, but in reality, since we are counting all rows where the treatment is null, which would only happen for professionals not in Treatments. However, each such professional would be represented once. So both approaches should work.  But perhaps using NOT EXISTS is more efficient. Let me think. The NOT EXISTS approach would be:  SELECT COUNT(*) FROM Professionals p WHERE NOT EXISTS (SELECT 1 FROM Treatments t WHERE t.professional_id = p.professional_id);  This would check for each professional if there's no corresponding treatment. This is probably the most efficient way, but in SQLite, all these methods are possible.  But the user wants the SQL code. Let me check the tables again. The Professionals table has professional_id as primary key. The Treatments table has professional_id as a foreign key.  So, using the LEFT JOIN method:  SELECT COUNT(DISTINCT p.professional_id) FROM Professionals p LEFT JOIN Treatments t ON p.professional_id = t.professional_id WHERE t.treatment_id IS NULL;  Wait, but COUNT(*) would count the number of rows. Since each professional not in Treatments would have one row here. But if there are multiple professionals, COUNT(*) would be correct. However, if a professional has no treatments, the LEFT JOIN would produce one row (p's data and NULLs for t). So COUNT(*) would be the same as COUNT(DISTINCT p.professional_id). However, if there are professionals with multiple treatments, they would not appear here. So the query could be written as either COUNT(*) or COUNT(DISTINCT ...). But perhaps using COUNT(*) is sufficient.  But let me test with an example. Suppose there are 2 professionals: A and B. A has no treatments, B has 2 treatments. The LEFT JOIN would produce 1 row for A (with t NULL) and 2 rows for B (with t's data). The WHERE clause would filter out B's rows, leaving only A's row. COUNT(*) would be 1, which is correct. So COUNT(*) is correct here.  But if there are multiple professionals with no treatments, each would contribute one row. So COUNT(*) would be the correct count.  Therefore, the LEFT JOIN approach works. Alternatively, using the NOT IN approach.  But perhaps the user wants the simplest query. Let me write both options.  But the question is to return the correct SQL. Let me think which is better. The LEFT JOIN ... WHERE t.professional_id IS NULL approach may not be correct. Wait, no. The WHERE condition is on t.treatment_id IS NULL. Because when there is no matching row in Treatments, all columns from t are NULL. So t.treatment_id would be NULL. Therefore, the correct query is:  SELECT COUNT(*) FROM Professionals LEFT JOIN Treatments ON Professionals.professional_id = Treatments.professional_id WHERE Treatments.treatment_id IS NULL;  But another thing to note is that if a professional has multiple treatments, they are excluded. So this query should work.  Alternatively, perhaps using a subquery with NOT IN:  SELECT COUNT(*) FROM Professionals WHERE professional_id NOT IN (SELECT professional_id FROM Treatments WHERE professional_id IS NOT NULL);  But what if the Treatments table has professional_id NULL? Well, since the foreign key constraint requires that professional_id references Professionals, but in reality, maybe it's allowed to be NULL? Wait, looking back at the Professionals table structure: no, the Professionals table's primary key is professional_id. The Treatments table's professional_id is a foreign key to Professionals. The Treatments table's structure is:  CREATE TABLE `Treatments` ( `treatment_id` INTEGER PRIMARY KEY , `dog_id` INTEGER NOT NULL, `professional_id` INTEGER NOT NULL, ... FOREIGN KEY (`professional_id` ) REFERENCES `Professionals`(`professional_id` ), ...  Ah, the professional_id in Treatments is NOT NULL. Therefore, any row in Treatments has a professional_id. Therefore, the subquery SELECT professional_id FROM Treatments will not have NULLs, so the NOT IN is safe. Therefore, another option is:  SELECT (SELECT COUNT(*) FROM Professionals) - (SELECT COUNT(DISTINCT professional_id) FROM Treatments);  But that's another approach. However, if all professionals have treated dogs, but some have treated multiple, the COUNT(DISTINCT) would give the number of professionals who have treated at least one dog. Subtracting from total gives those who have none.  But what if there are professionals in the Professionals table but not in Treatments?  Yes. So the query would be:  SELECT (SELECT COUNT(*) FROM Professionals) - (SELECT COUNT(DISTINCT professional_id) FROM Treatments);  But this approach could be problematic if there are no professionals, but in this case, it's a valid approach. However, if the Treatments table is empty, COUNT(DISTINCT professional_id) would be 0, so the result would be the total number of professionals.  But this approach assumes that all professionals are in the Professionals table, which they are. However, this approach may not account for professionals who have professional_id"
dog_kennels,"List the dog name, age and weight of the dogs who have been abandoned? 1 stands for yes, and 0 stands for no.","SELECT name ,  age ,  weight FROM Dogs WHERE abandoned_yn  =  1","SELECT name, age, weight FROM Dogs WHERE abandoned_yn = '1';"
dog_kennels,"What are the dog name, age and weight of the dogs that were abandoned? Note that 1 stands for yes, and 0 stands for no in the tables.","SELECT name ,  age ,  weight FROM Dogs WHERE abandoned_yn  =  1","SELECT name, age, weight FROM Dogs WHERE abandoned_yn = '1';"
dog_kennels,What is the average age of all the dogs?,SELECT avg(age) FROM Dogs,SELECT AVG(CAST(age AS REAL)) FROM Dogs;
dog_kennels,Compute the average age of all the dogs.,SELECT avg(age) FROM Dogs,SELECT AVG((julianday('now') - julianday(date_of_birth)) / 365.25) FROM Dogs;
dog_kennels,What is the age of the oldest dog?,SELECT max(age) FROM Dogs,"SELECT MAX((strftime('%Y', 'now') - strftime('%Y', date_of_birth)) - (CASE WHEN strftime('%m-%d', 'now') < strftime('%m-%d', date_of_birth) THEN 1 ELSE 0 END)) FROM Dogs WHERE date_of_birth IS NOT NULL;"
dog_kennels,Tell me the age of the oldest dog.,SELECT max(age) FROM Dogs,"SELECT MAX((strftime('%Y', 'now') - strftime('%Y', date_of_birth)) - (strftime('%m-%d', 'now') < strftime('%m-%d', date_of_birth))) AS oldest_age FROM Dogs;"
dog_kennels,How much does each charge type costs? List both charge type and amount.,"SELECT charge_type ,  charge_amount FROM Charges","SELECT charge_type, charge_amount FROM Charges;"
dog_kennels,List each charge type and its amount.,"SELECT charge_type ,  charge_amount FROM Charges","SELECT charge_type, charge_amount FROM Charges;"
dog_kennels,How much does the most expensive charge type costs?,SELECT max(charge_amount) FROM Charges,SELECT MAX(charge_amount) FROM Charges;
dog_kennels,What is the charge amount of the most expensive charge type?,SELECT max(charge_amount) FROM Charges,SELECT MAX(charge_amount) FROM Charges;
dog_kennels,"List the email, cell phone and home phone of all the professionals.","SELECT email_address ,  cell_number ,  home_phone FROM professionals","SELECT email_address,cell_number,home_phone FROM Professionals;"
dog_kennels,"What are the email, cell phone and home phone of each professional?","SELECT email_address ,  cell_number ,  home_phone FROM professionals","SELECT email_address,cell_number,home_phone FROM Professionals;"
dog_kennels,What are all the possible breed type and size type combinations?,"SELECT DISTINCT breed_code ,  size_code FROM dogs","SELECT DISTINCT b.breed_name, s.size_description FROM Dogs d JOIN Breeds b ON d.breed_code = b.breed_code JOIN Sizes s ON d.size_code = s.size_code"
dog_kennels,Find the distinct breed type and size type combinations for dogs.,"SELECT DISTINCT breed_code ,  size_code FROM dogs","SELECT DISTINCT b.breed_name,s.size_description FROM Dogs d JOIN Breeds b ON d.breed_code = b.breed_code JOIN Sizes s ON d.size_code = s.size_code;"
dog_kennels,List the first name of all the professionals along with the description of the treatment they have done.,"SELECT DISTINCT T1.first_name ,  T3.treatment_type_description FROM professionals AS T1 JOIN Treatments AS T2 ON T1.professional_id  =  T2.professional_id JOIN Treatment_types AS T3 ON T2.treatment_type_code  =  T3.treatment_type_code","SELECT Professionals.first_name, Treatment_Types.treatment_type_description FROM Professionals INNER JOIN Treatments ON Professionals.professional_id = Treatments.professional_id INNER JOIN Treatment_Types ON Treatments.treatment_type_code = Treatment_Types.treatment_type_code;"
dog_kennels,What are each professional's first name and description of the treatment they have performed?,"SELECT DISTINCT T1.first_name ,  T3.treatment_type_description FROM professionals AS T1 JOIN Treatments AS T2 ON T1.professional_id  =  T2.professional_id JOIN Treatment_types AS T3 ON T2.treatment_type_code  =  T3.treatment_type_code","SELECT Professionals.first_name, Treatment_Types.treatment_type_description FROM Professionals INNER JOIN Treatments ON Professionals.professional_id = Treatments.professional_id INNER JOIN Treatment_Types ON Treatments.treatment_type_code = Treatment_Types.treatment_type_code;"
singer,How many singers are there?,SELECT count(*) FROM singer,SELECT COUNT(Singer_ID) FROM singer;
singer,What is the count of singers?,SELECT count(*) FROM singer,SELECT COUNT(*) FROM singer;
singer,List the name of singers in ascending order of net worth.,SELECT Name FROM singer ORDER BY Net_Worth_Millions ASC,SELECT Name FROM singer ORDER BY Net_Worth_Millions ASC;
singer,What are the names of singers ordered by ascending net worth?,SELECT Name FROM singer ORDER BY Net_Worth_Millions ASC,SELECT Name FROM singer ORDER BY Net_Worth_Millions ASC;
singer,What are the birth year and citizenship of singers?,"SELECT Birth_Year ,  Citizenship FROM singer","SELECT Birth_Year, Citizenship FROM singer;"
singer,What are the birth years and citizenships of the singers?,"SELECT Birth_Year ,  Citizenship FROM singer","SELECT Birth_Year, Citizenship FROM singer;"
singer,"List the name of singers whose citizenship is not ""France"".","SELECT Name FROM singer WHERE Citizenship != ""France""",SELECT Name FROM singer WHERE Citizenship != 'France';
singer,What are the names of the singers who are not French citizens?,"SELECT Name FROM singer WHERE Citizenship != ""France""",SELECT Name FROM singer WHERE Citizenship != 'French';
singer,Show the name of singers whose birth year is either 1948 or 1949?,SELECT Name FROM singer WHERE Birth_Year  =  1948 OR Birth_Year  =  1949,"SELECT Name FROM singer WHERE Birth_Year IN (1948,1949);"
singer,What are the names of the singers whose birth years are either 1948 or 1949?,SELECT Name FROM singer WHERE Birth_Year  =  1948 OR Birth_Year  =  1949,"SELECT Name FROM singer WHERE Birth_Year IN (1948, 1949);"
singer,What is the name of the singer with the largest net worth?,SELECT Name FROM singer ORDER BY Net_Worth_Millions DESC LIMIT 1,SELECT Name FROM singer ORDER BY Net_Worth_Millions DESC LIMIT 1;
singer,What is the name of the singer who is worth the most?,SELECT Name FROM singer ORDER BY Net_Worth_Millions DESC LIMIT 1,SELECT Name FROM singer ORDER BY Net_Worth_Millions DESC LIMIT 1;
singer,Show different citizenship of singers and the number of singers of each citizenship.,"SELECT Citizenship ,  COUNT(*) FROM singer GROUP BY Citizenship","SELECT Citizenship, COUNT(*) FROM singer GROUP BY Citizenship;"
singer,"For each citizenship, how many singers are from that country?","SELECT Citizenship ,  COUNT(*) FROM singer GROUP BY Citizenship","SELECT Citizenship, COUNT(Singer_ID) FROM singer GROUP BY Citizenship;"
singer,Please show the most common citizenship of singers.,SELECT Citizenship FROM singer GROUP BY Citizenship ORDER BY COUNT(*) DESC LIMIT 1,SELECT Citizenship FROM singer GROUP BY Citizenship ORDER BY COUNT(*) DESC LIMIT 1;
singer,What is the most common singer citizenship ?,select citizenship from singer group by citizenship order by count(*) desc limit 1,SELECT Citizenship FROM singer GROUP BY Citizenship ORDER BY COUNT(*) DESC LIMIT 1;
singer,Show different citizenships and the maximum net worth of singers of each citizenship.,"SELECT Citizenship ,  max(Net_Worth_Millions) FROM singer GROUP BY Citizenship","SELECT Citizenship, MAX(Net_Worth_Millions) FROM singer GROUP BY Citizenship;"
singer,"For each citizenship, what is the maximum net worth?","SELECT Citizenship ,  max(Net_Worth_Millions) FROM singer GROUP BY Citizenship","SELECT Citizenship, MAX(Net_Worth_Millions) FROM singer GROUP BY Citizenship;"
singer,Show titles of songs and names of singers.,"SELECT T2.Title ,  T1.Name FROM singer AS T1 JOIN song AS T2 ON T1.Singer_ID  =  T2.Singer_ID","SELECT song.Title, singer.Name FROM song INNER JOIN singer ON song.Singer_ID = singer.Singer_ID;"
singer,What are the song titles and singer names?,"SELECT T2.Title ,  T1.Name FROM singer AS T1 JOIN song AS T2 ON T1.Singer_ID  =  T2.Singer_ID","SELECT song.Title, singer.Name FROM song INNER JOIN singer ON song.Singer_ID = singer.Singer_ID;"
singer,Show distinct names of singers that have songs with sales more than 300000.,SELECT DISTINCT T1.Name FROM singer AS T1 JOIN song AS T2 ON T1.Singer_ID  =  T2.Singer_ID WHERE T2.Sales  >  300000,"SELECT 'STILL ERROR: Error code: 429 - {'error': {'message': 'Rate limit reached for model `qwen/qwen3-32b` in organization `org_01kmxeaf0cff1s0r68tftvbt1n` service tier `on_demand` on tokens per minute (TPM): Limit 6000, Used 4204, Requested 2253. Please try again in 4.569999999s. Need more tokens? Upgrade to Dev Tier today at https://console.groq.com/settings/billing', 'type': 'tokens', 'code': 'rate_limit_exceeded'}}'"
singer,what are the different names of the singers that have sales more than 300000?,SELECT DISTINCT T1.Name FROM singer AS T1 JOIN song AS T2 ON T1.Singer_ID  =  T2.Singer_ID WHERE T2.Sales  >  300000,SELECT DISTINCT s.Name FROM singer s JOIN song so ON s.Singer_ID = so.Singer_ID WHERE so.Sales > 300000;
singer,Show the names of singers that have more than one song.,SELECT T1.Name FROM singer AS T1 JOIN song AS T2 ON T1.Singer_ID  =  T2.Singer_ID GROUP BY T1.Name HAVING COUNT(*)  >  1,SELECT Name FROM singer WHERE Singer_ID IN (SELECT Singer_ID FROM song GROUP BY Singer_ID HAVING COUNT(*) > 1)
singer,What are the names of the singers that have more than one songs?,SELECT T1.Name FROM singer AS T1 JOIN song AS T2 ON T1.Singer_ID  =  T2.Singer_ID GROUP BY T1.Name HAVING COUNT(*)  >  1,SELECT s.Name FROM singer s JOIN song so ON s.Singer_ID = so.Singer_ID GROUP BY s.Singer_ID HAVING COUNT(so.Song_ID) > 1;
singer,Show the names of singers and the total sales of their songs.,"SELECT T1.Name ,  sum(T2.Sales) FROM singer AS T1 JOIN song AS T2 ON T1.Singer_ID  =  T2.Singer_ID GROUP BY T1.Name","SELECT s.Name, SUM(so.Sales) FROM singer s INNER JOIN song so ON s.Singer_ID = so.Singer_ID GROUP BY s.Singer_ID, s.Name;"
singer,"For each singer name, what is the total sales for their songs?","SELECT T1.Name ,  sum(T2.Sales) FROM singer AS T1 JOIN song AS T2 ON T1.Singer_ID  =  T2.Singer_ID GROUP BY T1.Name","SELECT s.Name, SUM(so.Sales) FROM singer s JOIN song so ON s.Singer_ID = so.Singer_ID GROUP BY s.Singer_ID, s.Name;"
singer,List the name of singers that do not have any song.,SELECT Name FROM singer WHERE Singer_ID NOT IN (SELECT Singer_ID FROM song),"SELECT s.Name FROM singer s LEFT JOIN song so ON s.Singer_ID = so.Singer_ID WHERE so.Song_ID IS NULL;  Wait, but if a singer has multiple songs, the LEFT JOIN would still have one row for the singer and multiple rows for songs. But in this case, since we're checking for so.Song_ID IS NULL, any singer not present in the song table would have NULLs in the joined columns. So that should work. But sometimes, if a singer has songs, the LEFT JOIN would return rows with non-NULL so.Song_ID, so they would be excluded. So this should correctly list singers with no songs.  Another way is using NOT IN:  SELECT Name FROM singer WHERE Singer_ID NOT IN (SELECT DISTINCT Singer_ID FROM song);  But what if a singer has no entries in the song table? Then the subquery returns some IDs, and the NOT IN picks those not in that list. However, if a singer's Singer_ID is NULL in the song table? No, because Singer_ID in the song table references singer's Singer_ID, which is a primary key, so it can't be NULL. So the subquery would return all the Singer_IDs that have at least one song, and the NOT IN would get those that don't. But if there are no songs, then the subquery returns no rows. Then the NOT IN condition becomes Singer_ID NOT IN (nothing), which would be all singers. Which is correct.  But sometimes, using NOT EXISTS might be better. For example:  SELECT s.Name FROM singer s WHERE NOT EXISTS (SELECT 1 FROM song so WHERE so.Singer_ID = s.Singer_ID);  This checks for the absence of any song with the same Singer_ID. This might be more efficient because it stops searching once it finds a match, whereas NOT IN might have to collect all the IDs first.  But the user is using SQLite. All three approaches should work. Let me think about possible edge cases. Suppose there are singers with multiple songs. All methods should handle that. Also, if a singer has zero songs.  Now, which method is better? The LEFT JOIN approach might return duplicates if a singer has multiple songs, but since we are selecting only those with no songs, it would return zero rows for them. Wait, no. If a singer has no songs, the LEFT JOIN would produce one row with the singer's data and NULLs for the song columns. So the SELECT would get their Name once. If a singer has songs, then the LEFT JOIN would produce as many rows as songs, but since so.Song_ID is not NULL, they are excluded. So the LEFT JOIN method should return the correct names once each.  But what if a singer has multiple songs? The LEFT JOIN would produce multiple rows, but since we are filtering for so.Song_ID IS NULL, they wouldn't be included. So that's okay.  Now, the problem with the LEFT JOIN approach is that if there are multiple songs for a singer, but we want to exclude them. The LEFT JOIN approach would include the singer only if there's no matching song. So the LEFT JOIN approach is correct.  But for the answer, which one should I use? The user wants the SQL query. Both approaches are valid. Let me check which one is more efficient. For example, if the song table is large, the subquery approach might be better. But in SQLite, sometimes the LEFT JOIN is straightforward.  But let's think about the case where a singer has some songs but not others. For example, if a singer has at least one song, they should be excluded. The LEFT JOIN approach would have so.Singer_ID not NULL, so the WHERE clause would exclude them. Thus, the LEFT JOIN approach works.  But in the LEFT JOIN approach, if there are multiple songs for a singer, then the singer would appear multiple times? No, because for each song, the join would create a row. But for singers with songs, the WHERE clause would exclude them. For singers without songs, they would appear once. So the result would be correct. However, if a singer has no songs, they would be listed once. So the query would return the correct names.  But what if there are multiple singers with no songs? The query would return each once. Which is correct.  So both methods should work. Let me pick one. The LEFT JOIN is perhaps more common for this kind of problem. Let me write that.  So the SQL would be:  SELECT s.Name FROM singer s LEFT JOIN song so ON s.Singer_ID = so.Singer_ID WHERE so.Song_ID IS NULL;  Wait, but what if there are multiple songs for a singer? For example, if a singer has two songs, then in the LEFT JOIN, so.Singer_ID would be their ID, and so.Song_ID would be non-NULL. So the WHERE clause would exclude them. So the query would return the singer's name only if there are no matching songs. Therefore, the query is correct.  But wait, what if a singer has some songs but not all? No, if they have at least one song, then the LEFT JOIN would have so.Song_ID not NULL for that row. But the WHERE clause is looking for so.Song_ID IS NULL. So the singer would not be included. Correct.  But there's a problem here. Suppose a singer has multiple songs. The LEFT JOIN would produce multiple rows for that singer, each with a non-NULL Song_ID. Therefore, in the WHERE clause, those rows would be excluded. So the singer would not appear in the result. Which is correct. However, if a singer has no songs, then the LEFT JOIN would produce one row with so.Song_ID as NULL, so they are included. Therefore, the query is correct.  But there's another issue: if the song table has multiple entries for the same singer, but we want to check if they have any songs. The LEFT JOIN approach would work because even one song would make so.Song_ID not NULL. Therefore, the query is correct.  Another thing to consider: if there are multiple songs with the same Singer_ID, but that's okay. The query would still work.  So the LEFT JOIN approach is correct. However, sometimes people use a DISTINCT clause in case of multiple joins. But in this case, since we are filtering for so.Song_ID IS NULL, which is only possible when there are no matches, the singer's name would appear once. Therefore, no duplicates. So the query is correct.  Alternatively, using the NOT IN approach:  SELECT Name FROM singer WHERE Singer_ID NOT IN (SELECT Singer_ID FROM song);  But what if the subquery returns NULL values? But in this case, Singer_ID in the song table is a foreign key referencing singer's Singer_ID, which is an integer primary key. So Singer_ID in song can't be NULL because of the foreign key constraint. Wait, no. The foreign key constraint ensures that Singer_ID in song must exist in singer. But it doesn't prevent a Singer_ID of NULL. However, since Singer_ID in the song table is an int, and the foreign key references singer's Singer_ID which is an int primary key. But in practice, the Singer_ID in song must be a valid singer's ID. However, SQLite doesn't enforce foreign keys unless you enable them. But assuming that the data is consistent, the subquery may return NULLs if someone inserted a NULL Singer_ID into song. But since Singer_ID in singer is a primary key, it can't be NULL. So if the song table has a Singer_ID of NULL, then the subquery would include NULL, but the NOT IN clause would not work as expected because of three-valued logic. For example, if the subquery returns a list that includes NULL, then the condition Singer_ID NOT IN (..., NULL, ...) would evaluate to UNKNOWN for any Singer_ID, thus returning no rows. But in this case, since the foreign key references singer's Singer_ID, which is not NULL, perhaps the Singer_ID in song is never NULL. However, if a song has a Singer_ID"
singer,What is the sname of every sing that does not have any song?,SELECT Name FROM singer WHERE Singer_ID NOT IN (SELECT Singer_ID FROM song),"SELECT Name FROM singer LEFT JOIN song ON singer.Singer_ID = song.Singer_ID WHERE song.Song_ID IS NULL;  Wait, but if a singer has multiple songs, the LEFT JOIN would still have entries, but in this case, we need to ensure that there are no songs. However, if a singer has at least one song, they would be excluded. But using LEFT JOIN and checking for NULL in the song's primary key would work. However, if there are multiple songs, the singer would appear multiple times, but using DISTINCT would help. Wait, but if a singer has no songs, the LEFT JOIN would result in a single row with song fields as NULL. So the query would return their Name once. But if a singer has songs, they would not be in the result.  Alternatively, using NOT EXISTS:  SELECT Name FROM singer WHERE NOT EXISTS (SELECT 1 FROM song WHERE song.Singer_ID = singer.Singer_ID);  This might be more efficient. Either approach should work. Let me check for possible errors. The user's question says ""sname of every sing that does not have any song"". Probably a typo: ""sname"" should be ""name"", and ""sing"" should be ""singer"". So the correct answer is the names of singers with no songs.  So, using the LEFT JOIN approach:  SELECT s.Name FROM singer s LEFT JOIN song so ON s.Singer_ID = so.Singer_ID WHERE so.Song_ID IS NULL;  But wait, if a singer has multiple songs, but we want to include them only if they have zero songs. The LEFT JOIN would produce rows where so.Song_ID is not NULL for singers with at least one song. For singers with no songs, the joined row would have so.Singer_ID as NULL? No, because the LEFT JOIN would still join on the singer's Singer_ID, but since there's no matching row in song, all columns from song would be NULL. So the WHERE clause would filter where so.Singer_ID IS NULL. Wait, but the ON clause is s.Singer_ID = so.Singer_ID. So if there's no matching so.Singer_ID, then so.Singer_ID would be NULL. But maybe using a different condition. Let me think again. Suppose I have a singer with no songs. When you LEFT JOIN, the song columns are NULL. So checking for so.Song_ID IS NULL would capture that. So the query would work.  Another thing: if a singer has songs, but all of them have NULL Song_ID? Well, Song_ID is the primary key of song, which is an int and primary key, so it can't be NULL. So the WHERE condition is safe.  Another possible approach is to use a subquery with NOT IN:  SELECT Name FROM singer WHERE Singer_ID NOT IN (SELECT DISTINCT Singer_ID FROM song);  But what if a singer has no entries in the song table? Then their Singer_ID is not in the subquery, so they are selected. This would work as well. However, if there are singers with no songs, this approach would include them. But what if a singer has a Singer_ID that's in the song table but all songs are... Well, the NOT IN would exclude them if they have at least one song. However, if the Singer_ID in the song table is allowed to be NULL? But according to the schema, the Singer_ID in song is a foreign key referencing singer.Singer_ID. But in SQLite, foreign keys are just constraints, but the Singer_ID in song could be NULL unless there's a NOT NULL constraint. Looking back at the schema:  The song table's Singer_ID is defined as int, without a NOT NULL constraint. Wait, the CREATE TABLE for song says:  ""Singer_ID"" int,  So it's possible that some songs have NULL Singer_ID. But according to the foreign key constraint, it references singer.Singer_ID. However, in practice, a song must belong to a singer, but maybe the schema allows for NULLs. However, the user's question is about singers who don't have any songs. If a song's Singer_ID is NULL, that song isn't associated with any singer. So in the subquery approach, the Singer_ID in the song table would include only those songs that have a valid Singer_ID. But the NOT IN approach would exclude singers who have at least one song with a non-NULL Singer_ID. However, if there are songs with NULL Singer_ID, that doesn't affect the singers. So the subquery SELECT DISTINCT Singer_ID FROM song would include NULLs? No, because Singer_ID can be NULL, but SELECT DISTINCT Singer_ID would return rows with Singer_ID values, including possibly NULL. However, in the NOT IN clause, if the subquery returns any NULLs, then the entire NOT IN list becomes unknown. Because in SQL, if you have NOT IN with a list that contains NULL, the condition evaluates to UNKNOWN. For example, if the subquery returns (1, 2, NULL), then Singer_ID NOT IN (1, 2, NULL) becomes Singer_ID NOT IN (1, 2) AND Singer_ID IS NOT NULL. Wait, no. The presence of NULL in the list makes the comparison uncertain. So if the subquery includes a NULL, then for any singer, if their Singer_ID is not in the non-NULL values, but the list has a NULL, then the NOT IN condition would not include them. This is a known issue. Therefore, using NOT IN with a subquery that might return NULLs can lead to incorrect results. Therefore, using NOT EXISTS is safer because it handles NULLs properly.  So, the safest approach is to use NOT EXISTS. Let me write that:  SELECT s.Name FROM singer s WHERE NOT EXISTS (     SELECT 1     FROM song so     WHERE so.Singer_ID = s.Singer_ID );  This would select singers where there are no songs with their Singer_ID. This approach handles cases where the song's Singer_ID is NULL because the subquery checks for equality. If a song has Singer_ID NULL, the WHERE clause so.Singer_ID = s.Singer_ID would not match, since comparing to NULL is done with IS, not =. Therefore, the NOT EXISTS approach correctly finds singers who have no songs referencing them, regardless of other songs with NULL Singer_ID.  Alternatively, if the song's Singer_ID is allowed to be NULL, but the user wants to find singers who have no songs (i.e., no song in the song table has their Singer_ID), then the NOT EXISTS approach is correct.  Therefore, the correct SQL query is the one using NOT EXISTS. However, the user asked for a single line, and to return only the SQL code. Let me write that.  But the user might be using an older version of SQLite that doesn't support certain syntax? Probably not, but assuming standard SQLite.  So the final answer would be:  SELECT Name FROM singer WHERE NOT EXISTS (SELECT 1 FROM song WHERE song.Singer_ID = singer.Singer_ID);  Alternatively, using LEFT JOIN:  SELECT s.Name FROM singer s LEFT JOIN song ON s.Singer_ID = song.Singer_ID WHERE song.Song_ID IS NULL;  But in this case, if a singer has multiple songs, the LEFT JOIN would have multiple rows, but the WHERE condition would exclude them. However, since we are checking for song.Song_ID IS NULL, which would only be true if there's no matching row. But when using LEFT JOIN, if there's at least one matching row in song, then the song.Song_ID would not be NULL. Therefore, the LEFT JOIN approach also works. However, if there are multiple songs for a singer, the LEFT JOIN would still result in that singer being excluded because the WHERE condition would filter out any rows where there's a match.  But in this case, for singers with at least one song, the LEFT JOIN would produce one or more rows where song.Song_ID is not NULL, so they would not be included in the result. For singers with no songs, the LEFT JOIN produces a single row with song.Song_ID as NULL, so their name is selected once. Therefore, both approaches are valid.  Which one is better? The NOT EXISTS is more straightforward and efficient, perhaps. But both are correct.  But the user's question is to return the SQL code. Which one should I choose?  The LEFT JOIN approach may require using DISTINCT if there are multiple songs, but since the WHERE condition filters to only those with no songs, each singer would appear once. So the query would work.  But let's test with an example. Suppose there's a singer with no songs. The LEFT JOIN would produce one row. If there's a singer with one song, the LEFT JOIN would produce a row with song.Song_ID not NULL, so they are excluded. So"
singer,Show the citizenship shared by singers with birth year before 1945 and after 1955.,SELECT Citizenship FROM singer WHERE Birth_Year  <  1945 INTERSECT SELECT Citizenship FROM singer WHERE Birth_Year  >  1955,SELECT Citizenship FROM singer WHERE Birth_Year < 1945 INTERSECT SELECT Citizenship FROM singer WHERE Birth_Year > 1955;
singer,What are the citizenships that are shared by singers with a birth year before 1945 and after 1955?,SELECT Citizenship FROM singer WHERE Birth_Year  <  1945 INTERSECT SELECT Citizenship FROM singer WHERE Birth_Year  >  1955,SELECT Citizenship FROM singer WHERE Birth_Year < 1945 INTERSECT SELECT Citizenship FROM singer WHERE Birth_Year > 1955;
real_estate_properties,How many available features are there in total?,SELECT count(*) FROM Other_Available_Features,SELECT COUNT(*) FROM Other_Available_Features;
real_estate_properties,What is the feature type name of feature AirCon?,"SELECT T2.feature_type_name FROM Other_Available_Features AS T1 JOIN Ref_Feature_Types AS T2 ON T1.feature_type_code  =  T2.feature_type_code WHERE T1.feature_name  =  ""AirCon""",SELECT Ref_Feature_Types.feature_type_name FROM Ref_Feature_Types INNER JOIN Other_Available_Features ON Ref_Feature_Types.feature_type_code=Other_Available_Features.feature_type_code WHERE Other_Available_Features.feature_name='AirCon' LIMIT 1;
real_estate_properties,Show the property type descriptions of properties belonging to that code.,SELECT T2.property_type_description FROM Properties AS T1 JOIN Ref_Property_Types AS T2 ON T1.property_type_code  =  T2.property_type_code GROUP BY T1.property_type_code,"SELECT Ref_Property_Types.property_type_code, Ref_Property_Types.property_type_description FROM Ref_Property_Types;"
real_estate_properties,What are the names of properties that are either houses or apartments with more than 1 room?,"SELECT property_name FROM Properties WHERE property_type_code  =  ""House"" UNION SELECT property_name FROM Properties WHERE property_type_code  =  ""Apartment"" AND room_count  >  1","SELECT property_name FROM Properties WHERE property_type_code IN ('APT','HSE') AND room_count > 1;"
