db_id,question,gold_sql,llama_predicted_sql
concert_singer,How many singers do we have?,SELECT count(*) FROM singer,SELECT COUNT(*) FROM singers
concert_singer,What is the total number of singers?,SELECT count(*) FROM singer,SELECT COUNT(*) FROM singers
concert_singer,"Show name, country, age for all singers ordered by age from the oldest to the youngest.","SELECT name ,  country ,  age FROM singer ORDER BY age DESC","SELECT name, country, age FROM singers ORDER BY age DESC;"
concert_singer,"What are the names, countries, and ages for every singer in descending order of age?","SELECT name ,  country ,  age FROM singer ORDER BY age DESC","SELECT name, country, age FROM singers ORDER BY age DESC"
concert_singer,"What is the average, minimum, and maximum age of all singers from France?","SELECT avg(age) ,  min(age) ,  max(age) FROM singer WHERE country  =  'France'","SELECT AVG(age) as average_age, MIN(age) as min_age, MAX(age) as max_age FROM singers WHERE country = 'France'"
concert_singer,"What is the average, minimum, and maximum age for all French singers?","SELECT avg(age) ,  min(age) ,  max(age) FROM singer WHERE country  =  'France'","SELECT AVG(age) as average_age, MIN(age) as min_age, MAX(age) as max_age FROM singers WHERE nationality = 'French'"
concert_singer,Show the name and the release year of the song by the youngest singer.,"SELECT song_name ,  song_release_year FROM singer ORDER BY age LIMIT 1","SELECT s.name, s.release_year FROM songs s JOIN singers si ON s.singer_id = si.id ORDER BY si.age ASC LIMIT 1"
concert_singer,What are the names and release years for all the songs of the youngest singer?,"SELECT song_name ,  song_release_year FROM singer ORDER BY age LIMIT 1","SELECT s.name, s.release_year FROM songs s JOIN singers si ON s.singer_id = si.id ORDER BY si.age ASC LIMIT 1"
concert_singer,What are all distinct countries where singers above age 20 are from?,SELECT DISTINCT country FROM singer WHERE age  >  20,SELECT DISTINCT country FROM singers WHERE age > 20
concert_singer,What are  the different countries with singers above age 20?,SELECT DISTINCT country FROM singer WHERE age  >  20,SELECT DISTINCT country FROM singers WHERE age > 20
concert_singer,Show all countries and the number of singers in each country.,"SELECT country ,  count(*) FROM singer GROUP BY country","SELECT country, COUNT(singer_id) FROM singers GROUP BY country"
concert_singer,How many singers are from each country?,"SELECT country ,  count(*) FROM singer GROUP BY country","SELECT country, COUNT(singer_id) FROM singers GROUP BY country"
concert_singer,List all song names by singers above the average age.,SELECT song_name FROM singer WHERE age  >  (SELECT avg(age) FROM singer),SELECT T1.song_name FROM songs AS T1 INNER JOIN singers AS T2 ON T1.singer_id = T2.singer_id WHERE T2.age > (SELECT AVG(age) FROM singers)
concert_singer,What are all the song names by singers who are older than average?,SELECT song_name FROM singer WHERE age  >  (SELECT avg(age) FROM singer),SELECT T1.song_name FROM songs AS T1 INNER JOIN singers AS T2 ON T1.singer_id = T2.singer_id WHERE T2.age > (SELECT AVG(age) FROM singers)
concert_singer,Show location and name for all stadiums with a capacity between 5000 and 10000.,"SELECT LOCATION ,  name FROM stadium WHERE capacity BETWEEN 5000 AND 10000","SELECT location, name FROM stadiums WHERE capacity BETWEEN 5000 AND 10000"
concert_singer,What are the locations and names of all stations with capacity between 5000 and 10000?,"SELECT LOCATION ,  name FROM stadium WHERE capacity BETWEEN 5000 AND 10000","SELECT location, name FROM stations WHERE capacity BETWEEN 5000 AND 10000"
concert_singer,What is the maximum capacity and the average of all stadiums ?,"select max(capacity), average from stadium","SELECT MAX(capacity) , AVG(capacity) FROM stadiums"
concert_singer,What is the average and maximum capacities for all stadiums ?,"select avg(capacity) ,  max(capacity) from stadium","SELECT AVG(capacity) AS average_capacity, MAX(capacity) AS max_capacity FROM stadiums"
concert_singer,What is the name and capacity for the stadium with highest average attendance?,"SELECT name ,  capacity FROM stadium ORDER BY average DESC LIMIT 1","SELECT stadium_name, capacity FROM stadiums ORDER BY average_attendance DESC LIMIT 1"
concert_singer,What is the name and capacity for the stadium with the highest average attendance?,"SELECT name ,  capacity FROM stadium ORDER BY average DESC LIMIT 1","SELECT name, capacity FROM stadium ORDER BY avg_attendance DESC LIMIT 1"
concert_singer,How many concerts are there in year 2014 or 2015?,SELECT count(*) FROM concert WHERE YEAR  =  2014 OR YEAR  =  2015,SELECT COUNT(*) FROM concerts WHERE year = 2014 OR year = 2015
concert_singer,How many concerts occurred in 2014 or 2015?,SELECT count(*) FROM concert WHERE YEAR  =  2014 OR YEAR  =  2015,SELECT COUNT(*) FROM concerts WHERE YEAR(date) = 2014 OR YEAR(date) = 2015
concert_singer,Show the stadium name and the number of concerts in each stadium.,"SELECT T2.name ,  count(*) FROM concert AS T1 JOIN stadium AS T2 ON T1.stadium_id  =  T2.stadium_id GROUP BY T1.stadium_id","SELECT stadium_name, COUNT(concert_id) FROM concerts GROUP BY stadium_name"
concert_singer,"For each stadium, how many concerts play there?","SELECT T2.name ,  count(*) FROM concert AS T1 JOIN stadium AS T2 ON T1.stadium_id  =  T2.stadium_id GROUP BY T1.stadium_id","SELECT stadium, COUNT(concert_id) FROM concerts GROUP BY stadium"
concert_singer,Show the stadium name and capacity with most number of concerts in year 2014 or after.,"SELECT T2.name ,  T2.capacity FROM concert AS T1 JOIN stadium AS T2 ON T1.stadium_id  =  T2.stadium_id WHERE T1.year  >=  2014 GROUP BY T2.stadium_id ORDER BY count(*) DESC LIMIT 1","SELECT T1.stadium_name, T1.capacity FROM stadiums AS T1 INNER JOIN concerts AS T2 ON T1.stadium_name = T2.stadium_name WHERE T2.concert_date >= '2014-01-01' GROUP BY T1.stadium_name ORDER BY COUNT(T2.concert_id) DESC LIMIT 1"
concert_singer,What is the name and capacity of the stadium with the most concerts after 2013 ?,"select t2.name ,  t2.capacity from concert as t1 join stadium as t2 on t1.stadium_id  =  t2.stadium_id where t1.year  >  2013 group by t2.stadium_id order by count(*) desc limit 1","SELECT T1.name, T1.capacity FROM Stadium AS T1 INNER JOIN Concert AS T2 ON T1.id = T2.stadium_id WHERE T2.date > '2013-01-01' GROUP BY T1.name, T1.capacity ORDER BY COUNT(T2.id) DESC LIMIT 1"
concert_singer,Which year has most number of concerts?,SELECT YEAR FROM concert GROUP BY YEAR ORDER BY count(*) DESC LIMIT 1,SELECT YEAR FROM concerts GROUP BY YEAR ORDER BY COUNT(*) DESC LIMIT 1
concert_singer,What is the year that had the most concerts?,SELECT YEAR FROM concert GROUP BY YEAR ORDER BY count(*) DESC LIMIT 1,SELECT YEAR FROM concerts GROUP BY YEAR ORDER BY COUNT(*) DESC LIMIT 1
concert_singer,Show the stadium names without any concert.,SELECT name FROM stadium WHERE stadium_id NOT IN (SELECT stadium_id FROM concert),SELECT stadium_name FROM stadiums WHERE stadium_name NOT IN (SELECT stadium_name FROM concerts)
concert_singer,What are the names of the stadiums without any concerts?,SELECT name FROM stadium WHERE stadium_id NOT IN (SELECT stadium_id FROM concert),SELECT name FROM stadiums WHERE id NOT IN (SELECT stadium_id FROM concerts)
concert_singer,Show countries where a singer above age 40 and a singer below 30 are from.,SELECT country FROM singer WHERE age  >  40 INTERSECT SELECT country FROM singer WHERE age  <  30,SELECT DISTINCT T1.country FROM singers AS T1 INNER JOIN singers AS T2 ON T1.country = T2.country WHERE T1.age > 40 AND T2.age < 30
concert_singer,Show names for all stadiums except for stadiums having a concert in year 2014.,SELECT name FROM stadium EXCEPT SELECT T2.name FROM concert AS T1 JOIN stadium AS T2 ON T1.stadium_id  =  T2.stadium_id WHERE T1.year  =  2014,SELECT name FROM stadiums WHERE id NOT IN (SELECT stadium_id FROM concerts WHERE YEAR(date) = 2014)
concert_singer,What are the names of all stadiums that did not have a concert in 2014?,SELECT name FROM stadium EXCEPT SELECT T2.name FROM concert AS T1 JOIN stadium AS T2 ON T1.stadium_id  =  T2.stadium_id WHERE T1.year  =  2014,SELECT name FROM stadiums WHERE id NOT IN (SELECT stadium_id FROM concerts WHERE year = 2014)
concert_singer,Show the name and theme for all concerts and the number of singers in each concert.,"SELECT T2.concert_name ,  T2.theme ,  count(*) FROM singer_in_concert AS T1 JOIN concert AS T2 ON T1.concert_id  =  T2.concert_id GROUP BY T2.concert_id","SELECT c.name, c.theme, COUNT(s.singer_id) FROM concerts c LEFT JOIN concert_singers cs ON c.concert_id = cs.concert_id LEFT JOIN singers s ON cs.singer_id = s.singer_id GROUP BY c.concert_id"
concert_singer,"What are the names , themes , and number of singers for every concert ?","select t2.concert_name ,  t2.theme ,  count(*) from singer_in_concert as t1 join concert as t2 on t1.concert_id  =  t2.concert_id group by t2.concert_id","SELECT concerts.name, concerts.theme, COUNT(singers.id) FROM concerts LEFT JOIN concert_singers ON concerts.id = concert_singers.concert_id LEFT JOIN singers ON concert_singers.singer_id = singers.id GROUP BY concerts.id"
concert_singer,List singer names and number of concerts for each singer.,"SELECT T2.name ,  count(*) FROM singer_in_concert AS T1 JOIN singer AS T2 ON T1.singer_id  =  T2.singer_id GROUP BY T2.singer_id","SELECT s.singer_name, COUNT(c.concert_id) FROM singers s JOIN concerts c ON s.singer_id = c.singer_id GROUP BY s.singer_name"
concert_singer,What are the names of the singers and number of concerts for each person?,"SELECT T2.name ,  count(*) FROM singer_in_concert AS T1 JOIN singer AS T2 ON T1.singer_id  =  T2.singer_id GROUP BY T2.singer_id","SELECT singers.name, COUNT(concerts.id) FROM singers LEFT JOIN concerts ON singers.id = concerts.singer_id GROUP BY singers.name"
concert_singer,List all singer names in concerts in year 2014.,SELECT T2.name FROM singer_in_concert AS T1 JOIN singer AS T2 ON T1.singer_id  =  T2.singer_id JOIN concert AS T3 ON T1.concert_id  =  T3.concert_id WHERE T3.year  =  2014,SELECT T1.singer_name FROM singers AS T1 INNER JOIN concerts AS T2 ON T1.singer_id = T2.singer_id WHERE T2.concert_year = 2014
concert_singer,What are the names of the singers who performed in a concert in 2014?,SELECT T2.name FROM singer_in_concert AS T1 JOIN singer AS T2 ON T1.singer_id  =  T2.singer_id JOIN concert AS T3 ON T1.concert_id  =  T3.concert_id WHERE T3.year  =  2014,SELECT T1.name FROM singers AS T1 INNER JOIN performances AS T2 ON T1.id = T2.singer_id INNER JOIN concerts AS T3 ON T2.concert_id = T3.id WHERE T3.year = 2014
concert_singer,what is the name and nation of the singer who have a song having 'Hey' in its name?,"SELECT name ,  country FROM singer WHERE song_name LIKE '%Hey%'","SELECT T1.name, T1.nation FROM singers AS T1 INNER JOIN songs AS T2 ON T1.id = T2.singer_id WHERE T2.name LIKE '%Hey%'"
concert_singer,What is the name and country of origin of every singer who has a song with the word 'Hey' in its title?,"SELECT name ,  country FROM singer WHERE song_name LIKE '%Hey%'","SELECT DISTINCT s.name, s.country FROM singers s JOIN songs sg ON s.id = sg.singer_id WHERE sg.title LIKE '%Hey%'"
concert_singer,Find the name and location of the stadiums which some concerts happened in the years of both 2014 and 2015.,"SELECT T2.name ,  T2.location FROM concert AS T1 JOIN stadium AS T2 ON T1.stadium_id  =  T2.stadium_id WHERE T1.Year  =  2014 INTERSECT SELECT T2.name ,  T2.location FROM concert AS T1 JOIN stadium AS T2 ON T1.stadium_id  =  T2.stadium_id WHERE T1.Year  =  2015","SELECT T1.name, T1.location FROM stadiums AS T1 INNER JOIN concerts AS T2 ON T1.id = T2.stadium_id WHERE T2.year IN (2014, 2015) GROUP BY T1.name, T1.location HAVING COUNT(DISTINCT T2.year) = 2"
concert_singer,What are the names and locations of the stadiums that had concerts that occurred in both 2014 and 2015?,"SELECT T2.name ,  T2.location FROM concert AS T1 JOIN stadium AS T2 ON T1.stadium_id  =  T2.stadium_id WHERE T1.Year  =  2014 INTERSECT SELECT T2.name ,  T2.location FROM concert AS T1 JOIN stadium AS T2 ON T1.stadium_id  =  T2.stadium_id WHERE T1.Year  =  2015","SELECT T1.name, T1.location FROM stadiums AS T1 INNER JOIN concerts AS T2 ON T1.id = T2.stadium_id WHERE T2.year = 2014 INTERSECT SELECT T1.name, T1.location FROM stadiums AS T1 INNER JOIN concerts AS T2 ON T1.id = T2.stadium_id WHERE T2.year = 2015"
concert_singer,Find the number of concerts happened in the stadium with the highest capacity .,select count(*) from concert where stadium_id = (select stadium_id from stadium order by capacity desc limit 1),SELECT COUNT(*) FROM concerts AS c JOIN stadiums AS s ON c.stadium_id = s.id ORDER BY s.capacity DESC LIMIT 1
concert_singer,What are the number of concerts that occurred in the stadium with the largest capacity ?,select count(*) from concert where stadium_id = (select stadium_id from stadium order by capacity desc limit 1),SELECT COUNT(*) FROM concerts AS c JOIN stadiums AS s ON c.stadium_id = s.id ORDER BY s.capacity DESC LIMIT 1
pets_1,Find the number of pets whose weight is heavier than 10.,SELECT count(*) FROM pets WHERE weight  >  10,SELECT COUNT(*) FROM pets WHERE weight > 10
pets_1,How many pets have a greater weight than 10?,SELECT count(*) FROM pets WHERE weight  >  10,SELECT COUNT(*) FROM pets WHERE weight > 10
pets_1,Find the weight of the youngest dog.,SELECT weight FROM pets ORDER BY pet_age LIMIT 1,SELECT weight FROM dogs ORDER BY age ASC LIMIT 1
pets_1,How much does the youngest dog weigh?,SELECT weight FROM pets ORDER BY pet_age LIMIT 1,SELECT weight FROM dogs ORDER BY age ASC LIMIT 1
pets_1,Find the maximum weight for each type of pet. List the maximum weight and pet type.,"SELECT max(weight) ,  petType FROM pets GROUP BY petType","SELECT MAX(weight) as max_weight, pet_type FROM pets GROUP BY pet_type"
pets_1,List the maximum weight and type for each type of pet.,"SELECT max(weight) ,  petType FROM pets GROUP BY petType","SELECT MAX(weight) as max_weight, type FROM pets GROUP BY type"
pets_1,Find number of pets owned by students who are older than 20.,SELECT count(*) FROM student AS T1 JOIN has_pet AS T2 ON T1.stuid  =  T2.stuid WHERE T1.age  >  20,SELECT COUNT(p.pet_id) FROM students s JOIN pets p ON s.student_id = p.student_id WHERE s.age > 20
pets_1,How many pets are owned by students that have an age greater than 20?,SELECT count(*) FROM student AS T1 JOIN has_pet AS T2 ON T1.stuid  =  T2.stuid WHERE T1.age  >  20,SELECT COUNT(p.pet_id) FROM pets p INNER JOIN students s ON p.student_id = s.student_id WHERE s.age > 20
pets_1,Find the number of dog pets that are raised by female students (with sex F).,SELECT count(*) FROM student AS T1 JOIN has_pet AS T2 ON T1.stuid  =  T2.stuid JOIN pets AS T3 ON T2.petid  =  T3.petid WHERE T1.sex  =  'F' AND T3.pettype  =  'dog',SELECT COUNT(*) FROM pets AS p JOIN students AS s ON p.student_id = s.id WHERE p.type = 'dog' AND s.sex = 'F'
pets_1,How many dog pets are raised by female students?,SELECT count(*) FROM student AS T1 JOIN has_pet AS T2 ON T1.stuid  =  T2.stuid JOIN pets AS T3 ON T2.petid  =  T3.petid WHERE T1.sex  =  'F' AND T3.pettype  =  'dog',SELECT COUNT(*) FROM students AS s JOIN pets AS p ON s.student_id = p.student_id WHERE s.gender = 'female' AND p.type = 'dog'
pets_1,Find the number of distinct type of pets.,SELECT count(DISTINCT pettype) FROM pets,SELECT COUNT(DISTINCT type) FROM pets
pets_1,How many different types of pet are there?,SELECT count(DISTINCT pettype) FROM pets,SELECT COUNT(DISTINCT type) FROM pet
pets_1,Find the first name of students who have cat or dog pet.,SELECT DISTINCT T1.Fname FROM student AS T1 JOIN has_pet AS T2 ON T1.stuid  =  T2.stuid JOIN pets AS T3 ON T3.petid  =  T2.petid WHERE T3.pettype  =  'cat' OR T3.pettype  =  'dog',SELECT first_name FROM students WHERE pet = 'cat' OR pet = 'dog'
pets_1,What are the first names of every student who has a cat or dog as a pet?,SELECT DISTINCT T1.Fname FROM student AS T1 JOIN has_pet AS T2 ON T1.stuid  =  T2.stuid JOIN pets AS T3 ON T3.petid  =  T2.petid WHERE T3.pettype  =  'cat' OR T3.pettype  =  'dog',SELECT T1.first_name FROM students AS T1 INNER JOIN pets AS T2 ON T1.id = T2.student_id WHERE T2.type = 'cat' OR T2.type = 'dog'
pets_1,Find the first name of students who have both cat and dog pets .,select t1.fname from student as t1 join has_pet as t2 on t1.stuid  =  t2.stuid join pets as t3 on t3.petid  =  t2.petid where t3.pettype  =  'cat' intersect select t1.fname from student as t1 join has_pet as t2 on t1.stuid  =  t2.stuid join pets as t3 on t3.petid  =  t2.petid where t3.pettype  =  'dog',"SELECT T1.first_name FROM students AS T1 INNER JOIN pets AS T2 ON T1.id = T2.student_id WHERE T2.pet_type IN ('cat', 'dog') GROUP BY T1.first_name HAVING COUNT(DISTINCT T2.pet_type) = 2"
pets_1,What are the students' first names who have both cats and dogs as pets?,SELECT T1.Fname FROM student AS T1 JOIN has_pet AS T2 ON T1.stuid  =  T2.stuid JOIN pets AS T3 ON T3.petid  =  T2.petid WHERE T3.pettype  =  'cat' INTERSECT SELECT T1.Fname FROM student AS T1 JOIN has_pet AS T2 ON T1.stuid  =  T2.stuid JOIN pets AS T3 ON T3.petid  =  T2.petid WHERE T3.pettype  =  'dog',"SELECT T1.first_name FROM students AS T1 INNER JOIN pets AS T2 ON T1.id = T2.student_id WHERE T2.type IN ('cat', 'dog') GROUP BY T1.first_name HAVING COUNT(DISTINCT T2.type) = 2"
pets_1,Find the major and age of students who do not have a cat pet.,"SELECT major ,  age FROM student WHERE stuid NOT IN (SELECT T1.stuid FROM student AS T1 JOIN has_pet AS T2 ON T1.stuid  =  T2.stuid JOIN pets AS T3 ON T3.petid  =  T2.petid WHERE T3.pettype  =  'cat')","SELECT major, age FROM students WHERE student_id NOT IN (SELECT student_id FROM pets WHERE pet_type = 'cat')"
pets_1,"What major is every student who does not own a cat as a pet, and also how old are they?","SELECT major ,  age FROM student WHERE stuid NOT IN (SELECT T1.stuid FROM student AS T1 JOIN has_pet AS T2 ON T1.stuid  =  T2.stuid JOIN pets AS T3 ON T3.petid  =  T2.petid WHERE T3.pettype  =  'cat')","SELECT major, age FROM students WHERE student_id NOT IN (SELECT student_id FROM pets WHERE pet_type = 'cat')"
pets_1,Find the id of students who do not have a cat pet.,SELECT stuid FROM student EXCEPT SELECT T1.stuid FROM student AS T1 JOIN has_pet AS T2 ON T1.stuid  =  T2.stuid JOIN pets AS T3 ON T3.petid  =  T2.petid WHERE T3.pettype  =  'cat',SELECT id FROM students WHERE id NOT IN (SELECT student_id FROM pets WHERE type = 'cat')
pets_1,What are the ids of the students who do not own cats as pets?,SELECT stuid FROM student EXCEPT SELECT T1.stuid FROM student AS T1 JOIN has_pet AS T2 ON T1.stuid  =  T2.stuid JOIN pets AS T3 ON T3.petid  =  T2.petid WHERE T3.pettype  =  'cat',SELECT id FROM students WHERE id NOT IN (SELECT student_id FROM pets WHERE pet_type = 'cat')
pets_1,Find the first name and age of students who have a dog but do not have a cat as a pet.,"SELECT T1.fname ,  T1.age FROM student AS T1 JOIN has_pet AS T2 ON T1.stuid  =  T2.stuid JOIN pets AS T3 ON T3.petid  =  T2.petid WHERE T3.pettype  =  'dog' AND T1.stuid NOT IN (SELECT T1.stuid FROM student AS T1 JOIN has_pet AS T2 ON T1.stuid  =  T2.stuid JOIN pets AS T3 ON T3.petid  =  T2.petid WHERE T3.pettype  =  'cat')","SELECT first_name, age FROM students WHERE dog = 'yes' AND cat = 'no'"
pets_1,What is the first name of every student who has a dog but does not have a cat?,"SELECT T1.fname ,  T1.age FROM student AS T1 JOIN has_pet AS T2 ON T1.stuid  =  T2.stuid JOIN pets AS T3 ON T3.petid  =  T2.petid WHERE T3.pettype  =  'dog' AND T1.stuid NOT IN (SELECT T1.stuid FROM student AS T1 JOIN has_pet AS T2 ON T1.stuid  =  T2.stuid JOIN pets AS T3 ON T3.petid  =  T2.petid WHERE T3.pettype  =  'cat')",SELECT T1.first_name FROM students AS T1 INNER JOIN pets AS T2 ON T1.id = T2.student_id WHERE T2.type = 'dog' AND T1.id NOT IN (SELECT T3.student_id FROM pets AS T3 WHERE T3.type = 'cat')
pets_1,Find the type and weight of the youngest pet.,"SELECT pettype ,  weight FROM pets ORDER BY pet_age LIMIT 1","SELECT type, weight FROM pets ORDER BY age ASC LIMIT 1"
pets_1,"What type of pet is the youngest animal, and how much does it weigh?","SELECT pettype ,  weight FROM pets ORDER BY pet_age LIMIT 1","SELECT type, weight FROM pets ORDER BY age ASC LIMIT 1"
pets_1,Find the id and weight of all pets whose age is older than 1.,"SELECT petid ,  weight FROM pets WHERE pet_age  >  1","SELECT id, weight FROM pets WHERE age > 1"
pets_1,What is the id and weight of every pet who is older than 1?,"SELECT petid ,  weight FROM pets WHERE pet_age  >  1","SELECT id, weight FROM pets WHERE age > 1"
pets_1,Find the average and maximum age for each type of pet.,"SELECT avg(pet_age) ,  max(pet_age) ,  pettype FROM pets GROUP BY pettype","SELECT AVG(age) AS average_age, MAX(age) AS max_age, type FROM pets GROUP BY type"
pets_1,What is the average and maximum age for each pet type?,"SELECT avg(pet_age) ,  max(pet_age) ,  pettype FROM pets GROUP BY pettype","SELECT AVG(age) AS average_age, MAX(age) AS max_age, pet_type FROM pets GROUP BY pet_type"
pets_1,Find the average weight for each pet type.,"SELECT avg(weight) ,  pettype FROM pets GROUP BY pettype","SELECT pet_type, AVG(weight) FROM pets GROUP BY pet_type"
pets_1,What is the average weight for each type of pet?,"SELECT avg(weight) ,  pettype FROM pets GROUP BY pettype",SELECT AVG(weight) FROM pets GROUP BY type
pets_1,Find the first name and age of students who have a pet.,"SELECT DISTINCT T1.fname ,  T1.age FROM student AS T1 JOIN has_pet AS T2 ON T1.stuid  =  T2.stuid","SELECT s.first_name, s.age FROM students s INNER JOIN pets p ON s.id = p.student_id"
pets_1,What are the different first names and ages of the students who do have pets?,"SELECT DISTINCT T1.fname ,  T1.age FROM student AS T1 JOIN has_pet AS T2 ON T1.stuid  =  T2.stuid","SELECT DISTINCT T1.first_name, T1.age FROM students AS T1 INNER JOIN pets AS T2 ON T1.id = T2.student_id"
pets_1,Find the id of the pet owned by student whose last name is ‘Smith’.,SELECT T2.petid FROM student AS T1 JOIN has_pet AS T2 ON T1.stuid  =  T2.stuid WHERE T1.Lname  =  'Smith',SELECT T1.id FROM pets AS T1 INNER JOIN students AS T2 ON T1.student_id = T2.id WHERE T2.last_name = 'Smith'
pets_1,What is the id of the pet owned by the student whose last name is 'Smith'?,SELECT T2.petid FROM student AS T1 JOIN has_pet AS T2 ON T1.stuid  =  T2.stuid WHERE T1.Lname  =  'Smith',SELECT T1.id FROM pets AS T1 INNER JOIN students AS T2 ON T1.student_id = T2.id WHERE T2.last_name = 'Smith'
pets_1,Find the number of pets for each student who has any pet and student id.,"SELECT count(*) ,  T1.stuid FROM student AS T1 JOIN has_pet AS T2 ON T1.stuid  =  T2.stuid GROUP BY T1.stuid","SELECT student_id, COUNT(pet_id) FROM student_pets GROUP BY student_id HAVING COUNT(pet_id) > 0"
pets_1,"For students who have pets , how many pets does each student have ? list their ids instead of names .","select count(*) ,  t1.stuid from student as t1 join has_pet as t2 on t1.stuid  =  t2.stuid group by t1.stuid","SELECT student_id, COUNT(pet_id) FROM students_pets GROUP BY student_id HAVING COUNT(pet_id) > 0"
pets_1,Find the first name and gender of student who have more than one pet.,"SELECT T1.fname ,  T1.sex FROM student AS T1 JOIN has_pet AS T2 ON T1.stuid  =  T2.stuid GROUP BY T1.stuid HAVING count(*)  >  1","SELECT T1.first_name, T1.gender FROM Students AS T1 INNER JOIN Pets AS T2 ON T1.id = T2.student_id GROUP BY T1.id HAVING COUNT(T2.id) > 1"
pets_1,What is the first name and gender of the all the students who have more than one pet?,"SELECT T1.fname ,  T1.sex FROM student AS T1 JOIN has_pet AS T2 ON T1.stuid  =  T2.stuid GROUP BY T1.stuid HAVING count(*)  >  1","SELECT T1.first_name, T1.gender FROM students AS T1 INNER JOIN pets AS T2 ON T1.id = T2.student_id GROUP BY T1.id HAVING COUNT(T2.id) > 1"
pets_1,Find the last name of the student who has a cat that is age 3.,SELECT T1.lname FROM student AS T1 JOIN has_pet AS T2 ON T1.stuid  =  T2.stuid JOIN pets AS T3 ON T3.petid  =  T2.petid WHERE T3.pet_age  =  3 AND T3.pettype  =  'cat',SELECT T1.last_name FROM students AS T1 INNER JOIN pets AS T2 ON T1.id = T2.student_id WHERE T2.type = 'cat' AND T2.age = 3
pets_1,What is the last name of the student who has a cat that is 3 years old?,SELECT T1.lname FROM student AS T1 JOIN has_pet AS T2 ON T1.stuid  =  T2.stuid JOIN pets AS T3 ON T3.petid  =  T2.petid WHERE T3.pet_age  =  3 AND T3.pettype  =  'cat',SELECT T1.last_name FROM students AS T1 INNER JOIN pets AS T2 ON T1.id = T2.student_id WHERE T2.type = 'cat' AND T2.age = 3
pets_1,Find the average age of students who do not have any pet .,select avg(age) from student where stuid not in (select stuid from has_pet),SELECT AVG(T1.age) FROM students AS T1 LEFT JOIN pets AS T2 ON T1.id = T2.student_id WHERE T2.student_id IS NULL
pets_1,What is the average age for all students who do not own any pets ?,select avg(age) from student where stuid not in (select stuid from has_pet),SELECT AVG(age) FROM students WHERE id NOT IN (SELECT student_id FROM pets)
car_1,How many continents are there?,SELECT count(*) FROM CONTINENTS;,SELECT COUNT(*) FROM continents
car_1,What is the number of continents?,SELECT count(*) FROM CONTINENTS;,SELECT COUNT(*) FROM continents
car_1,"How many countries does each continent have? List the continent id, continent name and the number of countries.","SELECT T1.ContId ,  T1.Continent ,  count(*) FROM CONTINENTS AS T1 JOIN COUNTRIES AS T2 ON T1.ContId  =  T2.Continent GROUP BY T1.ContId;","SELECT c.continent_id, c.continent_name, COUNT(co.country_id) FROM continents c LEFT JOIN countries co ON c.continent_id = co.continent_id GROUP BY c.continent_id, c.continent_name"
car_1,"For each continent, list its id, name, and how many countries it has?","SELECT T1.ContId ,  T1.Continent ,  count(*) FROM CONTINENTS AS T1 JOIN COUNTRIES AS T2 ON T1.ContId  =  T2.Continent GROUP BY T1.ContId;","SELECT c.id, c.name, COUNT(co.id) FROM continents c LEFT JOIN countries co ON c.id = co.continent_id GROUP BY c.id, c.name"
car_1,How many countries are listed?,SELECT count(*) FROM COUNTRIES;,SELECT COUNT(*) FROM countries
car_1,How many countries exist?,SELECT count(*) FROM COUNTRIES;,SELECT COUNT(*) FROM countries
car_1,"How many models does each car maker produce? List maker full name, id and the number.","SELECT T1.FullName ,  T1.Id ,  count(*) FROM CAR_MAKERS AS T1 JOIN MODEL_LIST AS T2 ON T1.Id  =  T2.Maker GROUP BY T1.Id;","SELECT maker_full_name, maker_id, COUNT(model_id) FROM car_models GROUP BY maker_full_name, maker_id"
car_1,"What is the full name of each car maker, along with its id and how many models it produces?","SELECT T1.FullName ,  T1.Id ,  count(*) FROM CAR_MAKERS AS T1 JOIN MODEL_LIST AS T2 ON T1.Id  =  T2.Maker GROUP BY T1.Id;","SELECT car_maker.id, car_maker.first_name, car_maker.last_name, COUNT(car_model.id) FROM car_maker LEFT JOIN car_model ON car_maker.id = car_model.car_maker_id GROUP BY car_maker.id"
car_1,Which model of the car has the minimum horsepower?,SELECT T1.Model FROM CAR_NAMES AS T1 JOIN CARS_DATA AS T2 ON T1.MakeId  =  T2.Id ORDER BY T2.horsepower ASC LIMIT 1;,SELECT model FROM cars ORDER BY horsepower ASC LIMIT 1
car_1,What is the model of the car with the smallest amount of horsepower?,SELECT T1.Model FROM CAR_NAMES AS T1 JOIN CARS_DATA AS T2 ON T1.MakeId  =  T2.Id ORDER BY T2.horsepower ASC LIMIT 1;,SELECT model FROM cars ORDER BY horsepower ASC LIMIT 1
car_1,Find the model of the car whose weight is below the average weight.,SELECT T1.model FROM CAR_NAMES AS T1 JOIN CARS_DATA AS T2 ON T1.MakeId  =  T2.Id WHERE T2.Weight  <  (SELECT avg(Weight) FROM CARS_DATA),SELECT model FROM cars WHERE weight < (SELECT AVG(weight) FROM cars)
car_1,What is the model for the car with a weight smaller than the average?,SELECT T1.model FROM CAR_NAMES AS T1 JOIN CARS_DATA AS T2 ON T1.MakeId  =  T2.Id WHERE T2.Weight  <  (SELECT avg(Weight) FROM CARS_DATA),SELECT model FROM cars WHERE weight < (SELECT AVG(weight) FROM cars)
car_1,Find the name of the makers that produced some cars in the year of 1970?,SELECT DISTINCT T1.Maker FROM CAR_MAKERS AS T1 JOIN MODEL_LIST AS T2 ON T1.Id  =  T2.Maker JOIN CAR_NAMES AS T3 ON T2.model  =  T3.model JOIN CARS_DATA AS T4 ON T3.MakeId  =  T4.id WHERE T4.year  =  '1970';,SELECT DISTINCT T1.name FROM makers AS T1 INNER JOIN models AS T2 ON T1.id = T2.maker_id WHERE T2.year = 1970
car_1,What is the name of the different car makers who produced a car in 1970?,SELECT DISTINCT T1.Maker FROM CAR_MAKERS AS T1 JOIN MODEL_LIST AS T2 ON T1.Id  =  T2.Maker JOIN CAR_NAMES AS T3 ON T2.model  =  T3.model JOIN CARS_DATA AS T4 ON T3.MakeId  =  T4.id WHERE T4.year  =  '1970';,SELECT DISTINCT maker FROM cars WHERE year = 1970
car_1,Find the make and production time of the cars that were produced in the earliest year?,"SELECT T2.Make ,  T1.Year FROM CARS_DATA AS T1 JOIN CAR_NAMES AS T2 ON T1.Id  =  T2.MakeId WHERE T1.Year  =  (SELECT min(YEAR) FROM CARS_DATA);","SELECT make, production_time FROM cars ORDER BY production_time LIMIT 1"
car_1,What is the maker of the carr produced in the earliest year and what year was it?,"SELECT T2.Make ,  T1.Year FROM CARS_DATA AS T1 JOIN CAR_NAMES AS T2 ON T1.Id  =  T2.MakeId WHERE T1.Year  =  (SELECT min(YEAR) FROM CARS_DATA);","SELECT maker, MIN(year) FROM car"
car_1,Which distinct car models are the produced after 1980?,SELECT DISTINCT T1.model FROM MODEL_LIST AS T1 JOIN CAR_NAMES AS T2 ON T1.model  =  T2.model JOIN CARS_DATA AS T3 ON T2.MakeId  =  T3.id WHERE T3.year  >  1980;,SELECT DISTINCT model FROM cars WHERE year > 1980
car_1,What are the different models for the cards produced after 1980?,SELECT DISTINCT T1.model FROM MODEL_LIST AS T1 JOIN CAR_NAMES AS T2 ON T1.model  =  T2.model JOIN CARS_DATA AS T3 ON T2.MakeId  =  T3.id WHERE T3.year  >  1980;,SELECT DISTINCT model FROM cards WHERE year_produced > 1980
car_1,How many car makers are there in each continents? List the continent name and the count.,"SELECT T1.Continent ,  count(*) FROM CONTINENTS AS T1 JOIN COUNTRIES AS T2 ON T1.ContId  =  T2.continent JOIN car_makers AS T3 ON T2.CountryId  =  T3.Country GROUP BY T1.Continent;","SELECT continent, COUNT(DISTINCT car_maker) FROM car_makers GROUP BY continent"
car_1,What is the name of each continent and how many car makers are there in each one?,"SELECT T1.Continent ,  count(*) FROM CONTINENTS AS T1 JOIN COUNTRIES AS T2 ON T1.ContId  =  T2.continent JOIN car_makers AS T3 ON T2.CountryId  =  T3.Country GROUP BY T1.Continent;","SELECT T1.continent_name, COUNT(T2.car_maker_id) FROM continents AS T1 LEFT JOIN car_makers AS T2 ON T1.continent_id = T2.continent_id GROUP BY T1.continent_name"
car_1,Which of the countries has the most car makers? List the country name.,SELECT T2.CountryName FROM CAR_MAKERS AS T1 JOIN COUNTRIES AS T2 ON T1.Country  =  T2.CountryId GROUP BY T1.Country ORDER BY Count(*) DESC LIMIT 1;,SELECT country_name FROM countries GROUP BY country_name ORDER BY COUNT(car_maker_id) DESC LIMIT 1
car_1,What is the name of the country with the most car makers?,SELECT T2.CountryName FROM CAR_MAKERS AS T1 JOIN COUNTRIES AS T2 ON T1.Country  =  T2.CountryId GROUP BY T1.Country ORDER BY Count(*) DESC LIMIT 1;,SELECT country_name FROM countries WHERE id IN (SELECT country_id FROM car_makers GROUP BY country_id ORDER BY COUNT(*) DESC LIMIT 1)
car_1,How many car models are produced by each maker ? Only list the count and the maker full name .,"select count(*) ,  t2.fullname from model_list as t1 join car_makers as t2 on t1.maker  =  t2.id group by t2.id;","SELECT COUNT(DISTINCT T1.model), T2.full_name FROM car_models AS T1 INNER JOIN car_makers AS T2 ON T1.maker_id = T2.id GROUP BY T2.full_name"
car_1,What is the number of car models that are produced by each maker and what is the id and full name of each maker?,"SELECT Count(*) ,  T2.FullName ,  T2.id FROM MODEL_LIST AS T1 JOIN CAR_MAKERS AS T2 ON T1.Maker  =  T2.Id GROUP BY T2.id;","SELECT COUNT(DISTINCT T1.model), T2.id, T2.full_name FROM car_models AS T1 INNER JOIN makers AS T2 ON T1.maker_id = T2.id GROUP BY T2.id, T2.full_name"
car_1,What is the accelerate of the car make amc hornet sportabout (sw)?,SELECT T1.Accelerate FROM CARS_DATA AS T1 JOIN CAR_NAMES AS T2 ON T1.Id  =  T2.MakeId WHERE T2.Make  =  'amc hornet sportabout (sw)';,"SELECT accelerate FROM cars WHERE name = ""amc hornet sportabout (sw)"""
car_1,How much does the car accelerate that makes amc hornet sportabout (sw)?,SELECT T1.Accelerate FROM CARS_DATA AS T1 JOIN CAR_NAMES AS T2 ON T1.Id  =  T2.MakeId WHERE T2.Make  =  'amc hornet sportabout (sw)';,"SELECT acceleration FROM cars WHERE name = ""AMC Hornet Sportabout (SW)"""
car_1,How many car makers are there in france?,SELECT count(*) FROM CAR_MAKERS AS T1 JOIN COUNTRIES AS T2 ON T1.Country  =  T2.CountryId WHERE T2.CountryName  =  'france';,SELECT COUNT(*) FROM car_makers WHERE country = 'France'
car_1,What is the number of makers of care in France?,SELECT count(*) FROM CAR_MAKERS AS T1 JOIN COUNTRIES AS T2 ON T1.Country  =  T2.CountryId WHERE T2.CountryName  =  'france';,SELECT COUNT(*) FROM makers_of_care WHERE country = 'France'
car_1,How many car models are produced in the usa?,SELECT count(*) FROM MODEL_LIST AS T1 JOIN CAR_MAKERS AS T2 ON T1.Maker  =  T2.Id JOIN COUNTRIES AS T3 ON T2.Country  =  T3.CountryId WHERE T3.CountryName  =  'usa';,SELECT COUNT(model) FROM car_models WHERE country_of_origin = 'USA'
car_1,What is the count of the car models produced in the United States?,SELECT count(*) FROM MODEL_LIST AS T1 JOIN CAR_MAKERS AS T2 ON T1.Maker  =  T2.Id JOIN COUNTRIES AS T3 ON T2.Country  =  T3.CountryId WHERE T3.CountryName  =  'usa';,SELECT COUNT(*) FROM car_models WHERE country_of_origin = 'United States'
car_1,What is the average miles per gallon(mpg) of the cars with 4 cylinders?,SELECT avg(mpg) FROM CARS_DATA WHERE Cylinders  =  4;,SELECT AVG(mpg) FROM cars WHERE cylinders = 4
car_1,What is the average miles per gallon of all the cards with 4 cylinders?,SELECT avg(mpg) FROM CARS_DATA WHERE Cylinders  =  4;,SELECT AVG(miles_per_gallon) FROM cars WHERE cylinders = 4
car_1,What is the smallest weight of the car produced with 8 cylinders on 1974 ?,select min(weight) from cars_data where cylinders  =  8 and year  =  1974,SELECT MIN(weight) FROM cars WHERE cylinders = 8 AND year = 1974
car_1,What is the minimum weight of the car with 8 cylinders produced in 1974 ?,select min(weight) from cars_data where cylinders  =  8 and year  =  1974,SELECT MIN(weight) FROM cars WHERE cylinders = 8 AND year = 1974
car_1,What are all the makers and models?,"SELECT Maker ,  Model FROM MODEL_LIST;","SELECT maker, model FROM products"
car_1,What are the makers and models?,"SELECT Maker ,  Model FROM MODEL_LIST;","SELECT maker, model FROM products"
car_1,What are the countries having at least one car maker? List name and id.,"SELECT T1.CountryName ,  T1.CountryId FROM COUNTRIES AS T1 JOIN CAR_MAKERS AS T2 ON T1.CountryId  =  T2.Country GROUP BY T1.CountryId HAVING count(*)  >=  1;","SELECT T1.name, T1.id FROM countries AS T1 INNER JOIN car_makers AS T2 ON T1.id = T2.country_id GROUP BY T1.id"
car_1,What are the names and ids of all countries with at least one car maker?,"SELECT T1.CountryName ,  T1.CountryId FROM COUNTRIES AS T1 JOIN CAR_MAKERS AS T2 ON T1.CountryId  =  T2.Country GROUP BY T1.CountryId HAVING count(*)  >=  1;","SELECT DISTINCT c.name, c.id FROM countries c JOIN car_makers cm ON c.id = cm.country_id"
car_1,What is the number of the cars with horsepower more than 150?,SELECT count(*) FROM CARS_DATA WHERE horsepower  >  150;,SELECT COUNT(*) FROM cars WHERE horsepower > 150
car_1,What is the number of cars with a horsepower greater than 150?,SELECT count(*) FROM CARS_DATA WHERE horsepower  >  150;,SELECT COUNT(*) FROM cars WHERE horsepower > 150
car_1,What is the average weight of cars each year?,"SELECT avg(Weight) ,  YEAR FROM CARS_DATA GROUP BY YEAR;",SELECT AVG(weight) FROM cars GROUP BY year
car_1,What is the average weight and year for each year?,"SELECT avg(Weight) ,  YEAR FROM CARS_DATA GROUP BY YEAR;","SELECT AVG(weight) AS average_weight, year FROM table_name GROUP BY year"
car_1,Which countries in europe have at least 3 car manufacturers?,SELECT T1.CountryName FROM COUNTRIES AS T1 JOIN CONTINENTS AS T2 ON T1.Continent  =  T2.ContId JOIN CAR_MAKERS AS T3 ON T1.CountryId  =  T3.Country WHERE T2.Continent  =  'europe' GROUP BY T1.CountryName HAVING count(*)  >=  3;,SELECT country FROM car_manufacturers WHERE region = 'Europe' GROUP BY country HAVING COUNT(manufacturer) >= 3
car_1,What are the names of all European countries with at least 3 manufacturers?,SELECT T1.CountryName FROM COUNTRIES AS T1 JOIN CONTINENTS AS T2 ON T1.Continent  =  T2.ContId JOIN CAR_MAKERS AS T3 ON T1.CountryId  =  T3.Country WHERE T2.Continent  =  'europe' GROUP BY T1.CountryName HAVING count(*)  >=  3;,SELECT country_name FROM countries WHERE region = 'Europe' AND id IN (SELECT country_id FROM manufacturers GROUP BY country_id HAVING COUNT(id) >= 3)
car_1,What is the maximum horsepower and the make of the car models with 3 cylinders?,"SELECT T2.horsepower ,  T1.Make FROM CAR_NAMES AS T1 JOIN CARS_DATA AS T2 ON T1.MakeId  =  T2.Id WHERE T2.cylinders  =  3 ORDER BY T2.horsepower DESC LIMIT 1;","SELECT MAX(horsepower), make FROM cars WHERE cylinders = 3"
car_1,What is the largest amount of horsepower for the models with 3 cylinders and what make is it?,"SELECT T2.horsepower ,  T1.Make FROM CAR_NAMES AS T1 JOIN CARS_DATA AS T2 ON T1.MakeId  =  T2.Id WHERE T2.cylinders  =  3 ORDER BY T2.horsepower DESC LIMIT 1;","SELECT make, MAX(horsepower) FROM cars WHERE cylinders = 3"
car_1,"Which model saves the most gasoline? That is to say, have the maximum miles per gallon.",SELECT T1.Model FROM CAR_NAMES AS T1 JOIN CARS_DATA AS T2 ON T1.MakeId  =  T2.Id ORDER BY T2.mpg DESC LIMIT 1;,SELECT model FROM cars ORDER BY miles_per_gallon DESC LIMIT 1
car_1,What is the car model with the highest mpg ?,select t1.model from car_names as t1 join cars_data as t2 on t1.makeid  =  t2.id order by t2.mpg desc limit 1;,SELECT car_model FROM cars ORDER BY mpg DESC LIMIT 1
car_1,What is the average horsepower of the cars before 1980?,SELECT avg(horsepower) FROM CARS_DATA WHERE YEAR  <  1980;,SELECT AVG(horsepower) FROM cars WHERE year < 1980
car_1,What is the average horsepower for all cars produced before 1980 ?,select avg(horsepower) from cars_data where year  <  1980;,SELECT AVG(horsepower) FROM cars WHERE year < 1980
car_1,What is the average edispl of the cars of model volvo?,SELECT avg(T2.edispl) FROM CAR_NAMES AS T1 JOIN CARS_DATA AS T2 ON T1.MakeId  =  T2.Id WHERE T1.Model  =  'volvo';,SELECT AVG(edispl) FROM cars WHERE model = 'volvo'
car_1,What is the average edispl for all volvos?,SELECT avg(T2.edispl) FROM CAR_NAMES AS T1 JOIN CARS_DATA AS T2 ON T1.MakeId  =  T2.Id WHERE T1.Model  =  'volvo';,SELECT AVG(edispl) FROM cars WHERE make = 'volvo'
car_1,What is the maximum accelerate for different number of cylinders?,"SELECT max(Accelerate) ,  Cylinders FROM CARS_DATA GROUP BY Cylinders;","SELECT MAX(accelerate) , cylinders FROM cars GROUP BY cylinders"
car_1,What is the maximum accelerate for all the different cylinders?,"SELECT max(Accelerate) ,  Cylinders FROM CARS_DATA GROUP BY Cylinders;","SELECT cylinders, MAX(accelerate) FROM table_name GROUP BY cylinders"
car_1,Which model has the most version(make) of cars?,SELECT Model FROM CAR_NAMES GROUP BY Model ORDER BY count(*) DESC LIMIT 1;,SELECT model FROM cars GROUP BY model ORDER BY COUNT(make) DESC LIMIT 1
car_1,What model has the most different versions?,SELECT Model FROM CAR_NAMES GROUP BY Model ORDER BY count(*) DESC LIMIT 1;,SELECT model FROM versions GROUP BY model ORDER BY COUNT(version) DESC LIMIT 1
car_1,How many cars have more than 4 cylinders?,SELECT count(*) FROM CARS_DATA WHERE Cylinders  >  4;,SELECT COUNT(*) FROM cars WHERE cylinders > 4
car_1,What is the number of cars with more than 4 cylinders?,SELECT count(*) FROM CARS_DATA WHERE Cylinders  >  4;,SELECT COUNT(*) FROM cars WHERE cylinders > 4
car_1,how many cars were produced in 1980?,SELECT count(*) FROM CARS_DATA WHERE YEAR  =  1980;,SELECT COUNT(*) FROM cars WHERE production_year = 1980
car_1,"In 1980, how many cars were made?",SELECT count(*) FROM CARS_DATA WHERE YEAR  =  1980;,SELECT COUNT(*) FROM cars WHERE year = 1980
car_1,How many car models were produced by the maker with full name American Motor Company?,SELECT count(*) FROM CAR_MAKERS AS T1 JOIN MODEL_LIST AS T2 ON T1.Id  =  T2.Maker WHERE T1.FullName  =  'American Motor Company';,SELECT COUNT(DISTINCT T1.model) FROM car_models AS T1 INNER JOIN makers AS T2 ON T1.maker_id = T2.id WHERE T2.full_name = 'American Motor Company'
car_1,What is the number of car models created by the car maker American Motor Company?,SELECT count(*) FROM CAR_MAKERS AS T1 JOIN MODEL_LIST AS T2 ON T1.Id  =  T2.Maker WHERE T1.FullName  =  'American Motor Company';,SELECT COUNT(*) FROM car_models WHERE car_maker = 'American Motor Company'
car_1,Which makers designed more than 3 car models? List full name and the id.,"SELECT T1.FullName ,  T1.Id FROM CAR_MAKERS AS T1 JOIN MODEL_LIST AS T2 ON T1.Id  =  T2.Maker GROUP BY T1.Id HAVING count(*)  >  3;","SELECT maker_id, first_name, last_name FROM makers WHERE id IN (SELECT maker_id FROM models GROUP BY maker_id HAVING COUNT(model_id) > 3)"
car_1,What are the names and ids of all makers with more than 3 models?,"SELECT T1.FullName ,  T1.Id FROM CAR_MAKERS AS T1 JOIN MODEL_LIST AS T2 ON T1.Id  =  T2.Maker GROUP BY T1.Id HAVING count(*)  >  3;","SELECT M.name, M.id FROM Makers AS M JOIN Models AS Mo ON M.id = Mo.maker_id GROUP BY M.id HAVING COUNT(Mo.id) > 3"
car_1,Which distinctive models are produced by maker with the full name General Motors or weighing more than 3500?,SELECT DISTINCT T2.Model FROM CAR_NAMES AS T1 JOIN MODEL_LIST AS T2 ON T1.Model  =  T2.Model JOIN CAR_MAKERS AS T3 ON T2.Maker  =  T3.Id JOIN CARS_DATA AS T4 ON T1.MakeId  =  T4.Id WHERE T3.FullName  =  'General Motors' OR T4.weight  >  3500;,SELECT DISTINCT T1.model FROM Cars AS T1 INNER JOIN Manufacturers AS T2 ON T1.maker = T2.name WHERE T2.full_name = 'General Motors' OR T1.weight > 3500
car_1,What are the different models created by either the car maker General Motors or weighed more than 3500?,SELECT DISTINCT T2.Model FROM CAR_NAMES AS T1 JOIN MODEL_LIST AS T2 ON T1.Model  =  T2.Model JOIN CAR_MAKERS AS T3 ON T2.Maker  =  T3.Id JOIN CARS_DATA AS T4 ON T1.MakeId  =  T4.Id WHERE T3.FullName  =  'General Motors' OR T4.weight  >  3500;,SELECT DISTINCT model FROM cars WHERE maker = 'General Motors' OR weight > 3500
car_1,In which years cars were produced weighing no less than 3000 and no more than 4000 ?,select distinct year from cars_data where weight between 3000 and 4000;,SELECT DISTINCT YEAR FROM cars WHERE weight BETWEEN 3000 AND 4000
car_1,What are the different years in which there were cars produced that weighed less than 4000 and also cars that weighted more than 3000 ?,select distinct year from cars_data where weight between 3000 and 4000;,SELECT DISTINCT YEAR FROM cars WHERE WEIGHT < 4000 AND YEAR IN (SELECT YEAR FROM cars WHERE WEIGHT > 3000)
car_1,What is the horsepower of the car with the largest accelerate?,SELECT T1.horsepower FROM CARS_DATA AS T1 ORDER BY T1.accelerate DESC LIMIT 1;,SELECT horsepower FROM cars ORDER BY accelerate DESC LIMIT 1
car_1,What is the horsepower of the car with the greatest accelerate?,SELECT T1.horsepower FROM CARS_DATA AS T1 ORDER BY T1.accelerate DESC LIMIT 1;,SELECT horsepower FROM cars ORDER BY accelerate DESC LIMIT 1
car_1,"For model volvo, how many cylinders does the car with the least accelerate have?",SELECT T1.cylinders FROM CARS_DATA AS T1 JOIN CAR_NAMES AS T2 ON T1.Id  =  T2.MakeId WHERE T2.Model  =  'volvo' ORDER BY T1.accelerate ASC LIMIT 1;,SELECT cylinders FROM cars WHERE model = 'volvo' ORDER BY accelerate ASC LIMIT 1
car_1,"For a volvo model, how many cylinders does the version with least accelerate have?",SELECT T1.cylinders FROM CARS_DATA AS T1 JOIN CAR_NAMES AS T2 ON T1.Id  =  T2.MakeId WHERE T2.Model  =  'volvo' ORDER BY T1.accelerate ASC LIMIT 1;,SELECT MIN(cylinders) FROM cars WHERE make = 'volvo' ORDER BY accelerate ASC LIMIT 1
car_1,How many cars have a larger accelerate than the car with the largest horsepower?,SELECT COUNT(*) FROM CARS_DATA WHERE Accelerate  >  ( SELECT Accelerate FROM CARS_DATA ORDER BY Horsepower DESC LIMIT 1 );,SELECT COUNT(*) FROM cars WHERE accelerate > (SELECT MAX(horsepower) FROM cars)
car_1,What is the number of cars with a greater accelerate than the one with the most horsepower?,SELECT COUNT(*) FROM CARS_DATA WHERE Accelerate  >  ( SELECT Accelerate FROM CARS_DATA ORDER BY Horsepower DESC LIMIT 1 );,SELECT COUNT(*) FROM cars WHERE accelerate > (SELECT MAX(horsepower) FROM cars)
car_1,How many countries has more than 2 car makers ?,select count(*) from countries as t1 join car_makers as t2 on t1.countryid  =  t2.country group by t1.countryid having count(*)  >  2,SELECT COUNT(DISTINCT country) FROM car_makers GROUP BY country HAVING COUNT(maker) > 2
car_1,What is the number of countries with more than 2 car makers ?,select count(*) from countries as t1 join car_makers as t2 on t1.countryid  =  t2.country group by t1.countryid having count(*)  >  2,SELECT COUNT(DISTINCT T1.country) FROM car_makers AS T1 INNER JOIN countries AS T2 ON T1.country = T2.name GROUP BY T1.country HAVING COUNT(T1.name) > 2
car_1,How many cars has over 6 cylinders?,SELECT COUNT(*) FROM CARS_DATA WHERE Cylinders  >  6;,SELECT COUNT(*) FROM cars WHERE cylinders > 6
car_1,What is the number of carsw ith over 6 cylinders?,SELECT COUNT(*) FROM CARS_DATA WHERE Cylinders  >  6;,SELECT COUNT(*) FROM cars WHERE cylinders > 6
car_1,"For the cars with 4 cylinders, which model has the largest horsepower?",SELECT T1.Model FROM CAR_NAMES AS T1 JOIN CARS_DATA AS T2 ON T1.MakeId  =  T2.Id WHERE T2.Cylinders  =  4 ORDER BY T2.horsepower DESC LIMIT 1;,SELECT model FROM cars WHERE cylinders = 4 ORDER BY horsepower DESC LIMIT 1
car_1,"For all of the 4 cylinder cars, which model has the most horsepower?",SELECT T1.Model FROM CAR_NAMES AS T1 JOIN CARS_DATA AS T2 ON T1.MakeId  =  T2.Id WHERE T2.Cylinders  =  4 ORDER BY T2.horsepower DESC LIMIT 1;,SELECT model FROM cars WHERE cylinders = 4 ORDER BY horsepower DESC LIMIT 1
car_1,"Among the cars with more than lowest horsepower, which ones do not have more than 3 cylinders? List the car makeid and make name.","SELECT T2.MakeId ,  T2.Make FROM CARS_DATA AS T1 JOIN CAR_NAMES AS T2 ON T1.Id  =  T2.MakeId WHERE T1.Horsepower  >  (SELECT min(Horsepower) FROM CARS_DATA) AND T1.Cylinders  <=  3;","SELECT T1.makeid, T2.name FROM cars AS T1 INNER JOIN makes AS T2 ON T1.makeid = T2.makeid WHERE T1.horsepower > (SELECT MIN(horsepower) FROM cars) AND T1.cylinders <= 3"
car_1,"Among the cars that do not have the minimum horsepower , what are the make ids and names of all those with less than 4 cylinders ?","select t2.makeid ,  t2.make from cars_data as t1 join car_names as t2 on t1.id  =  t2.makeid where t1.horsepower  >  (select min(horsepower) from cars_data) and t1.cylinders  <  4;","SELECT make_id, make_name FROM cars WHERE horsepower < (SELECT MIN(horsepower) FROM cars) AND cylinders < 4"
car_1,What is the maximum miles per gallon of the car with 8 cylinders or produced before 1980 ?,select max(mpg) from cars_data where cylinders  =  8 or year  <  1980,SELECT MAX mpg FROM cars WHERE cyl = 8 OR year < 1980
car_1,What is the maximum mpg of the cars that had 8 cylinders or that were produced before 1980 ?,select max(mpg) from cars_data where cylinders  =  8 or year  <  1980,SELECT MAX mpg FROM cars WHERE cylinders = 8 OR year < 1980
car_1,Which models are lighter than 3500 but not built by the 'Ford Motor Company'?,SELECT DISTINCT T1.model FROM MODEL_LIST AS T1 JOIN CAR_NAMES AS T2 ON T1.Model  =  T2.Model JOIN CARS_DATA AS T3 ON T2.MakeId  =  T3.Id JOIN CAR_MAKERS AS T4 ON T1.Maker  =  T4.Id WHERE T3.weight  <  3500 AND T4.FullName != 'Ford Motor Company';,SELECT model FROM cars WHERE weight < 3500 AND manufacturer != 'Ford Motor Company'
car_1,What are the different models wthat are lighter than 3500 but were not built by the Ford Motor Company?,SELECT DISTINCT T1.model FROM MODEL_LIST AS T1 JOIN CAR_NAMES AS T2 ON T1.Model  =  T2.Model JOIN CARS_DATA AS T3 ON T2.MakeId  =  T3.Id JOIN CAR_MAKERS AS T4 ON T1.Maker  =  T4.Id WHERE T3.weight  <  3500 AND T4.FullName != 'Ford Motor Company';,SELECT DISTINCT model FROM cars WHERE weight < 3500 AND manufacturer != 'Ford Motor Company'
car_1,What are the name of the countries where there is not a single car maker?,SELECT CountryName FROM countries EXCEPT SELECT T1.CountryName FROM countries AS T1 JOIN CAR_MAKERS AS T2 ON T1.countryId  =  T2.Country;,SELECT name FROM countries WHERE id NOT IN (SELECT country_id FROM car_makers)
car_1,What are the names of the countries with no car makers?,SELECT CountryName FROM countries EXCEPT SELECT T1.CountryName FROM countries AS T1 JOIN CAR_MAKERS AS T2 ON T1.countryId  =  T2.Country;,SELECT name FROM countries WHERE id NOT IN (SELECT country_id FROM car_makers)
car_1,Which are the car makers which produce at least 2 models and more than 3 car makers ? List the id and the maker .,"select t1.id ,  t1.maker from car_makers as t1 join model_list as t2 on t1.id  =  t2.maker group by t1.id having count(*)  >=  2 intersect select t1.id ,  t1.maker from car_makers as t1 join model_list as t2 on t1.id  =  t2.maker join car_names as t3 on t2.model  =  t3.model group by t1.id having count(*)  >  3;","SELECT id, maker FROM cars GROUP BY maker HAVING COUNT(model) > 1 AND COUNT(DISTINCT maker) > 3"
car_1,What are the ids and makers of all car makers that produce at least 2 models and make more than 3 cars?,"SELECT T1.Id ,  T1.Maker FROM CAR_MAKERS AS T1 JOIN MODEL_LIST AS T2 ON T1.Id  =  T2.Maker GROUP BY T1.Id HAVING count(*)  >=  2 INTERSECT SELECT T1.Id ,  T1.Maker FROM CAR_MAKERS AS T1 JOIN MODEL_LIST AS T2 ON T1.Id  =  T2.Maker JOIN CAR_NAMES AS T3 ON T2.model  =  T3.model GROUP BY T1.Id HAVING count(*)  >  3;","SELECT maker, id FROM cars GROUP BY maker HAVING COUNT(model) > 1 AND SUM(amount) > 3"
car_1,What are the id and names of the countries which have more than 3 car makers or produce the 'fiat' model?,"SELECT T1.countryId ,  T1.CountryName FROM Countries AS T1 JOIN CAR_MAKERS AS T2 ON T1.CountryId  =  T2.Country GROUP BY T1.countryId HAVING count(*)  >  3 UNION SELECT T1.countryId ,  T1.CountryName FROM Countries AS T1 JOIN CAR_MAKERS AS T2 ON T1.CountryId  =  T2.Country JOIN MODEL_LIST AS T3 ON T2.Id  =  T3.Maker WHERE T3.Model  =  'fiat';","SELECT c.id, c.name FROM countries c JOIN car_makers cm ON c.id = cm.country_id WHERE c.id IN (SELECT country_id FROM car_makers GROUP BY country_id HAVING COUNT(id) > 3) OR c.id IN (SELECT country_id FROM car_makers WHERE model = 'fiat')"
car_1,What are the ids and names of all countries that either have more than 3 car makers or produce fiat model ?,"select t1.countryid ,  t1.countryname from countries as t1 join car_makers as t2 on t1.countryid  =  t2.country group by t1.countryid having count(*)  >  3 union select t1.countryid ,  t1.countryname from countries as t1 join car_makers as t2 on t1.countryid  =  t2.country join model_list as t3 on t2.id  =  t3.maker where t3.model  =  'fiat';","SELECT c.id, c.name FROM countries c JOIN car_makers cm ON c.id = cm.country_id JOIN car_models cm2 ON cm.id = cm2.car_maker_id WHERE cm2.model = 'fiat' OR c.id IN (SELECT country_id FROM car_makers GROUP BY country_id HAVING COUNT(id) > 3)"
flight_2,"Which country does Airline ""JetBlue Airways"" belong to?","SELECT Country FROM AIRLINES WHERE Airline  =  ""JetBlue Airways""",SELECT country FROM airlines WHERE name = 'JetBlue Airways'
flight_2,What country is Jetblue Airways affiliated with?,"SELECT Country FROM AIRLINES WHERE Airline  =  ""JetBlue Airways""",SELECT country FROM airlines WHERE name = 'Jetblue Airways'
flight_2,"What is the abbreviation of Airline ""JetBlue Airways""?","SELECT Abbreviation FROM AIRLINES WHERE Airline  =  ""JetBlue Airways""","SELECT abbreviation FROM airlines WHERE name = ""JetBlue Airways"""
flight_2,Which abbreviation corresponds to Jetblue Airways?,"SELECT Abbreviation FROM AIRLINES WHERE Airline  =  ""JetBlue Airways""",SELECT abbreviation FROM airlines WHERE name = 'Jetblue Airways'
flight_2,"List all airline names and their abbreviations in ""USA"".","SELECT Airline ,  Abbreviation FROM AIRLINES WHERE Country  =  ""USA""","SELECT name, abbreviation FROM airlines WHERE country = 'USA'"
flight_2,What are the airline names and abbreviations for airlines in the USA?,"SELECT Airline ,  Abbreviation FROM AIRLINES WHERE Country  =  ""USA""","SELECT name, abbreviation FROM airlines WHERE country = 'USA'"
flight_2,List the airport code and name in the city of Anthony.,"SELECT AirportCode ,  AirportName FROM AIRPORTS WHERE city  =  ""Anthony""","SELECT airport_code, airport_name FROM airports WHERE city = 'Anthony'"
flight_2,Give the airport code and airport name corresonding to the city Anthony.,"SELECT AirportCode ,  AirportName FROM AIRPORTS WHERE city  =  ""Anthony""","SELECT airport_code, airport_name FROM airports WHERE city = 'Anthony'"
flight_2,How many airlines do we have?,SELECT count(*) FROM AIRLINES,SELECT COUNT(*) FROM airlines
flight_2,What is the total number of airlines?,SELECT count(*) FROM AIRLINES,SELECT COUNT(*) FROM airlines
flight_2,How many airports do we have?,SELECT count(*) FROM AIRPORTS,SELECT COUNT(*) FROM airports
flight_2,Return the number of  airports.,SELECT count(*) FROM AIRPORTS,SELECT COUNT(*) FROM airports
flight_2,How many flights do we have?,SELECT count(*) FROM FLIGHTS,SELECT COUNT(*) FROM flights
flight_2,Return the number of flights.,SELECT count(*) FROM FLIGHTS,SELECT COUNT(*) FROM flights
flight_2,Which airline has abbreviation 'UAL'?,"SELECT Airline FROM AIRLINES WHERE Abbreviation  =  ""UAL""",SELECT name FROM airlines WHERE abbreviation = 'UAL'
flight_2,Give the airline with abbreviation 'UAL'.,"SELECT Airline FROM AIRLINES WHERE Abbreviation  =  ""UAL""",SELECT name FROM airlines WHERE abbreviation = 'UAL'
flight_2,How many airlines are from USA?,"SELECT count(*) FROM AIRLINES WHERE Country  =  ""USA""",SELECT COUNT(*) FROM airlines WHERE country = 'USA'
flight_2,Return the number of airlines in the USA.,"SELECT count(*) FROM AIRLINES WHERE Country  =  ""USA""",SELECT COUNT(*) FROM airlines WHERE country = 'USA'
flight_2,Which city and country is the Alton airport at?,"SELECT City ,  Country FROM AIRPORTS WHERE AirportName  =  ""Alton""","SELECT city, country FROM airports WHERE name = 'Alton'"
flight_2,Give the city and country for the Alton airport.,"SELECT City ,  Country FROM AIRPORTS WHERE AirportName  =  ""Alton""","SELECT city, country FROM airports WHERE name = 'Alton'"
flight_2,What is the airport name for airport 'AKO'?,"SELECT AirportName FROM AIRPORTS WHERE AirportCode  =  ""AKO""",SELECT airport_name FROM airports WHERE airport_code = 'AKO'
flight_2,Return the name of the airport with code 'AKO'.,"SELECT AirportName FROM AIRPORTS WHERE AirportCode  =  ""AKO""",SELECT name FROM airports WHERE code = 'AKO'
flight_2,What are airport names at City 'Aberdeen'?,"SELECT AirportName FROM AIRPORTS WHERE City = ""Aberdeen""",SELECT airport_name FROM airports WHERE city = 'Aberdeen'
flight_2,What are the names of airports in Aberdeen?,"SELECT AirportName FROM AIRPORTS WHERE City = ""Aberdeen""",SELECT name FROM airports WHERE city = 'Aberdeen'
flight_2,How many flights depart from 'APG'?,"SELECT count(*) FROM FLIGHTS WHERE SourceAirport  =  ""APG""",SELECT COUNT(*) FROM flights WHERE departure_airport = 'APG'
flight_2,Count the number of flights departing from 'APG'.,"SELECT count(*) FROM FLIGHTS WHERE SourceAirport  =  ""APG""",SELECT COUNT(*) FROM flights WHERE departure_airport = 'APG'
flight_2,How many flights have destination ATO?,"SELECT count(*) FROM FLIGHTS WHERE DestAirport  =  ""ATO""",SELECT COUNT(*) FROM flights WHERE destination = 'ATO'
flight_2,Count the number of flights into ATO.,"SELECT count(*) FROM FLIGHTS WHERE DestAirport  =  ""ATO""",SELECT COUNT(*) FROM flights WHERE destination_airport = 'ATO'
flight_2,How many flights depart from City Aberdeen?,"SELECT count(*) FROM FLIGHTS AS T1 JOIN AIRPORTS AS T2 ON T1.SourceAirport  =  T2.AirportCode WHERE T2.City  =  ""Aberdeen""",SELECT COUNT(*) FROM flights WHERE departure_city = 'Aberdeen'
flight_2,Return the number of flights departing from Aberdeen.,"SELECT count(*) FROM FLIGHTS AS T1 JOIN AIRPORTS AS T2 ON T1.SourceAirport  =  T2.AirportCode WHERE T2.City  =  ""Aberdeen""",SELECT COUNT(*) FROM flights WHERE departure_airport = 'Aberdeen'
flight_2,How many flights arriving in Aberdeen city?,"SELECT count(*) FROM FLIGHTS AS T1 JOIN AIRPORTS AS T2 ON T1.DestAirport  =  T2.AirportCode WHERE T2.City  =  ""Aberdeen""",SELECT COUNT(*) FROM flights WHERE destination_airport = 'Aberdeen'
flight_2,Return the number of flights arriving in Aberdeen.,"SELECT count(*) FROM FLIGHTS AS T1 JOIN AIRPORTS AS T2 ON T1.DestAirport  =  T2.AirportCode WHERE T2.City  =  ""Aberdeen""",SELECT COUNT(*) FROM flights WHERE destination = 'Aberdeen'
flight_2,How many flights depart from City 'Aberdeen' and have destination City 'Ashley'?,"SELECT count(*) FROM FLIGHTS AS T1 JOIN AIRPORTS AS T2 ON T1.DestAirport  =  T2.AirportCode JOIN AIRPORTS AS T3 ON T1.SourceAirport  =  T3.AirportCode WHERE T2.City  =  ""Ashley"" AND T3.City  =  ""Aberdeen""",SELECT COUNT(*) FROM flights WHERE origin_city = 'Aberdeen' AND destination_city = 'Ashley'
flight_2,How many flights fly from Aberdeen to Ashley?,"SELECT count(*) FROM FLIGHTS AS T1 JOIN AIRPORTS AS T2 ON T1.DestAirport  =  T2.AirportCode JOIN AIRPORTS AS T3 ON T1.SourceAirport  =  T3.AirportCode WHERE T2.City  =  ""Ashley"" AND T3.City  =  ""Aberdeen""",SELECT COUNT(*) FROM flights WHERE origin = 'Aberdeen' AND destination = 'Ashley'
flight_2,How many flights does airline 'JetBlue Airways' have?,"SELECT count(*) FROM FLIGHTS AS T1 JOIN AIRLINES AS T2 ON T1.Airline  =  T2.uid WHERE T2.Airline = ""JetBlue Airways""",SELECT COUNT(*) FROM flights WHERE airline = 'JetBlue Airways'
flight_2,Give the number of Jetblue Airways flights.,"SELECT count(*) FROM FLIGHTS AS T1 JOIN AIRLINES AS T2 ON T1.Airline  =  T2.uid WHERE T2.Airline = ""JetBlue Airways""",SELECT COUNT(*) FROM flights WHERE airline = 'Jetblue Airways'
flight_2,How many 'United Airlines' flights go to Airport 'ASY'?,"SELECT count(*) FROM AIRLINES AS T1 JOIN FLIGHTS AS T2 ON T2.Airline  =  T1.uid WHERE T1.Airline  =  ""United Airlines"" AND T2.DestAirport  =  ""ASY""",SELECT COUNT(*) FROM flights AS f JOIN airlines AS a ON f.airline = a.code JOIN airports AS ap ON f.destination = ap.code WHERE a.name = 'United Airlines' AND ap.code = 'ASY'
flight_2,Count the number of United Airlines flights arriving in ASY Airport.,"SELECT count(*) FROM AIRLINES AS T1 JOIN FLIGHTS AS T2 ON T2.Airline  =  T1.uid WHERE T1.Airline  =  ""United Airlines"" AND T2.DestAirport  =  ""ASY""",SELECT COUNT(*) FROM flights WHERE airline = 'United Airlines' AND arrival_airport = 'ASY'
flight_2,How many 'United Airlines' flights depart from Airport 'AHD'?,"SELECT count(*) FROM AIRLINES AS T1 JOIN FLIGHTS AS T2 ON T2.Airline  =  T1.uid WHERE T1.Airline  =  ""United Airlines"" AND T2.SourceAirport  =  ""AHD""",SELECT COUNT(*) FROM flights AS f JOIN airlines AS a ON f.airline_id = a.id JOIN airports AS ap ON f.departure_airport_id = ap.id WHERE a.name = 'United Airlines' AND ap.code = 'AHD'
flight_2,Return the number of United Airlines flights leaving from AHD Airport.,"SELECT count(*) FROM AIRLINES AS T1 JOIN FLIGHTS AS T2 ON T2.Airline  =  T1.uid WHERE T1.Airline  =  ""United Airlines"" AND T2.SourceAirport  =  ""AHD""",SELECT COUNT(*) FROM flights WHERE airline = 'United Airlines' AND departure_airport = 'AHD'
flight_2,How many United Airlines flights go to City 'Aberdeen'?,"SELECT count(*) FROM FLIGHTS AS T1 JOIN AIRPORTS AS T2 ON T1.DestAirport  =  T2.AirportCode JOIN AIRLINES AS T3 ON T3.uid  =  T1.Airline WHERE T2.City  =  ""Aberdeen"" AND T3.Airline  =  ""United Airlines""",SELECT COUNT(*) FROM flights WHERE airline = 'United Airlines' AND destination = 'Aberdeen'
flight_2,Count the number of United Airlines flights that arrive in Aberdeen.,"SELECT count(*) FROM FLIGHTS AS T1 JOIN AIRPORTS AS T2 ON T1.DestAirport  =  T2.AirportCode JOIN AIRLINES AS T3 ON T3.uid  =  T1.Airline WHERE T2.City  =  ""Aberdeen"" AND T3.Airline  =  ""United Airlines""",SELECT COUNT(*) FROM flights WHERE airline = 'United Airlines' AND destination = 'Aberdeen'
flight_2,Which city has most number of arriving flights?,SELECT T1.City FROM AIRPORTS AS T1 JOIN FLIGHTS AS T2 ON T1.AirportCode  =  T2.DestAirport GROUP BY T1.City ORDER BY count(*) DESC LIMIT 1,SELECT city FROM flights GROUP BY city ORDER BY COUNT(*) DESC LIMIT 1
flight_2,Which city has the most frequent destination airport?,SELECT T1.City FROM AIRPORTS AS T1 JOIN FLIGHTS AS T2 ON T1.AirportCode  =  T2.DestAirport GROUP BY T1.City ORDER BY count(*) DESC LIMIT 1,SELECT city FROM airports GROUP BY city ORDER BY COUNT(city) DESC LIMIT 1
flight_2,Which city has most number of departing flights?,SELECT T1.City FROM AIRPORTS AS T1 JOIN FLIGHTS AS T2 ON T1.AirportCode  =  T2.SourceAirport GROUP BY T1.City ORDER BY count(*) DESC LIMIT 1,SELECT city FROM flights GROUP BY city ORDER BY COUNT(*) DESC LIMIT 1
flight_2,Which city is the most frequent source airport?,SELECT T1.City FROM AIRPORTS AS T1 JOIN FLIGHTS AS T2 ON T1.AirportCode  =  T2.SourceAirport GROUP BY T1.City ORDER BY count(*) DESC LIMIT 1,SELECT source_airport FROM flights GROUP BY source_airport ORDER BY COUNT(*) DESC LIMIT 1
flight_2,What is the code of airport that has the highest number of flights?,SELECT T1.AirportCode FROM AIRPORTS AS T1 JOIN FLIGHTS AS T2 ON T1.AirportCode  =  T2.DestAirport OR T1.AirportCode  =  T2.SourceAirport GROUP BY T1.AirportCode ORDER BY count(*) DESC LIMIT 1,SELECT airport_code FROM flights GROUP BY airport_code ORDER BY COUNT(*) DESC LIMIT 1
flight_2,What is the airport code of the airport with the most flights?,SELECT T1.AirportCode FROM AIRPORTS AS T1 JOIN FLIGHTS AS T2 ON T1.AirportCode  =  T2.DestAirport OR T1.AirportCode  =  T2.SourceAirport GROUP BY T1.AirportCode ORDER BY count(*) DESC LIMIT 1,SELECT airport_code FROM flights GROUP BY airport_code ORDER BY COUNT(*) DESC LIMIT 1
flight_2,What is the code of airport that has fewest number of flights?,SELECT T1.AirportCode FROM AIRPORTS AS T1 JOIN FLIGHTS AS T2 ON T1.AirportCode  =  T2.DestAirport OR T1.AirportCode  =  T2.SourceAirport GROUP BY T1.AirportCode ORDER BY count(*) LIMIT 1,SELECT airport_code FROM flights GROUP BY airport_code ORDER BY COUNT(*) ASC LIMIT 1
flight_2,Give the code of the airport with the least flights.,SELECT T1.AirportCode FROM AIRPORTS AS T1 JOIN FLIGHTS AS T2 ON T1.AirportCode  =  T2.DestAirport OR T1.AirportCode  =  T2.SourceAirport GROUP BY T1.AirportCode ORDER BY count(*) LIMIT 1,SELECT airport_code FROM flights GROUP BY airport_code ORDER BY COUNT(*) ASC LIMIT 1
flight_2,Which airline has most number of flights?,SELECT T1.Airline FROM AIRLINES AS T1 JOIN FLIGHTS AS T2 ON T1.uid  =  T2.Airline GROUP BY T1.Airline ORDER BY count(*) DESC LIMIT 1,SELECT Airline FROM Flights GROUP BY Airline ORDER BY COUNT(*) DESC LIMIT 1
flight_2,What airline serves the most flights?,SELECT T1.Airline FROM AIRLINES AS T1 JOIN FLIGHTS AS T2 ON T1.uid  =  T2.Airline GROUP BY T1.Airline ORDER BY count(*) DESC LIMIT 1,SELECT Airline FROM Flights GROUP BY Airline ORDER BY COUNT(*) DESC LIMIT 1
flight_2,Find the abbreviation and country of the airline that has fewest number of flights?,"SELECT T1.Abbreviation ,  T1.Country FROM AIRLINES AS T1 JOIN FLIGHTS AS T2 ON T1.uid  =  T2.Airline GROUP BY T1.Airline ORDER BY count(*) LIMIT 1","SELECT IATA, Country FROM Airlines ORDER BY (SELECT COUNT(*) FROM Flights WHERE Flights.Airline = Airlines.IATA) ASC LIMIT 1"
flight_2,What is the abbreviation of the airilne has the fewest flights and what country is it in?,"SELECT T1.Abbreviation ,  T1.Country FROM AIRLINES AS T1 JOIN FLIGHTS AS T2 ON T1.uid  =  T2.Airline GROUP BY T1.Airline ORDER BY count(*) LIMIT 1","SELECT T1.abbr, T2.country FROM airlines AS T1 INNER JOIN airports AS T2 ON T1.airport = T2.code GROUP BY T1.abbr, T2.country ORDER BY COUNT(T1.abbr) ASC LIMIT 1"
flight_2,What are airlines that have some flight departing from airport 'AHD'?,"SELECT T1.Airline FROM AIRLINES AS T1 JOIN FLIGHTS AS T2 ON T1.uid  =  T2.Airline WHERE T2.SourceAirport  =  ""AHD""",SELECT DISTINCT T1.name FROM airlines AS T1 INNER JOIN flights AS T2 ON T1.id = T2.airline_id INNER JOIN airports AS T3 ON T3.id = T2.departure_airport_id WHERE T3.code = 'AHD'
flight_2,Which airlines have a flight with source airport AHD?,"SELECT T1.Airline FROM AIRLINES AS T1 JOIN FLIGHTS AS T2 ON T1.uid  =  T2.Airline WHERE T2.SourceAirport  =  ""AHD""",SELECT DISTINCT airline FROM flights WHERE source_airport = 'AHD'
flight_2,What are airlines that have flights arriving at airport 'AHD'?,"SELECT T1.Airline FROM AIRLINES AS T1 JOIN FLIGHTS AS T2 ON T1.uid  =  T2.Airline WHERE T2.DestAirport  =  ""AHD""",SELECT DISTINCT airline FROM flights WHERE arrival_airport = 'AHD'
flight_2,Which airlines have a flight with destination airport AHD?,"SELECT T1.Airline FROM AIRLINES AS T1 JOIN FLIGHTS AS T2 ON T1.uid  =  T2.Airline WHERE T2.DestAirport  =  ""AHD""",SELECT DISTINCT airline FROM flights WHERE destination_airport = 'AHD'
flight_2,Find all airlines that have flights from both airports 'APG' and 'CVO'.,"SELECT T1.Airline FROM AIRLINES AS T1 JOIN FLIGHTS AS T2 ON T1.uid  =  T2.Airline WHERE T2.SourceAirport  =  ""APG"" INTERSECT SELECT T1.Airline FROM AIRLINES AS T1 JOIN FLIGHTS AS T2 ON T1.uid  =  T2.Airline WHERE T2.SourceAirport  =  ""CVO""",SELECT airline FROM flights WHERE airport = 'APG' INTERSECT SELECT airline FROM flights WHERE airport = 'CVO'
flight_2,Which airlines have departing flights from both APG and CVO airports?,"SELECT T1.Airline FROM AIRLINES AS T1 JOIN FLIGHTS AS T2 ON T1.uid  =  T2.Airline WHERE T2.SourceAirport  =  ""APG"" INTERSECT SELECT T1.Airline FROM AIRLINES AS T1 JOIN FLIGHTS AS T2 ON T1.uid  =  T2.Airline WHERE T2.SourceAirport  =  ""CVO""",SELECT airline FROM flights WHERE departure_airport = 'APG' INTERSECT SELECT airline FROM flights WHERE departure_airport = 'CVO'
flight_2,Find all airlines that have flights from airport 'CVO' but not from 'APG'.,"SELECT T1.Airline FROM AIRLINES AS T1 JOIN FLIGHTS AS T2 ON T1.uid  =  T2.Airline WHERE T2.SourceAirport  =  ""CVO"" EXCEPT SELECT T1.Airline FROM AIRLINES AS T1 JOIN FLIGHTS AS T2 ON T1.uid  =  T2.Airline WHERE T2.SourceAirport  =  ""APG""",SELECT DISTINCT T1.airline FROM Flights AS T1 INNER JOIN Airports AS T2 ON T1.origin_airport = T2.code WHERE T2.code = 'CVO' EXCEPT SELECT DISTINCT T1.airline FROM Flights AS T1 INNER JOIN Airports AS T2 ON T1.origin_airport = T2.code WHERE T2.code = 'APG'
flight_2,Which airlines have departures from CVO but not from APG airports?,"SELECT T1.Airline FROM AIRLINES AS T1 JOIN FLIGHTS AS T2 ON T1.uid  =  T2.Airline WHERE T2.SourceAirport  =  ""CVO"" EXCEPT SELECT T1.Airline FROM AIRLINES AS T1 JOIN FLIGHTS AS T2 ON T1.uid  =  T2.Airline WHERE T2.SourceAirport  =  ""APG""",SELECT airline FROM flights WHERE departure_airport = 'CVO' EXCEPT SELECT airline FROM flights WHERE departure_airport = 'APG'
flight_2,Find all airlines that have at least 10 flights.,SELECT T1.Airline FROM AIRLINES AS T1 JOIN FLIGHTS AS T2 ON T1.uid  =  T2.Airline GROUP BY T1.Airline HAVING count(*)  >  10,SELECT airline FROM flights GROUP BY airline HAVING COUNT(*) >= 10
flight_2,Which airlines have at least 10 flights?,SELECT T1.Airline FROM AIRLINES AS T1 JOIN FLIGHTS AS T2 ON T1.uid  =  T2.Airline GROUP BY T1.Airline HAVING count(*)  >  10,SELECT airline FROM flights GROUP BY airline HAVING COUNT(*) >= 10
flight_2,Find all airlines that have fewer than 200 flights.,SELECT T1.Airline FROM AIRLINES AS T1 JOIN FLIGHTS AS T2 ON T1.uid  =  T2.Airline GROUP BY T1.Airline HAVING count(*)  <  200,SELECT airline FROM flights GROUP BY airline HAVING COUNT(*) < 200
flight_2,Which airlines have less than 200 flights?,SELECT T1.Airline FROM AIRLINES AS T1 JOIN FLIGHTS AS T2 ON T1.uid  =  T2.Airline GROUP BY T1.Airline HAVING count(*)  <  200,SELECT airline FROM flights GROUP BY airline HAVING COUNT(*) < 200
flight_2,"What are flight numbers of Airline ""United Airlines""?","SELECT T1.FlightNo FROM FLIGHTS AS T1 JOIN AIRLINES AS T2 ON T2.uid  =  T1.Airline WHERE T2.Airline  =  ""United Airlines""",SELECT flight_number FROM flights WHERE airline = 'United Airlines'
flight_2,Which flight numbers correspond to United Airlines flights?,"SELECT T1.FlightNo FROM FLIGHTS AS T1 JOIN AIRLINES AS T2 ON T2.uid  =  T1.Airline WHERE T2.Airline  =  ""United Airlines""",SELECT flight_number FROM flights WHERE airline = 'United Airlines'
flight_2,"What are flight numbers of flights departing from Airport ""APG""?","SELECT FlightNo FROM FLIGHTS WHERE SourceAirport  =  ""APG""",SELECT flight_number FROM flights WHERE departure_airport = 'APG'
flight_2,Give the flight numbers of flights leaving from APG.,"SELECT FlightNo FROM FLIGHTS WHERE SourceAirport  =  ""APG""",SELECT flight_number FROM flights WHERE departure_airport = 'APG'
flight_2,"What are flight numbers of flights arriving at Airport ""APG""?","SELECT FlightNo FROM FLIGHTS WHERE DestAirport  =  ""APG""",SELECT flight_number FROM flights WHERE arrival_airport = 'APG'
flight_2,Give the flight numbers of flights landing at APG.,"SELECT FlightNo FROM FLIGHTS WHERE DestAirport  =  ""APG""",SELECT flight_number FROM flights WHERE arrival_airport = 'APG'
flight_2,"What are flight numbers of flights departing from City ""Aberdeen ""?","SELECT T1.FlightNo FROM FLIGHTS AS T1 JOIN AIRPORTS AS T2 ON T1.SourceAirport   =  T2.AirportCode WHERE T2.City  =  ""Aberdeen""","SELECT flight_number FROM flights WHERE departure_city = ""Aberdeen"""
flight_2,Give the flight numbers of flights leaving from Aberdeen.,"SELECT T1.FlightNo FROM FLIGHTS AS T1 JOIN AIRPORTS AS T2 ON T1.SourceAirport   =  T2.AirportCode WHERE T2.City  =  ""Aberdeen""",SELECT flight_number FROM flights WHERE departure_airport = 'Aberdeen'
flight_2,"What are flight numbers of flights arriving at City ""Aberdeen""?","SELECT T1.FlightNo FROM FLIGHTS AS T1 JOIN AIRPORTS AS T2 ON T1.DestAirport   =  T2.AirportCode WHERE T2.City  =  ""Aberdeen""",SELECT flight_number FROM flights WHERE arrival_city = 'Aberdeen'
flight_2,Give the flight numbers of flights arriving in Aberdeen.,"SELECT T1.FlightNo FROM FLIGHTS AS T1 JOIN AIRPORTS AS T2 ON T1.DestAirport   =  T2.AirportCode WHERE T2.City  =  ""Aberdeen""",SELECT flight_number FROM flights WHERE arrival_airport = 'Aberdeen'
flight_2,Find the number of flights landing in the city of Aberdeen or Abilene.,"SELECT count(*) FROM Flights AS T1 JOIN Airports AS T2 ON T1.DestAirport  =  T2.AirportCode WHERE T2.city  =  ""Aberdeen"" OR T2.city  =  ""Abilene""",SELECT COUNT(*) FROM flights WHERE destination_city = 'Aberdeen' OR destination_city = 'Abilene'
flight_2,How many flights land in Aberdeen or Abilene?,"SELECT count(*) FROM Flights AS T1 JOIN Airports AS T2 ON T1.DestAirport  =  T2.AirportCode WHERE T2.city  =  ""Aberdeen"" OR T2.city  =  ""Abilene""",SELECT COUNT(*) FROM flights WHERE destination = 'Aberdeen' OR destination = 'Abilene'
flight_2,Find the name of airports which do not have any flight in and out.,SELECT AirportName FROM Airports WHERE AirportCode NOT IN (SELECT SourceAirport FROM Flights UNION SELECT DestAirport FROM Flights),SELECT name FROM airports WHERE code NOT IN (SELECT DISTINCT origin_airport FROM flights UNION SELECT DISTINCT destination_airport FROM flights)
flight_2,Which airports do not have departing or arriving flights?,SELECT AirportName FROM Airports WHERE AirportCode NOT IN (SELECT SourceAirport FROM Flights UNION SELECT DestAirport FROM Flights),SELECT name FROM airports WHERE id NOT IN (SELECT departure_airport_id FROM flights UNION SELECT arrival_airport_id FROM flights)
employee_hire_evaluation,How many employees are there?,SELECT count(*) FROM employee,SELECT COUNT(*) FROM employees
employee_hire_evaluation,Count the number of employees,SELECT count(*) FROM employee,SELECT COUNT(*) FROM employees
employee_hire_evaluation,Sort employee names by their age in ascending order.,SELECT name FROM employee ORDER BY age,SELECT name FROM employees ORDER BY age ASC
employee_hire_evaluation,List the names of employees and sort in ascending order of age.,SELECT name FROM employee ORDER BY age,SELECT name FROM employees ORDER BY age ASC
employee_hire_evaluation,What is the number of employees from each city?,"SELECT count(*) ,  city FROM employee GROUP BY city","SELECT city, COUNT(employee_id) FROM employees GROUP BY city"
employee_hire_evaluation,Count the number of employees for each city.,"SELECT count(*) ,  city FROM employee GROUP BY city","SELECT city, COUNT(employee_id) FROM employees GROUP BY city"
employee_hire_evaluation,Which cities do more than one employee under age 30 come from?,SELECT city FROM employee WHERE age  <  30 GROUP BY city HAVING count(*)  >  1,SELECT city FROM employees WHERE age < 30 GROUP BY city HAVING COUNT(*) > 1
employee_hire_evaluation,Find the cities that have more than one employee under age 30.,SELECT city FROM employee WHERE age  <  30 GROUP BY city HAVING count(*)  >  1,SELECT city FROM employees WHERE age < 30 GROUP BY city HAVING COUNT(employee_id) > 1
employee_hire_evaluation,Find the number of shops in each location.,"SELECT count(*) ,  LOCATION FROM shop GROUP BY LOCATION","SELECT location, COUNT(shop_id) FROM shops GROUP BY location"
employee_hire_evaluation,How many shops are there in each location?,"SELECT count(*) ,  LOCATION FROM shop GROUP BY LOCATION","SELECT location, COUNT(shop_id) FROM shops GROUP BY location"
employee_hire_evaluation,Find the manager name and district of the shop whose number of products is the largest.,"SELECT manager_name ,  district FROM shop ORDER BY number_products DESC LIMIT 1","SELECT T1.manager_name, T1.district FROM shop AS T1 INNER JOIN product AS T2 ON T1.shop_id = T2.shop_id GROUP BY T1.shop_id ORDER BY COUNT(T2.product_id) DESC LIMIT 1"
employee_hire_evaluation,What are the manager name and district of the shop that sells the largest number of products?,"SELECT manager_name ,  district FROM shop ORDER BY number_products DESC LIMIT 1","SELECT T1.manager_name, T1.district FROM shop AS T1 INNER JOIN product AS T2 ON T1.shop_id = T2.shop_id GROUP BY T1.shop_id ORDER BY COUNT(T2.product_id) DESC LIMIT 1"
employee_hire_evaluation,find the minimum and maximum number of products of all stores.,"SELECT min(Number_products) ,  max(Number_products) FROM shop","SELECT MIN(num_products) AS min_products, MAX(num_products) AS max_products FROM stores"
employee_hire_evaluation,What are the minimum and maximum number of products across all the shops?,"SELECT min(Number_products) ,  max(Number_products) FROM shop","SELECT MIN(num_products) AS min_products, MAX(num_products) AS max_products FROM shops"
employee_hire_evaluation,"Return the name, location and district of all shops in descending order of number of products.","SELECT name ,  LOCATION ,  district FROM shop ORDER BY number_products DESC","SELECT s.name, s.location, s.district FROM shops s JOIN (SELECT shop_id, COUNT(*) as num_products FROM products GROUP BY shop_id) p ON s.id = p.shop_id ORDER BY p.num_products DESC"
employee_hire_evaluation,"Sort all the shops by number products in descending order, and return the name, location and district of each shop.","SELECT name ,  LOCATION ,  district FROM shop ORDER BY number_products DESC","SELECT name, location, district FROM shops ORDER BY number_products DESC;"
employee_hire_evaluation,Find the names of stores whose number products is more than the average number of products.,SELECT name FROM shop WHERE number_products  >  (SELECT avg(number_products) FROM shop),SELECT store_name FROM stores WHERE num_products > (SELECT AVG(num_products) FROM stores)
employee_hire_evaluation,Which shops' number products is above the average? Give me the shop names.,SELECT name FROM shop WHERE number_products  >  (SELECT avg(number_products) FROM shop),SELECT shop_name FROM shops WHERE number_of_products > (SELECT AVG(number_of_products) FROM shops)
employee_hire_evaluation,find the name of employee who was awarded the most times in the evaluation.,SELECT t1.name FROM employee AS t1 JOIN evaluation AS t2 ON t1.Employee_ID  =  t2.Employee_ID GROUP BY t2.Employee_ID ORDER BY count(*) DESC LIMIT 1,SELECT T1.name FROM employees AS T1 INNER JOIN evaluations AS T2 ON T1.id = T2.employee_id GROUP BY T1.name ORDER BY COUNT(T2.id) DESC LIMIT 1
employee_hire_evaluation,Which employee received the most awards in evaluations? Give me the employee name.,SELECT t1.name FROM employee AS t1 JOIN evaluation AS t2 ON t1.Employee_ID  =  t2.Employee_ID GROUP BY t2.Employee_ID ORDER BY count(*) DESC LIMIT 1,SELECT T1.name FROM employees AS T1 INNER JOIN evaluations AS T2 ON T1.id = T2.employee_id GROUP BY T1.name ORDER BY COUNT(T2.award) DESC LIMIT 1
employee_hire_evaluation,Find the name of the employee who got the highest one time bonus.,SELECT t1.name FROM employee AS t1 JOIN evaluation AS t2 ON t1.Employee_ID  =  t2.Employee_ID ORDER BY t2.bonus DESC LIMIT 1,SELECT name FROM employees ORDER BY one_time_bonus DESC LIMIT 1
employee_hire_evaluation,Which employee received the biggest bonus? Give me the employee name.,SELECT t1.name FROM employee AS t1 JOIN evaluation AS t2 ON t1.Employee_ID  =  t2.Employee_ID ORDER BY t2.bonus DESC LIMIT 1,SELECT employee_name FROM employees ORDER BY bonus DESC LIMIT 1
employee_hire_evaluation,Find the names of employees who never won any award in the evaluation.,SELECT name FROM employee WHERE Employee_ID NOT IN (SELECT Employee_ID FROM evaluation),SELECT name FROM employees WHERE name NOT IN (SELECT employee_name FROM awards)
employee_hire_evaluation,What are the names of the employees who never received any evaluation?,SELECT name FROM employee WHERE Employee_ID NOT IN (SELECT Employee_ID FROM evaluation),SELECT name FROM employees WHERE id NOT IN (SELECT employee_id FROM evaluations)
employee_hire_evaluation,What is the name of the shop that is hiring the largest number of employees?,SELECT t2.name FROM hiring AS t1 JOIN shop AS t2 ON t1.shop_id  =  t2.shop_id GROUP BY t1.shop_id ORDER BY count(*) DESC LIMIT 1,SELECT shop_name FROM shops WHERE id = (SELECT shop_id FROM employees GROUP BY shop_id ORDER BY COUNT(*) DESC LIMIT 1)
employee_hire_evaluation,Which shop has the most employees? Give me the shop name.,SELECT t2.name FROM hiring AS t1 JOIN shop AS t2 ON t1.shop_id  =  t2.shop_id GROUP BY t1.shop_id ORDER BY count(*) DESC LIMIT 1,SELECT shop_name FROM shops ORDER BY num_employees DESC LIMIT 1
employee_hire_evaluation,Find the name of the shops that do not hire any employee.,SELECT name FROM shop WHERE shop_id NOT IN (SELECT shop_id FROM hiring),SELECT name FROM shops WHERE id NOT IN (SELECT shop_id FROM employees)
employee_hire_evaluation,Which shops run with no employees? Find the shop names,SELECT name FROM shop WHERE shop_id NOT IN (SELECT shop_id FROM hiring),SELECT shop_name FROM shops WHERE employee_id IS NULL OR employee_id = 0
employee_hire_evaluation,Find the number of employees hired in each shop; show the shop name as well.,"SELECT count(*) ,  t2.name FROM hiring AS t1 JOIN shop AS t2 ON t1.shop_id  =  t2.shop_id GROUP BY t2.name","SELECT shop_name, COUNT(employee_id) FROM employees GROUP BY shop_name"
employee_hire_evaluation,"For each shop, return the number of employees working there and the name of the shop.","SELECT count(*) ,  t2.name FROM hiring AS t1 JOIN shop AS t2 ON t1.shop_id  =  t2.shop_id GROUP BY t2.name","SELECT COUNT(e.employee_id), s.shop_name FROM employees e JOIN shops s ON e.shop_id = s.shop_id GROUP BY s.shop_name"
employee_hire_evaluation,What is total bonus given in all evaluations?,SELECT sum(bonus) FROM evaluation,SELECT SUM(bonus) FROM evaluations
employee_hire_evaluation,Find the total amount of bonus given in all the evaluations.,SELECT sum(bonus) FROM evaluation,SELECT SUM(bonus) FROM evaluations
employee_hire_evaluation,Give me all the information about hiring.,SELECT * FROM hiring,SELECT * FROM hiring;
employee_hire_evaluation,What is all the information about hiring?,SELECT * FROM hiring,SELECT * FROM hiring
employee_hire_evaluation,Which district has both stores with less than 3000 products and stores with more than 10000 products?,SELECT district FROM shop WHERE Number_products  <  3000 INTERSECT SELECT district FROM shop WHERE Number_products  >  10000,SELECT district FROM stores GROUP BY district HAVING MIN(products) < 3000 AND MAX(products) > 10000
employee_hire_evaluation,Find the districts in which there are both shops selling less than 3000 products and shops selling more than 10000 products.,SELECT district FROM shop WHERE Number_products  <  3000 INTERSECT SELECT district FROM shop WHERE Number_products  >  10000,SELECT district FROM shops WHERE total_products < 3000 INTERSECT SELECT district FROM shops WHERE total_products > 10000
employee_hire_evaluation,How many different store locations are there?,SELECT count(DISTINCT LOCATION) FROM shop,SELECT COUNT(DISTINCT store_location) FROM stores
employee_hire_evaluation,Count the number of distinct store locations.,SELECT count(DISTINCT LOCATION) FROM shop,SELECT COUNT(DISTINCT store_location) FROM stores
cre_Doc_Template_Mgt,How many documents do we have?,SELECT count(*) FROM Documents,SELECT COUNT(*) FROM documents
cre_Doc_Template_Mgt,Count the number of documents.,SELECT count(*) FROM Documents,SELECT COUNT(*) FROM documents
cre_Doc_Template_Mgt,"List document IDs, document names, and document descriptions for all documents.","SELECT document_id ,  document_name ,  document_description FROM Documents","SELECT document_id, document_name, document_description FROM documents"
cre_Doc_Template_Mgt,"What are the ids, names, and descriptions for all documents?","SELECT document_id ,  document_name ,  document_description FROM Documents","SELECT id, name, description FROM documents"
cre_Doc_Template_Mgt,What is the document name and template id for document with description with the letter 'w' in it?,"SELECT document_name ,  template_id FROM Documents WHERE Document_Description LIKE ""%w%""","SELECT document_name, template_id FROM documents WHERE description LIKE '%w%'"
cre_Doc_Template_Mgt,Return the names and template ids for documents that contain the letter w in their description.,"SELECT document_name ,  template_id FROM Documents WHERE Document_Description LIKE ""%w%""","SELECT name, template_id FROM documents WHERE description LIKE '%w%'"
cre_Doc_Template_Mgt,"What is the document id, template id and description for document named ""Robbin CV""?","SELECT document_id ,  template_id ,  Document_Description FROM Documents WHERE document_name  =  ""Robbin CV""","SELECT document_id, template_id, description FROM documents WHERE document_name = 'Robbin CV'"
cre_Doc_Template_Mgt,"Return the document id, template id, and description for the document with the name Robbin CV.","SELECT document_id ,  template_id ,  Document_Description FROM Documents WHERE document_name  =  ""Robbin CV""","SELECT document_id, template_id, description FROM documents WHERE name = 'Robbin CV'"
cre_Doc_Template_Mgt,How many different templates do all document use?,SELECT count(DISTINCT template_id) FROM Documents,SELECT COUNT(DISTINCT template_id) FROM documents
cre_Doc_Template_Mgt,Count the number of different templates used for documents.,SELECT count(DISTINCT template_id) FROM Documents,SELECT COUNT(DISTINCT template_id) FROM documents;
cre_Doc_Template_Mgt,How many documents are using the template with type code 'PPT'?,SELECT count(*) FROM Documents AS T1 JOIN Templates AS T2 ON T1.Template_ID  =  T2.Template_ID WHERE T2.Template_Type_Code  =  'PPT',SELECT COUNT(DISTINCT d.id) FROM documents d JOIN templates t ON d.template_id = t.id WHERE t.type_code = 'PPT'
cre_Doc_Template_Mgt,Count the number of documents that use the PPT template type.,SELECT count(*) FROM Documents AS T1 JOIN Templates AS T2 ON T1.Template_ID  =  T2.Template_ID WHERE T2.Template_Type_Code  =  'PPT',SELECT COUNT(*) FROM documents WHERE template_type = 'PPT'
cre_Doc_Template_Mgt,Show all template ids and number of documents using each template.,"SELECT template_id ,  count(*) FROM Documents GROUP BY template_id","SELECT template_id, COUNT(document_id) FROM documents GROUP BY template_id"
cre_Doc_Template_Mgt,"What are all different template ids used for documents, and how many times were each of them used?","SELECT template_id ,  count(*) FROM Documents GROUP BY template_id","SELECT template_id, COUNT(*) FROM documents GROUP BY template_id"
cre_Doc_Template_Mgt,What is the id and type code for the template used by the most documents?,"SELECT T1.template_id ,  T2.Template_Type_Code FROM Documents AS T1 JOIN Templates AS T2 ON T1.template_id  =  T2.template_id GROUP BY T1.template_id ORDER BY count(*) DESC LIMIT 1","SELECT template_id, type_code FROM documents GROUP BY template_id, type_code ORDER BY COUNT(*) DESC LIMIT 1"
cre_Doc_Template_Mgt,Return the id and type code of the template that is used for the greatest number of documents.,"SELECT T1.template_id ,  T2.Template_Type_Code FROM Documents AS T1 JOIN Templates AS T2 ON T1.template_id  =  T2.template_id GROUP BY T1.template_id ORDER BY count(*) DESC LIMIT 1","SELECT template_id, type_code FROM documents GROUP BY template_id, type_code ORDER BY COUNT(*) DESC LIMIT 1"
cre_Doc_Template_Mgt,Show ids for all templates that are used by more than one document.,SELECT template_id FROM Documents GROUP BY template_id HAVING count(*)  >  1,SELECT template_id FROM documents GROUP BY template_id HAVING COUNT(document_id) > 1
cre_Doc_Template_Mgt,What are the template ids of any templates used in more than a single document?,SELECT template_id FROM Documents GROUP BY template_id HAVING count(*)  >  1,SELECT template_id FROM documents GROUP BY template_id HAVING COUNT(document_id) > 1
cre_Doc_Template_Mgt,Show ids for all templates not used by any document.,SELECT template_id FROM Templates EXCEPT SELECT template_id FROM Documents,SELECT id FROM templates WHERE id NOT IN (SELECT template_id FROM documents)
cre_Doc_Template_Mgt,What are the ids for templates that are not used in any documents?,SELECT template_id FROM Templates EXCEPT SELECT template_id FROM Documents,SELECT id FROM templates WHERE id NOT IN (SELECT template_id FROM documents)
cre_Doc_Template_Mgt,How many templates do we have?,SELECT count(*) FROM Templates,SELECT COUNT(*) FROM templates
cre_Doc_Template_Mgt,Count the number of templates.,SELECT count(*) FROM Templates,SELECT COUNT(*) FROM templates
cre_Doc_Template_Mgt,"Show template ids, version numbers, and template type codes for all templates.","SELECT template_id ,  version_number ,  template_type_code FROM Templates","SELECT template_id, version_number, template_type_code FROM templates"
cre_Doc_Template_Mgt,"What are the ids, version numbers, and type codes for each template?","SELECT template_id ,  version_number ,  template_type_code FROM Templates","SELECT id, version, type_code FROM template"
cre_Doc_Template_Mgt,Show all distinct template type codes for all templates.,SELECT DISTINCT template_type_code FROM Templates,SELECT DISTINCT template_type_code FROM templates
cre_Doc_Template_Mgt,What are the different template type codes?,SELECT DISTINCT template_type_code FROM Templates,SELECT DISTINCT template_type_code FROM template_types
cre_Doc_Template_Mgt,What are the ids of templates with template type code PP or PPT?,"SELECT template_id FROM Templates WHERE template_type_code  =  ""PP"" OR template_type_code  =  ""PPT""","SELECT id FROM templates WHERE template_type_code IN ('PP', 'PPT')"
cre_Doc_Template_Mgt,Return the ids of templates that have the code PP or PPT.,"SELECT template_id FROM Templates WHERE template_type_code  =  ""PP"" OR template_type_code  =  ""PPT""","SELECT id FROM templates WHERE code IN ('PP', 'PPT')"
cre_Doc_Template_Mgt,How many templates have template type code CV?,"SELECT count(*) FROM Templates WHERE template_type_code  =  ""CV""",SELECT COUNT(*) FROM template WHERE template_type_code = 'CV'
cre_Doc_Template_Mgt,Count the number of templates of the type CV.,"SELECT count(*) FROM Templates WHERE template_type_code  =  ""CV""",SELECT COUNT(*) FROM templates WHERE type = 'CV'
cre_Doc_Template_Mgt,What is the version number and template type code for the template with version number later than 5?,"SELECT version_number ,  template_type_code FROM Templates WHERE version_number  >  5","SELECT version_number, template_type_code FROM template WHERE version_number > 5"
cre_Doc_Template_Mgt,Return the version numbers and template type codes of templates with a version number greater than 5.,"SELECT version_number ,  template_type_code FROM Templates WHERE version_number  >  5","SELECT version_number, template_type_code FROM templates WHERE version_number > 5"
cre_Doc_Template_Mgt,Show all template type codes and number of templates for each.,"SELECT template_type_code ,  count(*) FROM Templates GROUP BY template_type_code","SELECT template_type_code, COUNT(*) FROM templates GROUP BY template_type_code"
cre_Doc_Template_Mgt,"What are the different template type codes, and how many templates correspond to each?","SELECT template_type_code ,  count(*) FROM Templates GROUP BY template_type_code","SELECT template_type_code, COUNT(*) FROM templates GROUP BY template_type_code"
cre_Doc_Template_Mgt,Which template type code has most number of templates?,SELECT template_type_code FROM Templates GROUP BY template_type_code ORDER BY count(*) DESC LIMIT 1,SELECT template_type_code FROM templates GROUP BY template_type_code ORDER BY COUNT(*) DESC LIMIT 1
cre_Doc_Template_Mgt,Return the type code of the template type that the most templates belong to.,SELECT template_type_code FROM Templates GROUP BY template_type_code ORDER BY count(*) DESC LIMIT 1,SELECT template_type_code FROM templates GROUP BY template_type_code ORDER BY COUNT(*) DESC LIMIT 1
cre_Doc_Template_Mgt,Show all template type codes with less than three templates.,SELECT template_type_code FROM Templates GROUP BY template_type_code HAVING count(*)  <  3,SELECT template_type_code FROM templates GROUP BY template_type_code HAVING COUNT(*) < 3
cre_Doc_Template_Mgt,What are the codes of template types that have fewer than 3 templates?,SELECT template_type_code FROM Templates GROUP BY template_type_code HAVING count(*)  <  3,SELECT template_type_code FROM templates GROUP BY template_type_code HAVING COUNT(*) < 3
cre_Doc_Template_Mgt,What the smallest version number and its template type code?,"SELECT min(Version_Number) ,  template_type_code FROM Templates","SELECT MIN(version_number), template_type_code FROM template_versions"
cre_Doc_Template_Mgt,"Return the lowest version number, along with its corresponding template type code.","SELECT min(Version_Number) ,  template_type_code FROM Templates","SELECT MIN(version_number), template_type_code FROM template_types;"
cre_Doc_Template_Mgt,"What is the template type code of the template used by document with the name ""Data base""?","SELECT T1.template_type_code FROM Templates AS T1 JOIN Documents AS T2 ON T1.template_id  =  T2.template_id WHERE T2.document_name  =  ""Data base""",SELECT T2.template_type_code FROM documents AS T1 INNER JOIN templates AS T2 ON T1.template_id = T2.id WHERE T1.name = 'Data base'
cre_Doc_Template_Mgt,Return the template type code of the template that is used by a document named Data base.,"SELECT T1.template_type_code FROM Templates AS T1 JOIN Documents AS T2 ON T1.template_id  =  T2.template_id WHERE T2.document_name  =  ""Data base""",SELECT T1.template_type_code FROM templates AS T1 INNER JOIN documents AS T2 ON T1.template_id = T2.template_id WHERE T2.document_name = 'Data base'
cre_Doc_Template_Mgt,Show all document names using templates with template type code BK.,"SELECT T2.document_name FROM Templates AS T1 JOIN Documents AS T2 ON T1.template_id  =  T2.template_id WHERE T1.template_type_code  =  ""BK""",SELECT d.name FROM documents d JOIN templates t ON d.template_id = t.id WHERE t.type_code = 'BK'
cre_Doc_Template_Mgt,What are the names of documents that use templates with the code BK?,"SELECT T2.document_name FROM Templates AS T1 JOIN Documents AS T2 ON T1.template_id  =  T2.template_id WHERE T1.template_type_code  =  ""BK""",SELECT d.name FROM documents d INNER JOIN templates t ON d.template_id = t.id WHERE t.code = 'BK'
cre_Doc_Template_Mgt,Show all template type codes and the number of documents using each type.,"SELECT T1.template_type_code ,  count(*) FROM Templates AS T1 JOIN Documents AS T2 ON T1.template_id  =  T2.template_id GROUP BY T1.template_type_code","SELECT template_type_code, COUNT(*) FROM documents GROUP BY template_type_code"
cre_Doc_Template_Mgt,"What are the different template type codes, and how many documents use each type?","SELECT T1.template_type_code ,  count(*) FROM Templates AS T1 JOIN Documents AS T2 ON T1.template_id  =  T2.template_id GROUP BY T1.template_type_code","SELECT template_type_code, COUNT(*) FROM documents GROUP BY template_type_code"
cre_Doc_Template_Mgt,Which template type code is used by most number of documents?,SELECT T1.template_type_code FROM Templates AS T1 JOIN Documents AS T2 ON T1.template_id  =  T2.template_id GROUP BY T1.template_type_code ORDER BY count(*) DESC LIMIT 1,SELECT template_type_code FROM documents GROUP BY template_type_code ORDER BY COUNT(*) DESC LIMIT 1
cre_Doc_Template_Mgt,Return the code of the template type that is most commonly used in documents.,SELECT T1.template_type_code FROM Templates AS T1 JOIN Documents AS T2 ON T1.template_id  =  T2.template_id GROUP BY T1.template_type_code ORDER BY count(*) DESC LIMIT 1,SELECT template_type_code FROM documents GROUP BY template_type_code ORDER BY COUNT(*) DESC LIMIT 1
cre_Doc_Template_Mgt,Show all template type codes that are not used by any document.,SELECT template_type_code FROM Templates EXCEPT SELECT template_type_code FROM Templates AS T1 JOIN Documents AS T2 ON T1.template_id  =  T2.template_id,SELECT template_type_code FROM template_types WHERE template_type_code NOT IN (SELECT template_type_code FROM documents)
cre_Doc_Template_Mgt,What are the codes of template types that are not used for any document?,SELECT template_type_code FROM Templates EXCEPT SELECT template_type_code FROM Templates AS T1 JOIN Documents AS T2 ON T1.template_id  =  T2.template_id,SELECT code FROM template_types WHERE code NOT IN (SELECT template_type_code FROM documents)
cre_Doc_Template_Mgt,Show all template type codes and descriptions.,"SELECT template_type_code ,  template_type_description FROM Ref_template_types","SELECT template_type_code, description FROM template_types"
cre_Doc_Template_Mgt,What are the type codes and descriptions for all template types?,"SELECT template_type_code ,  template_type_description FROM Ref_template_types","SELECT type_code, description FROM template_types"
cre_Doc_Template_Mgt,"What is the template type descriptions for template type code ""AD"".","SELECT template_type_description FROM Ref_template_types WHERE template_type_code  =  ""AD""",SELECT template_type_descriptions FROM template_types WHERE template_type_code = 'AD'
cre_Doc_Template_Mgt,Return the template type description of the template type with the code AD.,"SELECT template_type_description FROM Ref_template_types WHERE template_type_code  =  ""AD""",SELECT template_type_description FROM template_type WHERE template_type_code = 'AD'
cre_Doc_Template_Mgt,"What is the template type code for template type description ""Book"".","SELECT template_type_code FROM Ref_template_types WHERE template_type_description  =  ""Book""",SELECT template_type_code FROM template_type WHERE template_type_description = 'Book'
cre_Doc_Template_Mgt,"Return the type code of the template type with the description ""Book"".","SELECT template_type_code FROM Ref_template_types WHERE template_type_description  =  ""Book""",SELECT type_code FROM template_type WHERE description = 'Book'
cre_Doc_Template_Mgt,What are the distinct template type descriptions for the templates ever used by any document?,SELECT DISTINCT T1.template_type_description FROM Ref_template_types AS T1 JOIN Templates AS T2 ON T1.template_type_code  = T2.template_type_code JOIN Documents AS T3 ON T2.Template_ID  =  T3.template_ID,SELECT DISTINCT T2.template_type_description FROM documents AS T1 INNER JOIN templates AS T2 ON T1.template_id = T2.template_id
cre_Doc_Template_Mgt,Return the different descriptions for templates that have been used in a document.,SELECT DISTINCT T1.template_type_description FROM Ref_template_types AS T1 JOIN Templates AS T2 ON T1.template_type_code  = T2.template_type_code JOIN Documents AS T3 ON T2.Template_ID  =  T3.template_ID,SELECT DISTINCT T2.description FROM documents AS T1 INNER JOIN templates AS T2 ON T1.template_id = T2.id
cre_Doc_Template_Mgt,"What are the template ids with template type description ""Presentation"".","SELECT T2.template_id FROM Ref_template_types AS T1 JOIN Templates AS T2 ON T1.template_type_code  = T2.template_type_code WHERE T1.template_type_description  =  ""Presentation""",SELECT template_id FROM template_type WHERE description = 'Presentation'
cre_Doc_Template_Mgt,Return the ids corresponding to templates with the description 'Presentation'.,"SELECT T2.template_id FROM Ref_template_types AS T1 JOIN Templates AS T2 ON T1.template_type_code  = T2.template_type_code WHERE T1.template_type_description  =  ""Presentation""",SELECT id FROM templates WHERE description = 'Presentation'
cre_Doc_Template_Mgt,How many paragraphs in total?,SELECT count(*) FROM Paragraphs,SELECT COUNT(*) FROM paragraphs
cre_Doc_Template_Mgt,Count the number of paragraphs.,SELECT count(*) FROM Paragraphs,SELECT COUNT(*) FROM paragraphs
cre_Doc_Template_Mgt,How many paragraphs for the document with name 'Summer Show'?,SELECT count(*) FROM Paragraphs AS T1 JOIN Documents AS T2 ON T1.document_ID  =  T2.document_ID WHERE T2.document_name  =  'Summer Show',SELECT COUNT(*) FROM paragraphs WHERE document_name = 'Summer Show'
cre_Doc_Template_Mgt,Count the number of paragraphs in the document named 'Summer Show'.,SELECT count(*) FROM Paragraphs AS T1 JOIN Documents AS T2 ON T1.document_ID  =  T2.document_ID WHERE T2.document_name  =  'Summer Show',SELECT COUNT(*) FROM paragraphs WHERE document_name = 'Summer Show'
cre_Doc_Template_Mgt,Show paragraph details for paragraph with text 'Korea ' .,select other_details from paragraphs where paragraph_text like 'korea',SELECT * FROM paragraph WHERE text = 'Korea '
cre_Doc_Template_Mgt,What are the details for the paragraph that includes the text 'Korea ' ?,select other_details from paragraphs where paragraph_text like 'korea',SELECT * FROM paragraphs WHERE text LIKE '%Korea %'
cre_Doc_Template_Mgt,Show all paragraph ids and texts for the document with name 'Welcome to NY'.,"SELECT T1.paragraph_id ,   T1.paragraph_text FROM Paragraphs AS T1 JOIN Documents AS T2 ON T1.document_id  =  T2.document_id WHERE T2.Document_Name  =  'Welcome to NY'","SELECT p.id, p.text FROM paragraphs p INNER JOIN documents d ON p.document_id = d.id WHERE d.name = 'Welcome to NY'"
cre_Doc_Template_Mgt,What are the ids and texts of paragraphs in the document titled 'Welcome to NY'?,"SELECT T1.paragraph_id ,   T1.paragraph_text FROM Paragraphs AS T1 JOIN Documents AS T2 ON T1.document_id  =  T2.document_id WHERE T2.Document_Name  =  'Welcome to NY'","SELECT p.id, p.text FROM paragraphs p INNER JOIN documents d ON p.document_id = d.id WHERE d.title = 'Welcome to NY'"
cre_Doc_Template_Mgt,"Show all paragraph texts for the document ""Customer reviews"".","SELECT T1.paragraph_text FROM Paragraphs AS T1 JOIN Documents AS T2 ON T1.document_id  =  T2.document_id WHERE T2.document_name  =  ""Customer reviews""",SELECT paragraph_text FROM paragraphs WHERE document_name = 'Customer reviews'
cre_Doc_Template_Mgt,What are the paragraph texts for the document with the name 'Customer reviews'?,"SELECT T1.paragraph_text FROM Paragraphs AS T1 JOIN Documents AS T2 ON T1.document_id  =  T2.document_id WHERE T2.document_name  =  ""Customer reviews""",SELECT T1.text FROM paragraphs AS T1 INNER JOIN documents AS T2 ON T1.document_id = T2.id WHERE T2.name = 'Customer reviews'
cre_Doc_Template_Mgt,Show all document ids and the number of paragraphs in each document. Order by document id.,"SELECT document_id ,  count(*) FROM Paragraphs GROUP BY document_id ORDER BY document_id","SELECT document_id, COUNT(paragraph_id) FROM documents GROUP BY document_id ORDER BY document_id"
cre_Doc_Template_Mgt,"Return the different document ids along with the number of paragraphs corresponding to each, ordered by id.","SELECT document_id ,  count(*) FROM Paragraphs GROUP BY document_id ORDER BY document_id","SELECT document_id, COUNT(paragraph_id) FROM paragraphs GROUP BY document_id ORDER BY document_id"
cre_Doc_Template_Mgt,"Show all document ids, names and the number of paragraphs in each document.","SELECT T1.document_id ,  T2.document_name ,  count(*) FROM Paragraphs AS T1 JOIN Documents AS T2 ON T1.document_id  =  T2.document_id GROUP BY T1.document_id","SELECT document_id, name, COUNT(paragraph_id) FROM documents GROUP BY document_id, name"
cre_Doc_Template_Mgt,"What are the ids and names of each document, as well as the number of paragraphs in each?","SELECT T1.document_id ,  T2.document_name ,  count(*) FROM Paragraphs AS T1 JOIN Documents AS T2 ON T1.document_id  =  T2.document_id GROUP BY T1.document_id","SELECT documents.id, documents.name, COUNT(paragraphs.id) FROM documents LEFT JOIN paragraphs ON documents.id = paragraphs.document_id GROUP BY documents.id"
cre_Doc_Template_Mgt,List all document ids with at least two paragraphs.,SELECT document_id FROM Paragraphs GROUP BY document_id HAVING count(*)  >=  2,SELECT document_id FROM paragraphs GROUP BY document_id HAVING COUNT(paragraph_id) >= 2
cre_Doc_Template_Mgt,What are the ids of documents that have 2 or more paragraphs?,SELECT document_id FROM Paragraphs GROUP BY document_id HAVING count(*)  >=  2,SELECT document_id FROM paragraphs GROUP BY document_id HAVING COUNT(paragraph_id) >= 2
cre_Doc_Template_Mgt,What is the document id and name with greatest number of paragraphs?,"SELECT T1.document_id ,  T2.document_name FROM Paragraphs AS T1 JOIN Documents AS T2 ON T1.document_id  =  T2.document_id GROUP BY T1.document_id ORDER BY count(*) DESC LIMIT 1","SELECT document_id, document_name FROM documents GROUP BY document_id, document_name ORDER BY COUNT(paragraph_id) DESC LIMIT 1"
cre_Doc_Template_Mgt,Return the id and name of the document with the most paragraphs.,"SELECT T1.document_id ,  T2.document_name FROM Paragraphs AS T1 JOIN Documents AS T2 ON T1.document_id  =  T2.document_id GROUP BY T1.document_id ORDER BY count(*) DESC LIMIT 1","SELECT document_id, name FROM documents ORDER BY (SELECT COUNT(*) FROM paragraphs WHERE paragraphs.document_id = documents.document_id) DESC LIMIT 1"
cre_Doc_Template_Mgt,What is the document id with least number of paragraphs?,SELECT document_id FROM Paragraphs GROUP BY document_id ORDER BY count(*) ASC LIMIT 1,SELECT document_id FROM paragraphs GROUP BY document_id ORDER BY COUNT(paragraph_id) ASC LIMIT 1
cre_Doc_Template_Mgt,Return the id of the document with the fewest paragraphs.,SELECT document_id FROM Paragraphs GROUP BY document_id ORDER BY count(*) ASC LIMIT 1,SELECT id FROM documents ORDER BY paragraph_count ASC LIMIT 1
cre_Doc_Template_Mgt,What is the document id with 1 to 2 paragraphs?,SELECT document_id FROM Paragraphs GROUP BY document_id HAVING count(*) BETWEEN 1 AND 2,SELECT document_id FROM documents WHERE paragraph_count BETWEEN 1 AND 2
cre_Doc_Template_Mgt,Give the ids of documents that have between one and two paragraphs.,SELECT document_id FROM Paragraphs GROUP BY document_id HAVING count(*) BETWEEN 1 AND 2,SELECT id FROM documents WHERE paragraphs BETWEEN 1 AND 2
cre_Doc_Template_Mgt,Show the document id with paragraph text 'Brazil' and 'Ireland'.,SELECT document_id FROM Paragraphs WHERE paragraph_text  =  'Brazil' INTERSECT SELECT document_id FROM Paragraphs WHERE paragraph_text  =  'Ireland',SELECT document_id FROM paragraphs WHERE paragraph_text = 'Brazil' INTERSECT SELECT document_id FROM paragraphs WHERE paragraph_text = 'Ireland'
cre_Doc_Template_Mgt,What are the ids of documents that contain the paragraph text 'Brazil' and 'Ireland'?,SELECT document_id FROM Paragraphs WHERE paragraph_text  =  'Brazil' INTERSECT SELECT document_id FROM Paragraphs WHERE paragraph_text  =  'Ireland',SELECT id FROM documents WHERE paragraph_text LIKE '%Brazil%' AND paragraph_text LIKE '%Ireland%'
course_teach,How many teachers are there?,SELECT count(*) FROM teacher,SELECT COUNT(*) FROM teachers
course_teach,What is the total count of teachers?,SELECT count(*) FROM teacher,SELECT COUNT(*) FROM teachers
course_teach,List the names of teachers in ascending order of age.,SELECT Name FROM teacher ORDER BY Age ASC,SELECT name FROM teachers ORDER BY age ASC
course_teach,What are the names of the teachers ordered by ascending age?,SELECT Name FROM teacher ORDER BY Age ASC,SELECT name FROM teachers ORDER BY age ASC
course_teach,What are the age and hometown of teachers?,"SELECT Age ,  Hometown FROM teacher","SELECT age, hometown FROM teachers"
course_teach,What is the age and hometown of every teacher?,"SELECT Age ,  Hometown FROM teacher","SELECT age, hometown FROM teachers"
course_teach,List the name of teachers whose hometown is not `` Little Lever Urban District '' .,"select name from teacher where hometown != ""little lever urban district""",SELECT name FROM teachers WHERE hometown != 'Little Lever Urban District'
course_teach,What are the names of the teachers whose hometown is not `` Little Lever Urban District '' ?,"select name from teacher where hometown != ""little lever urban district""",SELECT name FROM teachers WHERE hometown != 'Little Lever Urban District'
course_teach,Show the name of teachers aged either 32 or 33?,SELECT Name FROM teacher WHERE Age  =  32 OR Age  =  33,SELECT name FROM teachers WHERE age = 32 OR age = 33
course_teach,What are the names of the teachers who are aged either 32 or 33?,SELECT Name FROM teacher WHERE Age  =  32 OR Age  =  33,"SELECT name FROM teachers WHERE age IN (32, 33)"
course_teach,What is the hometown of the youngest teacher?,SELECT Hometown FROM teacher ORDER BY Age ASC LIMIT 1,SELECT hometown FROM teachers ORDER BY age ASC LIMIT 1
course_teach,Where is the youngest teacher from?,SELECT Hometown FROM teacher ORDER BY Age ASC LIMIT 1,SELECT location FROM teachers ORDER BY age ASC LIMIT 1
course_teach,Show different hometown of teachers and the number of teachers from each hometown.,"SELECT Hometown ,  COUNT(*) FROM teacher GROUP BY Hometown","SELECT hometown, COUNT(*) FROM teachers GROUP BY hometown"
course_teach,"For each hometown, how many teachers are there?","SELECT Hometown ,  COUNT(*) FROM teacher GROUP BY Hometown","SELECT hometown, COUNT(*) FROM teachers GROUP BY hometown"
course_teach,List the most common hometown of teachers.,SELECT Hometown FROM teacher GROUP BY Hometown ORDER BY COUNT(*) DESC LIMIT 1,SELECT hometown FROM teachers GROUP BY hometown ORDER BY COUNT(hometown) DESC LIMIT 1
course_teach,What is the most commmon hometowns for teachers?,SELECT Hometown FROM teacher GROUP BY Hometown ORDER BY COUNT(*) DESC LIMIT 1,SELECT hometown FROM teachers GROUP BY hometown ORDER BY COUNT(hometown) DESC LIMIT 1
course_teach,Show the hometowns shared by at least two teachers.,SELECT Hometown FROM teacher GROUP BY Hometown HAVING COUNT(*)  >=  2,SELECT hometown FROM teachers GROUP BY hometown HAVING COUNT(teacher_id) > 1
course_teach,What are the towns from which at least two teachers come from?,SELECT Hometown FROM teacher GROUP BY Hometown HAVING COUNT(*)  >=  2,SELECT town FROM teachers GROUP BY town HAVING COUNT(teacher_id) >= 2
course_teach,Show names of teachers and the courses they are arranged to teach.,"SELECT T3.Name ,  T2.Course FROM course_arrange AS T1 JOIN course AS T2 ON T1.Course_ID  =  T2.Course_ID JOIN teacher AS T3 ON T1.Teacher_ID  =  T3.Teacher_ID","SELECT T.name, C.name FROM Teachers T JOIN Courses C ON T.id = C.teacher_id"
course_teach,What is the name of each teacher and what course they teach?,"SELECT T3.Name ,  T2.Course FROM course_arrange AS T1 JOIN course AS T2 ON T1.Course_ID  =  T2.Course_ID JOIN teacher AS T3 ON T1.Teacher_ID  =  T3.Teacher_ID","SELECT T.name, C.name FROM Teachers AS T INNER JOIN Courses AS C ON T.course_id = C.id"
course_teach,Show names of teachers and the courses they are arranged to teach in ascending alphabetical order of the teacher's name.,"SELECT T3.Name ,  T2.Course FROM course_arrange AS T1 JOIN course AS T2 ON T1.Course_ID  =  T2.Course_ID JOIN teacher AS T3 ON T1.Teacher_ID  =  T3.Teacher_ID ORDER BY T3.Name","SELECT T.name, C.name FROM Teachers AS T INNER JOIN Courses AS C ON T.id = C.teacher_id ORDER BY T.name ASC;"
course_teach,What are the names of the teachers and the courses they teach in ascending alphabetical order by the name of the teacher?,"SELECT T3.Name ,  T2.Course FROM course_arrange AS T1 JOIN course AS T2 ON T1.Course_ID  =  T2.Course_ID JOIN teacher AS T3 ON T1.Teacher_ID  =  T3.Teacher_ID ORDER BY T3.Name","SELECT T.name, C.name FROM Teachers AS T INNER JOIN Courses AS C ON T.id = C.teacher_id ORDER BY T.name ASC"
course_teach,Show the name of the teacher for the math course.,"SELECT T3.Name FROM course_arrange AS T1 JOIN course AS T2 ON T1.Course_ID  =  T2.Course_ID JOIN teacher AS T3 ON T1.Teacher_ID  =  T3.Teacher_ID WHERE T2.Course  =  ""Math""",SELECT T.name FROM Teachers AS T INNER JOIN Courses AS C ON T.id = C.teacher_id WHERE C.name = 'Math'
course_teach,What are the names of the people who teach math courses?,"SELECT T3.Name FROM course_arrange AS T1 JOIN course AS T2 ON T1.Course_ID  =  T2.Course_ID JOIN teacher AS T3 ON T1.Teacher_ID  =  T3.Teacher_ID WHERE T2.Course  =  ""Math""",SELECT T1.name FROM people AS T1 INNER JOIN teachers AS T2 ON T1.id = T2.person_id INNER JOIN courses AS T3 ON T2.course_id = T3.id WHERE T3.name = 'Math'
course_teach,Show names of teachers and the number of courses they teach.,"SELECT T2.Name ,  COUNT(*) FROM course_arrange AS T1 JOIN teacher AS T2 ON T1.Teacher_ID  =  T2.Teacher_ID GROUP BY T2.Name","SELECT T.name, COUNT(C.course_id) FROM Teachers T JOIN Courses C ON T.teacher_id = C.teacher_id GROUP BY T.name"
course_teach,What are the names of the teachers and how many courses do they teach?,"SELECT T2.Name ,  COUNT(*) FROM course_arrange AS T1 JOIN teacher AS T2 ON T1.Teacher_ID  =  T2.Teacher_ID GROUP BY T2.Name","SELECT T.name, COUNT(C.course_id) FROM Teachers T JOIN Courses C ON T.teacher_id = C.teacher_id GROUP BY T.name"
course_teach,Show names of teachers that teach at least two courses.,SELECT T2.Name FROM course_arrange AS T1 JOIN teacher AS T2 ON T1.Teacher_ID  =  T2.Teacher_ID GROUP BY T2.Name HAVING COUNT(*)  >=  2,SELECT T1.name FROM teachers AS T1 INNER JOIN courses AS T2 ON T1.id = T2.teacher_id GROUP BY T1.name HAVING COUNT(DISTINCT T2.id) >= 2
course_teach,What are the names of the teachers who teach at least two courses?,SELECT T2.Name FROM course_arrange AS T1 JOIN teacher AS T2 ON T1.Teacher_ID  =  T2.Teacher_ID GROUP BY T2.Name HAVING COUNT(*)  >=  2,SELECT T1.name FROM teachers AS T1 INNER JOIN courses AS T2 ON T1.id = T2.teacher_id GROUP BY T1.name HAVING COUNT(T2.id) >= 2
course_teach,List the names of teachers who have not been arranged to teach courses.,SELECT Name FROM teacher WHERE Teacher_id NOT IN (SELECT Teacher_id FROM course_arrange),SELECT name FROM teachers WHERE id NOT IN (SELECT teacher_id FROM courses)
course_teach,What are the names of the teachers whose courses have not been arranged?,SELECT Name FROM teacher WHERE Teacher_id NOT IN (SELECT Teacher_id FROM course_arrange),SELECT T.name FROM Teachers T LEFT JOIN Courses C ON T.id = C.teacher_id WHERE C.id IS NULL
museum_visit,How many visitors below age 30 are there?,SELECT count(*) FROM visitor WHERE age  <  30,SELECT COUNT(*) FROM visitors WHERE age < 30
museum_visit,"Find the names of the visitors whose membership level is higher than 4, and order the results by the level from high to low.",SELECT name FROM visitor WHERE Level_of_membership  >  4 ORDER BY Level_of_membership DESC,SELECT name FROM visitors WHERE membership_level > 4 ORDER BY membership_level DESC
museum_visit,What is the average age of the visitors whose membership level is not higher than 4?,SELECT avg(age) FROM visitor WHERE Level_of_membership  <=  4,SELECT AVG(age) FROM visitors WHERE membership_level <= 4
museum_visit,"Find the name and membership level of the visitors whose membership level is higher than 4, and sort by their age from old to young.","SELECT name ,  Level_of_membership FROM visitor WHERE Level_of_membership  >  4 ORDER BY age DESC","SELECT name, membership_level FROM visitors WHERE membership_level > 4 ORDER BY age DESC"
museum_visit,Find the id and name of the museum that has the most staff members?,"SELECT museum_id ,  name FROM museum ORDER BY num_of_staff DESC LIMIT 1","SELECT museum_id, museum_name FROM museums ORDER BY staff_count DESC LIMIT 1"
museum_visit,Find the average number of staff working for the museums that were open before 2009.,SELECT avg(num_of_staff) FROM museum WHERE open_year  <  2009,SELECT AVG(Staff) FROM Museums WHERE Opening_Year < 2009
museum_visit,What are the opening year and staff number of the museum named Plaza Museum?,"SELECT Num_of_Staff ,  Open_Year FROM museum WHERE name  =  'Plaza Museum'","SELECT opening_year, staff_number FROM museums WHERE name = 'Plaza Museum'"
museum_visit,find the names of museums which have more staff than the minimum staff number of all museums opened after 2010.,SELECT name FROM museum WHERE num_of_staff  >  (SELECT min(num_of_staff) FROM museum WHERE open_year  >  2010),SELECT name FROM museums WHERE staff > (SELECT MIN(staff) FROM museums WHERE year_opened > 2010)
museum_visit,"find the id, name and age for visitors who visited some museums more than once.","SELECT t1.id ,  t1.name ,  t1.age FROM visitor AS t1 JOIN visit AS t2 ON t1.id  =  t2.visitor_id GROUP BY t1.id HAVING count(*)  >  1","SELECT v.id, v.name, v.age FROM visitors v JOIN visits v2 ON v.id = v2.visitor_id GROUP BY v.id, v.name, v.age HAVING COUNT(DISTINCT v2.museum_id) > 1"
museum_visit,"What are the id, name and membership level of visitors who have spent the largest amount of money in total in all museum tickets?","SELECT t2.visitor_id ,  t1.name ,  t1.Level_of_membership FROM visitor AS t1 JOIN visit AS t2 ON t1.id  =  t2.visitor_id GROUP BY t2.visitor_id ORDER BY sum(t2.Total_spent) DESC LIMIT 1","SELECT v.id, v.name, v.membership_level FROM visitors v JOIN tickets t ON v.id = t.visitor_id GROUP BY v.id, v.name, v.membership_level ORDER BY SUM(t.price) DESC LIMIT 1"
museum_visit,What are the id and name of the museum visited most times?,"SELECT t2.Museum_ID ,  t1.name FROM museum AS t1 JOIN visit AS t2 ON t1.Museum_ID  =  t2.Museum_ID GROUP BY t2.Museum_ID ORDER BY count(*) DESC LIMIT 1","SELECT id, name FROM museums ORDER BY visit_count DESC LIMIT 1"
museum_visit,What is the name of the museum that had no visitor yet?,SELECT name FROM museum WHERE Museum_ID NOT IN (SELECT museum_id FROM visit),SELECT name FROM museum WHERE id NOT IN (SELECT museum_id FROM visitor)
museum_visit,Find the name and age of the visitor who bought the most tickets at once.,"SELECT t1.name ,  t1.age FROM visitor AS t1 JOIN visit AS t2 ON t1.id  =  t2.visitor_id ORDER BY t2.num_of_ticket DESC LIMIT 1","SELECT name, age FROM visitors WHERE id = (SELECT visitor_id FROM tickets GROUP BY visitor_id ORDER BY COUNT(*) DESC LIMIT 1)"
museum_visit,What are the average and maximum number of tickets bought in all visits?,"SELECT avg(num_of_ticket) ,  max(num_of_ticket) FROM visit","SELECT AVG(tickets_bought) AS average_tickets, MAX(tickets_bought) AS max_tickets FROM visits"
museum_visit,What is the total ticket expense of the visitors whose membership level is 1?,SELECT sum(t2.Total_spent) FROM visitor AS t1 JOIN visit AS t2 ON t1.id  =  t2.visitor_id WHERE t1.Level_of_membership  =  1,SELECT SUM(TicketExpense) FROM Visitors WHERE MembershipLevel = 1
museum_visit,What is the name of the visitor who visited both a museum opened before 2009 and a museum opened after 2011?,SELECT t1.name FROM visitor AS t1 JOIN visit AS t2 ON t1.id  =  t2.visitor_id JOIN museum AS t3 ON t3.Museum_ID  =  t2.Museum_ID WHERE t3.open_year  <  2009 INTERSECT SELECT t1.name FROM visitor AS t1 JOIN visit AS t2 ON t1.id  =  t2.visitor_id JOIN museum AS t3 ON t3.Museum_ID  =  t2.Museum_ID WHERE t3.open_year  >  2011,SELECT DISTINCT T1.name FROM visitors AS T1 INNER JOIN visits AS T2 ON T1.id = T2.visitor_id INNER JOIN museums AS T3 ON T2.museum_id = T3.id WHERE T3.opening_year < 2009 INTERSECT SELECT DISTINCT T1.name FROM visitors AS T1 INNER JOIN visits AS T2 ON T1.id = T2.visitor_id INNER JOIN museums AS T3 ON T2.museum_id = T3.id WHERE T3.opening_year > 2011
museum_visit,Find the number of visitors who did not visit any museum opened after 2010.,SELECT count(*) FROM visitor WHERE id NOT IN (SELECT t2.visitor_id FROM museum AS t1 JOIN visit AS t2 ON t1.Museum_ID  =  t2.Museum_ID WHERE t1.open_year  >  2010),SELECT COUNT(DISTINCT T1.visitor_id) FROM visits AS T1 INNER JOIN museums AS T2 ON T1.museum_id = T2.museum_id WHERE T2.opening_year <= 2010 OR T1.visitor_id NOT IN (SELECT visitor_id FROM visits AS T3 INNER JOIN museums AS T4 ON T3.museum_id = T4.museum_id WHERE T4.opening_year > 2010)
museum_visit,How many museums were opened after 2013 or before 2008?,SELECT count(*) FROM museum WHERE open_year  >  2013 OR open_year  <  2008,SELECT COUNT(*) FROM museums WHERE year_opened > 2013 OR year_opened < 2008
wta_1,Find the total number of players.,SELECT count(*) FROM players,SELECT COUNT(*) FROM players
wta_1,How many players are there?,SELECT count(*) FROM players,SELECT COUNT(*) FROM players
wta_1,Find the total number of matches.,SELECT count(*) FROM matches,SELECT COUNT(*) FROM matches
wta_1,Count the number of matches.,SELECT count(*) FROM matches,SELECT COUNT(*) FROM matches
wta_1,List the first name and birth date of all players from the country with code USA.,"SELECT first_name ,  birth_date FROM players WHERE country_code  =  'USA'","SELECT T1.first_name, T1.birth_date FROM players AS T1 INNER JOIN countries AS T2 ON T1.country_id = T2.id WHERE T2.code = 'USA'"
wta_1,What are the first names and birth dates of players from the USA?,"SELECT first_name ,  birth_date FROM players WHERE country_code  =  'USA'","SELECT first_name, birth_date FROM players WHERE country = 'USA'"
wta_1,Find the average age of losers and winners of all matches.,"SELECT avg(loser_age) ,  avg(winner_age) FROM matches","SELECT AVG(CASE WHEN winner = 1 THEN age ELSE NULL END) AS avg_winner_age, AVG(CASE WHEN winner = 0 THEN age ELSE NULL END) AS avg_loser_age FROM matches"
wta_1,What are the average ages of losers and winners across matches?,"SELECT avg(loser_age) ,  avg(winner_age) FROM matches","SELECT AVG(CASE WHEN winner = 1 THEN age END) AS avg_winner_age, AVG(CASE WHEN winner = 0 THEN age END) AS avg_loser_age FROM matches"
wta_1,Find the average rank of winners in all matches.,SELECT avg(winner_rank) FROM matches,SELECT AVG(rank) FROM winners;
wta_1,What is the average rank for winners in all matches?,SELECT avg(winner_rank) FROM matches,SELECT AVG(rank) FROM winners;
wta_1,Find the highest rank of losers in all matches.,SELECT min(loser_rank) FROM matches,SELECT MAX(rank) FROM losers;
wta_1,What is the best rank of losers across all matches?,SELECT min(loser_rank) FROM matches,SELECT MIN(rank) FROM losers
wta_1,find the number of distinct country codes of all players.,SELECT count(DISTINCT country_code) FROM players,SELECT COUNT(DISTINCT country_code) FROM players
wta_1,How many distinct countries do players come from?,SELECT count(DISTINCT country_code) FROM players,SELECT COUNT(DISTINCT country) FROM players
wta_1,Find the number of distinct name of losers.,SELECT count(DISTINCT loser_name) FROM matches,SELECT COUNT(DISTINCT loser_name) FROM matches
wta_1,How many different loser names are there?,SELECT count(DISTINCT loser_name) FROM matches,SELECT COUNT(DISTINCT loser_name) FROM matches
wta_1,Find the name of tourney that has more than 10 matches.,SELECT tourney_name FROM matches GROUP BY tourney_name HAVING count(*)  >  10,SELECT T2.name FROM matches AS T1 INNER JOIN tourney AS T2 ON T1.tourney_id = T2.id GROUP BY T2.name HAVING COUNT(T1.id) > 10
wta_1,What are the names of tournaments that have more than 10 matches?,SELECT tourney_name FROM matches GROUP BY tourney_name HAVING count(*)  >  10,SELECT T1.name FROM tournaments AS T1 INNER JOIN matches AS T2 ON T1.id = T2.tournament_id GROUP BY T1.name HAVING COUNT(T2.id) > 10
wta_1,List the names of all winners who played in both 2013 and 2016.,SELECT winner_name FROM matches WHERE YEAR  =  2013 INTERSECT SELECT winner_name FROM matches WHERE YEAR  =  2016,SELECT name FROM winners WHERE year = 2013 INTERSECT SELECT name FROM winners WHERE year = 2016
wta_1,What are the names of players who won in both 2013 and 2016?,SELECT winner_name FROM matches WHERE YEAR  =  2013 INTERSECT SELECT winner_name FROM matches WHERE YEAR  =  2016,SELECT name FROM players WHERE year = 2013 AND name IN (SELECT name FROM players WHERE year = 2016)
wta_1,List the number of all matches who played in years of 2013 or 2016.,SELECT count(*) FROM matches WHERE YEAR  =  2013 OR YEAR  =  2016,SELECT COUNT(*) FROM matches WHERE year = 2013 OR year = 2016
wta_1,How many matches were played in 2013 or 2016?,SELECT count(*) FROM matches WHERE YEAR  =  2013 OR YEAR  =  2016,SELECT COUNT(*) FROM matches WHERE YEAR(date) = 2013 OR YEAR(date) = 2016
wta_1,What are the country code and first name of the players who won in both tourney WTA Championships and Australian Open?,"SELECT T1.country_code ,  T1.first_name FROM players AS T1 JOIN matches AS T2 ON T1.player_id  =  T2.winner_id WHERE T2.tourney_name  =  'WTA Championships' INTERSECT SELECT T1.country_code ,  T1.first_name FROM players AS T1 JOIN matches AS T2 ON T1.player_id  =  T2.winner_id WHERE T2.tourney_name  =  'Australian Open'","SELECT T1.country_code, T1.first_name FROM players AS T1 INNER JOIN matches AS T2 ON T1.player_id = T2.player_id WHERE T2.tourney_name = 'WTA Championships' AND T2.winner = 'True' INTERSECT SELECT T1.country_code, T1.first_name FROM players AS T1 INNER JOIN matches AS T2 ON T1.player_id = T2.player_id WHERE T2.tourney_name = 'Australian Open' AND T2.winner = 'True'"
wta_1,What are the first names and country codes for players who won both the WTA Championships and the Australian Open?,"SELECT T1.country_code ,  T1.first_name FROM players AS T1 JOIN matches AS T2 ON T1.player_id  =  T2.winner_id WHERE T2.tourney_name  =  'WTA Championships' INTERSECT SELECT T1.country_code ,  T1.first_name FROM players AS T1 JOIN matches AS T2 ON T1.player_id  =  T2.winner_id WHERE T2.tourney_name  =  'Australian Open'","SELECT first_name, country_code FROM players WHERE id IN (SELECT player_id FROM wta_championships_winners) AND id IN (SELECT player_id FROM australian_open_winners)"
wta_1,Find the first name and country code of the oldest player.,"SELECT first_name ,  country_code FROM players ORDER BY birth_date LIMIT 1","SELECT first_name, country_code FROM players ORDER BY age DESC LIMIT 1"
wta_1,What is the first name and country code of the oldest player?,"SELECT first_name ,  country_code FROM players ORDER BY birth_date LIMIT 1","SELECT first_name, country_code FROM players ORDER BY age DESC LIMIT 1"
wta_1,List the first and last name of all players in the order of birth date.,"SELECT first_name ,  last_name FROM players ORDER BY birth_date","SELECT first_name, last_name FROM players ORDER BY birth_date"
wta_1,"What are the full names of all players, sorted by birth date?","SELECT first_name ,  last_name FROM players ORDER BY birth_date","SELECT first_name, last_name FROM players ORDER BY birth_date"
wta_1,List the first and last name of all players who are left / L hand in the order of birth date.,"SELECT first_name ,  last_name FROM players WHERE hand  =  'L' ORDER BY birth_date","SELECT first_name, last_name FROM players WHERE handedness = 'L' ORDER BY birth_date"
wta_1,"What are the full names of all left handed players, in order of birth date?","SELECT first_name ,  last_name FROM players WHERE hand  =  'L' ORDER BY birth_date","SELECT first_name, last_name FROM players WHERE handedness = 'left' ORDER BY birth_date ASC"
wta_1,Find the first name and country code of the player who did the most number of tours.,"SELECT T1.country_code ,  T1.first_name FROM players AS T1 JOIN rankings AS T2 ON T1.player_id  =  T2.player_id ORDER BY T2.tours DESC LIMIT 1","SELECT T1.first_name, T1.country_code FROM players AS T1 INNER JOIN tours AS T2 ON T1.player_id = T2.player_id GROUP BY T1.first_name, T1.country_code ORDER BY COUNT(T2.tour_id) DESC LIMIT 1"
wta_1,What is the first name and country code of the player with the most tours?,"SELECT T1.country_code ,  T1.first_name FROM players AS T1 JOIN rankings AS T2 ON T1.player_id  =  T2.player_id ORDER BY T2.tours DESC LIMIT 1","SELECT first_name, country_code FROM players GROUP BY first_name, country_code ORDER BY COUNT(tour_id) DESC LIMIT 1"
wta_1,Find the year that has the most number of matches.,SELECT YEAR FROM matches GROUP BY YEAR ORDER BY count(*) DESC LIMIT 1,SELECT YEAR FROM matches GROUP BY YEAR ORDER BY COUNT(*) DESC LIMIT 1
wta_1,Which year had the most matches?,SELECT YEAR FROM matches GROUP BY YEAR ORDER BY count(*) DESC LIMIT 1,SELECT YEAR FROM matches GROUP BY YEAR ORDER BY COUNT(*) DESC LIMIT 1
wta_1,Find the name and rank points of the winner who won the most times.,"SELECT winner_name ,  winner_rank_points FROM matches GROUP BY winner_name ORDER BY count(*) DESC LIMIT 1","SELECT name, rank_points FROM winner GROUP BY name ORDER BY COUNT(*) DESC LIMIT 1"
wta_1,"What is the name of the winner who has won the most matches, and how many rank points does this player have?","SELECT winner_name ,  winner_rank_points FROM matches GROUP BY winner_name ORDER BY count(*) DESC LIMIT 1","SELECT name, rank_points FROM winners ORDER BY matches_won DESC LIMIT 1"
wta_1,Find the name of the winner who has the highest rank points and participated in the Australian Open tourney.,SELECT winner_name FROM matches WHERE tourney_name  =  'Australian Open' ORDER BY winner_rank_points DESC LIMIT 1,SELECT name FROM winner WHERE rank_points = (SELECT MAX(rank_points) FROM winner) AND tourney = 'Australian Open'
wta_1,What is the name of the winner with the most rank points who participated in the Australian Open tournament?,SELECT winner_name FROM matches WHERE tourney_name  =  'Australian Open' ORDER BY winner_rank_points DESC LIMIT 1,SELECT name FROM winners WHERE tournament = 'Australian Open' ORDER BY rank_points DESC LIMIT 1
wta_1,find the names of loser and winner who played in the match with greatest number of minutes.,"SELECT winner_name ,  loser_name FROM matches ORDER BY minutes DESC LIMIT 1","SELECT loser, winner FROM matches ORDER BY minutes DESC LIMIT 1"
wta_1,What are the names of the winner and loser who played in the longest match?,"SELECT winner_name ,  loser_name FROM matches ORDER BY minutes DESC LIMIT 1","SELECT winner_name, loser_name FROM matches ORDER BY match_duration DESC LIMIT 1"
wta_1,Find the average ranking for each player and their first name.,"SELECT avg(ranking) ,  T1.first_name FROM players AS T1 JOIN rankings AS T2 ON T1.player_id  =  T2.player_id GROUP BY T1.first_name","SELECT AVG(ranking) , first_name FROM players GROUP BY first_name"
wta_1,"What are the first names of all players, and their average rankings?","SELECT avg(ranking) ,  T1.first_name FROM players AS T1 JOIN rankings AS T2 ON T1.player_id  =  T2.player_id GROUP BY T1.first_name","SELECT first_name, AVG(ranking) FROM players GROUP BY first_name"
wta_1,Find the total ranking points for each player and their first name.,"SELECT sum(ranking_points) ,  T1.first_name FROM players AS T1 JOIN rankings AS T2 ON T1.player_id  =  T2.player_id GROUP BY T1.first_name","SELECT SUM(ranking_points) as total_ranking_points, first_name FROM players GROUP BY first_name"
wta_1,"What are the first names of all players, and their total ranking points?","SELECT sum(ranking_points) ,  T1.first_name FROM players AS T1 JOIN rankings AS T2 ON T1.player_id  =  T2.player_id GROUP BY T1.first_name","SELECT first_name, SUM(ranking_points) FROM players GROUP BY first_name"
wta_1,find the number of players for each country.,"SELECT count(*) ,  country_code FROM players GROUP BY country_code","SELECT country, COUNT(player_id) FROM players GROUP BY country"
wta_1,How many players are from each country?,"SELECT count(*) ,  country_code FROM players GROUP BY country_code","SELECT country, COUNT(player_id) FROM players GROUP BY country"
wta_1,find the code of the country where has the greatest number of players.,SELECT country_code FROM players GROUP BY country_code ORDER BY count(*) DESC LIMIT 1,SELECT country_code FROM players GROUP BY country_code ORDER BY COUNT(player_id) DESC LIMIT 1
wta_1,What is the code of the country with the most players?,SELECT country_code FROM players GROUP BY country_code ORDER BY count(*) DESC LIMIT 1,SELECT country_code FROM players GROUP BY country_code ORDER BY COUNT(*) DESC LIMIT 1
wta_1,Find the codes of countries that have more than 50 players.,SELECT country_code FROM players GROUP BY country_code HAVING count(*)  >  50,SELECT country_code FROM players GROUP BY country_code HAVING COUNT(player_id) > 50
wta_1,What are the codes of countries with more than 50 players?,SELECT country_code FROM players GROUP BY country_code HAVING count(*)  >  50,SELECT country_code FROM players GROUP BY country_code HAVING COUNT(player_id) > 50
wta_1,Find the total number of tours for each ranking date.,"SELECT sum(tours) ,  ranking_date FROM rankings GROUP BY ranking_date","SELECT ranking_date, COUNT(tour_id) FROM tours GROUP BY ranking_date"
wta_1,How many total tours were there for each ranking date?,"SELECT sum(tours) ,  ranking_date FROM rankings GROUP BY ranking_date","SELECT ranking_date, COUNT(tour_id) FROM tours GROUP BY ranking_date"
wta_1,Find the number of matches happened in each year.,"SELECT count(*) ,  YEAR FROM matches GROUP BY YEAR","SELECT YEAR(date) AS year, COUNT(*) AS number_of_matches FROM matches GROUP BY YEAR(date)"
wta_1,How many matches were played in each year?,"SELECT count(*) ,  YEAR FROM matches GROUP BY YEAR","SELECT YEAR(date) AS year, COUNT(*) AS number_of_matches FROM matches GROUP BY YEAR(date)"
wta_1,Find the name and rank of the 3 youngest winners across all matches.,"SELECT DISTINCT winner_name ,  winner_rank FROM matches ORDER BY winner_age LIMIT 3","SELECT name, rank FROM winners ORDER BY age ASC LIMIT 3"
wta_1,What are the names and ranks of the three youngest winners across all matches?,"SELECT DISTINCT winner_name ,  winner_rank FROM matches ORDER BY winner_age LIMIT 3","SELECT name, rank FROM winners ORDER BY age ASC LIMIT 3"
wta_1,How many different winners both participated in the WTA Championships and were left handed?,SELECT count(DISTINCT winner_name) FROM matches WHERE tourney_name  =  'WTA Championships' AND winner_hand  =  'L',SELECT COUNT(DISTINCT winner) FROM WTA_Championships AS T1 INNER JOIN Players AS T2 ON T1.winner = T2.player_name WHERE T2.handedness = 'Left'
wta_1,Find the number of left handed winners who participated in the WTA Championships.,SELECT count(DISTINCT winner_name) FROM matches WHERE tourney_name  =  'WTA Championships' AND winner_hand  =  'L',SELECT COUNT(*) FROM winners WHERE handedness = 'Left' AND tournament = 'WTA Championships'
wta_1,"Find the first name, country code and birth date of the winner who has the highest rank points in all matches.","SELECT T1.first_name ,  T1.country_code ,  T1.birth_date FROM players AS T1 JOIN matches AS T2 ON T1.player_id  =  T2.winner_id ORDER BY T2.winner_rank_points DESC LIMIT 1","SELECT T1.first_name, T1.country_code, T1.birth_date FROM players AS T1 INNER JOIN matches AS T2 ON T1.player_id = T2.winner_id GROUP BY T1.first_name, T1.country_code, T1.birth_date ORDER BY SUM(T2.rank_points) DESC LIMIT 1"
wta_1,"What is the first name, country code, and birth date of the player with the most winner rank points across all matches?","SELECT T1.first_name ,  T1.country_code ,  T1.birth_date FROM players AS T1 JOIN matches AS T2 ON T1.player_id  =  T2.winner_id ORDER BY T2.winner_rank_points DESC LIMIT 1","SELECT T1.first_name, T1.country_code, T1.birth_date FROM players AS T1 INNER JOIN matches AS T2 ON T1.player_id = T2.winner_id GROUP BY T1.player_id ORDER BY SUM(T2.winner_rank_points) DESC LIMIT 1"
wta_1,Find the number of players for each hand type.,"SELECT count(*) ,  hand FROM players GROUP BY hand","SELECT hand_type, COUNT(player_id) FROM player_hand GROUP BY hand_type"
wta_1,How many players are there for each hand type?,"SELECT count(*) ,  hand FROM players GROUP BY hand","SELECT hand_type, COUNT(player_id) FROM players GROUP BY hand_type"
battle_death,How many ships ended up being 'Captured'?,SELECT count(*) FROM ship WHERE disposition_of_ship  =  'Captured',SELECT COUNT(*) FROM Outcomes WHERE result = 'Captured'
battle_death,List the name and tonnage ordered by in descending alphaetical order for the names.,"SELECT name ,  tonnage FROM ship ORDER BY name DESC","SELECT name, tonnage FROM ships ORDER BY name DESC"
battle_death,"List the name, date and result of each battle.","SELECT name ,  date FROM battle","SELECT name, date, result FROM battles"
battle_death,What is maximum and minimum death toll caused each time?,"SELECT max(killed) ,  min(killed) FROM death","SELECT MAX(death_toll) AS max_death_toll, MIN(death_toll) AS min_death_toll FROM disasters"
battle_death,What is the average number of injuries caused each time?,SELECT avg(injured) FROM death,SELECT AVG(number_of_injuries) FROM incidents
battle_death,What are the death and injury situations caused by the ship with tonnage 't'?,"SELECT T1.killed ,  T1.injured FROM death AS T1 JOIN ship AS t2 ON T1.caused_by_ship_id  =  T2.id WHERE T2.tonnage  =  't'","SELECT death, injury FROM ship_casualties WHERE tonnage = 't'"
battle_death,What are the name and results of the battles when the bulgarian commander is not 'Boril',"SELECT name ,  RESULT FROM battle WHERE bulgarian_commander != 'Boril'","SELECT name, result FROM battles WHERE bulgarian_commander != 'Boril'"
battle_death,What are the different ids and names of the battles that lost any 'Brig' type shipes?,"SELECT DISTINCT T1.id ,  T1.name FROM battle AS T1 JOIN ship AS T2 ON T1.id  =  T2.lost_in_battle WHERE T2.ship_type  =  'Brig'","SELECT DISTINCT T1.id, T1.name FROM battles AS T1 INNER JOIN ships AS T2 ON T1.id = T2.battle_id INNER JOIN outcomes AS T3 ON T2.id = T3.ship_id WHERE T3.result = 'sunk' AND T2.ship_type = 'Brig'"
battle_death,What are the ids and names of the battles that led to more than 10 people killed in total.,"SELECT T1.id ,  T1.name FROM battle AS T1 JOIN ship AS T2 ON T1.id  =  T2.lost_in_battle JOIN death AS T3 ON T2.id  =  T3.caused_by_ship_id GROUP BY T1.id HAVING sum(T3.killed)  >  10","SELECT id, name FROM battles WHERE total_killed > 10"
battle_death,What is the ship id and name that caused most total injuries?,"SELECT T2.id ,  T2.name FROM death AS T1 JOIN ship AS t2 ON T1.caused_by_ship_id  =  T2.id GROUP BY T2.id ORDER BY count(*) DESC LIMIT 1","SELECT ship_id, ship_name FROM ships ORDER BY total_injuries DESC LIMIT 1"
battle_death,What are the distinct battle names which are between bulgarian commander 'Kaloyan' and latin commander 'Baldwin I'?,SELECT name FROM battle WHERE bulgarian_commander  =  'Kaloyan' AND latin_commander  =  'Baldwin I',SELECT DISTINCT T1.name FROM battles AS T1 INNER JOIN commanders AS T2 ON T1.id = T2.battle_id INNER JOIN commanders AS T3 ON T1.id = T3.battle_id WHERE T2.name = 'Kaloyan' AND T2.side = 'Bulgarian' AND T3.name = 'Baldwin I' AND T3.side = 'Latin'
battle_death,How many different results are there for the battles?,SELECT count(DISTINCT RESULT) FROM battle,SELECT COUNT(DISTINCT result) FROM battles
battle_death,How many battles did not lose any ship with tonnage '225'?,SELECT count(*) FROM battle WHERE id NOT IN ( SELECT lost_in_battle FROM ship WHERE tonnage  =  '225' );,SELECT COUNT(*) FROM battles WHERE ship_tonnage = '225' AND result = 'no loss'
battle_death,List the name and date the battle that has lost the ship named 'Lettice' and the ship named 'HMS Atalanta',"SELECT T1.name ,  T1.date FROM battle AS T1 JOIN ship AS T2 ON T1.id  =  T2.lost_in_battle WHERE T2.name  =  'Lettice' INTERSECT SELECT T1.name ,  T1.date FROM battle AS T1 JOIN ship AS T2 ON T1.id  =  T2.lost_in_battle WHERE T2.name  =  'HMS Atalanta'","SELECT T1.name, T1.date FROM battles AS T1 INNER JOIN ships AS T2 ON T1.id = T2.battle_id WHERE T2.name = 'Lettice' AND T2.result = 'sunk' INTERSECT SELECT T1.name, T1.date FROM battles AS T1 INNER JOIN ships AS T2 ON T1.id = T2.battle_id WHERE T2.name = 'HMS Atalanta' AND T2.result = 'sunk'"
battle_death,"Show names, results and bulgarian commanders of the battles with no ships lost in the 'English Channel'.","SELECT name ,  RESULT ,  bulgarian_commander FROM battle EXCEPT SELECT T1.name ,  T1.result ,  T1.bulgarian_commander FROM battle AS T1 JOIN ship AS T2 ON T1.id  =  T2.lost_in_battle WHERE T2.location  =  'English Channel'","SELECT name, result, Bulgarian_commander FROM battles WHERE ship_lost = 0 AND location = 'English Channel'"
battle_death,What are the notes of the death events which has substring 'East'?,SELECT note FROM death WHERE note LIKE '%East%',SELECT notes FROM Death WHERE notes LIKE '%East%'
student_transcripts_tracking,what are all the addresses including line 1 and line 2?,"SELECT line_1 ,  line_2 FROM addresses","SELECT address_line_1, address_line_2 FROM addresses"
student_transcripts_tracking,What is the first and second line for all addresses?,"SELECT line_1 ,  line_2 FROM addresses","SELECT address_line_1, address_line_2 FROM addresses"
student_transcripts_tracking,How many courses in total are listed?,SELECT count(*) FROM Courses,SELECT COUNT(*) FROM courses
student_transcripts_tracking,How many courses are there?,SELECT count(*) FROM Courses,SELECT COUNT(*) FROM courses
student_transcripts_tracking,How is the math course described?,SELECT course_description FROM Courses WHERE course_name  =  'math',SELECT description FROM courses WHERE name = 'math'
student_transcripts_tracking,What are the descriptions for all the math courses?,SELECT course_description FROM Courses WHERE course_name  =  'math',SELECT description FROM courses WHERE name LIKE '%Math%'
student_transcripts_tracking,What is the zip code of the address in the city Port Chelsea?,SELECT zip_postcode FROM Addresses WHERE city  =  'Port Chelsea',SELECT zip_code FROM addresses WHERE city = 'Port Chelsea'
student_transcripts_tracking,What is the zip code for Port Chelsea?,SELECT zip_postcode FROM Addresses WHERE city  =  'Port Chelsea',SELECT zip FROM locations WHERE city = 'Port Chelsea'
student_transcripts_tracking,Which department offers the most number of degrees? List department name and id.,"SELECT T2.department_name ,  T1.department_id FROM Degree_Programs AS T1 JOIN Departments AS T2 ON T1.department_id  =  T2.department_id GROUP BY T1.department_id ORDER BY count(*) DESC LIMIT 1","SELECT department_name, department_id FROM departments GROUP BY department_id ORDER BY COUNT(degree_id) DESC LIMIT 1"
student_transcripts_tracking,What is the name and id of the department with the most number of degrees ?,"select t2.department_name ,  t1.department_id from degree_programs as t1 join departments as t2 on t1.department_id  =  t2.department_id group by t1.department_id order by count(*) desc limit 1","SELECT department_name, department_id FROM departments GROUP BY department_id ORDER BY COUNT(degree_id) DESC LIMIT 1"
student_transcripts_tracking,How many departments offer any degree?,SELECT count(DISTINCT department_id) FROM Degree_Programs,SELECT COUNT(DISTINCT department) FROM degrees
student_transcripts_tracking,How many different departments offer degrees?,SELECT count(DISTINCT department_id) FROM Degree_Programs,SELECT COUNT(DISTINCT department) FROM degrees
student_transcripts_tracking,How many different degree names are offered?,SELECT count(DISTINCT degree_summary_name) FROM Degree_Programs,SELECT COUNT(DISTINCT degree_name) FROM degrees
student_transcripts_tracking,How many different degrees are offered?,SELECT count(DISTINCT degree_summary_name) FROM Degree_Programs,SELECT COUNT(DISTINCT degree) FROM degrees
student_transcripts_tracking,How many degrees does the engineering department offer?,SELECT count(*) FROM Departments AS T1 JOIN Degree_Programs AS T2 ON T1.department_id  =  T2.department_id WHERE T1.department_name  =  'engineer',SELECT COUNT(*) FROM degrees WHERE department = 'Engineering'
student_transcripts_tracking,How many degrees does the engineering department have?,SELECT count(*) FROM Departments AS T1 JOIN Degree_Programs AS T2 ON T1.department_id  =  T2.department_id WHERE T1.department_name  =  'engineer',SELECT COUNT(*) FROM degrees WHERE department = 'Engineering'
student_transcripts_tracking,What are the names and descriptions of all the sections?,"SELECT section_name ,  section_description FROM Sections","SELECT name, description FROM sections"
student_transcripts_tracking,What are the names and descriptions for all the sections?,"SELECT section_name ,  section_description FROM Sections","SELECT name, description FROM sections"
student_transcripts_tracking,What are the names and id of courses having at most 2 sections?,"SELECT T1.course_name ,  T1.course_id FROM Courses AS T1 JOIN Sections AS T2 ON T1.course_id  =  T2.course_id GROUP BY T1.course_id HAVING count(*)  <=  2","SELECT T1.name, T1.id FROM courses AS T1 INNER JOIN sections AS T2 ON T1.id = T2.course_id GROUP BY T1.id HAVING COUNT(T2.id) <= 2"
student_transcripts_tracking,What are the names and ids of every course with less than 2 sections?,"SELECT T1.course_name ,  T1.course_id FROM Courses AS T1 JOIN Sections AS T2 ON T1.course_id  =  T2.course_id GROUP BY T1.course_id HAVING count(*)  <=  2","SELECT T1.name, T1.id FROM courses AS T1 INNER JOIN (SELECT course_id, COUNT(*) as num_sections FROM sections GROUP BY course_id) AS T2 ON T1.id = T2.course_id WHERE T2.num_sections < 2"
student_transcripts_tracking,List the section_name in reversed lexicographical order.,SELECT section_name FROM Sections ORDER BY section_name DESC,SELECT section_name FROM sections ORDER BY section_name DESC
student_transcripts_tracking,What are the names of the sections in reverse alphabetical order?,SELECT section_name FROM Sections ORDER BY section_name DESC,SELECT name FROM sections ORDER BY name DESC
student_transcripts_tracking,What is the semester which most student registered in? Show both the name and the id.,"SELECT T1.semester_name ,  T1.semester_id FROM Semesters AS T1 JOIN Student_Enrolment AS T2 ON T1.semester_id  =  T2.semester_id GROUP BY T1.semester_id ORDER BY count(*) DESC LIMIT 1","SELECT T1.name, T1.id FROM semesters AS T1 INNER JOIN registrations AS T2 ON T1.id = T2.semester_id GROUP BY T1.id ORDER BY COUNT(T2.student_id) DESC LIMIT 1"
student_transcripts_tracking,"For each semester, what is the name and id of the one with the most students registered?","SELECT T1.semester_name ,  T1.semester_id FROM Semesters AS T1 JOIN Student_Enrolment AS T2 ON T1.semester_id  =  T2.semester_id GROUP BY T1.semester_id ORDER BY count(*) DESC LIMIT 1","SELECT semester, name, id FROM semesters ORDER BY num_students DESC LIMIT 1"
student_transcripts_tracking,What is the description of the department whose name has the substring the computer?,SELECT department_description FROM Departments WHERE department_name LIKE '%computer%',SELECT description FROM department WHERE name LIKE '%the computer%'
student_transcripts_tracking,What is the department description for the one whose name has the word computer?,SELECT department_description FROM Departments WHERE department_name LIKE '%computer%',SELECT department_description FROM department WHERE department_name LIKE '%computer%'
student_transcripts_tracking,"Who are enrolled in 2 degree programs in one semester? List the first name, middle name and last name and the id.","SELECT T1.first_name ,  T1.middle_name ,  T1.last_name ,  T1.student_id FROM Students AS T1 JOIN Student_Enrolment AS T2 ON T1.student_id  =  T2.student_id GROUP BY T1.student_id HAVING count(*)  =  2","SELECT T1.first_name, T1.middle_name, T1.last_name, T1.id FROM students AS T1 INNER JOIN enrollments AS T2 ON T1.id = T2.student_id GROUP BY T1.id, T2.semester HAVING COUNT(DISTINCT T2.degree_program_id) = 2"
student_transcripts_tracking,"What are the first, middle, and last names, along with the ids, of all students who enrolled in 2 degree programs in one semester?","SELECT T1.first_name ,  T1.middle_name ,  T1.last_name ,  T1.student_id FROM Students AS T1 JOIN Student_Enrolment AS T2 ON T1.student_id  =  T2.student_id GROUP BY T1.student_id HAVING count(*)  =  2","SELECT s.first_name, s.middle_name, s.last_name, s.id FROM students s JOIN enrollments e ON s.id = e.student_id GROUP BY s.id HAVING COUNT(DISTINCT e.degree_program_id) = 2"
student_transcripts_tracking,"Who is enrolled in a Bachelor degree program? List the first name, middle name, last name.","SELECT DISTINCT T1.first_name ,  T1.middle_name ,  T1.last_name FROM Students AS T1 JOIN Student_Enrolment AS T2 ON T1.student_id  =  T2.student_id JOIN Degree_Programs AS T3 ON T2.degree_program_id  =  T3.degree_program_id WHERE T3.degree_summary_name  =  'Bachelor'","SELECT first_name, middle_name, last_name FROM students WHERE degree_program = 'Bachelor'"
student_transcripts_tracking,"What are the first, middle, and last names for everybody enrolled in a Bachelors program?","SELECT DISTINCT T1.first_name ,  T1.middle_name ,  T1.last_name FROM Students AS T1 JOIN Student_Enrolment AS T2 ON T1.student_id  =  T2.student_id JOIN Degree_Programs AS T3 ON T2.degree_program_id  =  T3.degree_program_id WHERE T3.degree_summary_name  =  'Bachelor'","SELECT first_name, middle_name, last_name FROM students WHERE program = 'Bachelors'"
student_transcripts_tracking,Find the kind of program which most number of students are enrolled in?,SELECT T1.degree_summary_name FROM Degree_Programs AS T1 JOIN Student_Enrolment AS T2 ON T1.degree_program_id  =  T2.degree_program_id GROUP BY T1.degree_summary_name ORDER BY count(*) DESC LIMIT 1,SELECT program_kind FROM enrollments GROUP BY program_kind ORDER BY COUNT(student_id) DESC LIMIT 1
student_transcripts_tracking,What is the degree summary name that has the most number of students enrolled?,SELECT T1.degree_summary_name FROM Degree_Programs AS T1 JOIN Student_Enrolment AS T2 ON T1.degree_program_id  =  T2.degree_program_id GROUP BY T1.degree_summary_name ORDER BY count(*) DESC LIMIT 1,SELECT degree_summary_name FROM enrollments GROUP BY degree_summary_name ORDER BY COUNT(student_id) DESC LIMIT 1
student_transcripts_tracking,Find the program which most number of students are enrolled in. List both the id and the summary.,"SELECT T1.degree_program_id ,  T1.degree_summary_name FROM Degree_Programs AS T1 JOIN Student_Enrolment AS T2 ON T1.degree_program_id  =  T2.degree_program_id GROUP BY T1.degree_program_id ORDER BY count(*) DESC LIMIT 1","SELECT id, summary FROM programs GROUP BY id ORDER BY COUNT(student_id) DESC LIMIT 1"
student_transcripts_tracking,What is the program id and the summary of the degree that has the most students enrolled?,"SELECT T1.degree_program_id ,  T1.degree_summary_name FROM Degree_Programs AS T1 JOIN Student_Enrolment AS T2 ON T1.degree_program_id  =  T2.degree_program_id GROUP BY T1.degree_program_id ORDER BY count(*) DESC LIMIT 1","SELECT program_id, degree_summary FROM degrees ORDER BY num_students_enrolled DESC LIMIT 1"
student_transcripts_tracking,"Which student has enrolled for the most times in any program? List the id, first name, middle name, last name, the number of enrollments and student id.","SELECT T1.student_id ,  T1.first_name ,  T1.middle_name ,  T1.last_name ,  count(*) ,  T1.student_id FROM Students AS T1 JOIN Student_Enrolment AS T2 ON T1.student_id  =  T2.student_id GROUP BY T1.student_id ORDER BY count(*) DESC LIMIT 1","SELECT s.id, s.first_name, s.middle_name, s.last_name, COUNT(e.student_id) as num_enrollments, e.student_id FROM students s JOIN enrollments e ON s.id = e.student_id GROUP BY e.student_id ORDER BY num_enrollments DESC LIMIT 1"
student_transcripts_tracking,"What is the first, middle, and last name, along with the id and number of enrollments, for the student who enrolled the most in any program?","SELECT T1.student_id ,  T1.first_name ,  T1.middle_name ,  T1.last_name ,  count(*) ,  T1.student_id FROM Students AS T1 JOIN Student_Enrolment AS T2 ON T1.student_id  =  T2.student_id GROUP BY T1.student_id ORDER BY count(*) DESC LIMIT 1","SELECT T1.first_name, T1.middle_name, T1.last_name, T1.id, COUNT(T2.student_id) FROM students AS T1 INNER JOIN enrollments AS T2 ON T1.id = T2.student_id GROUP BY T1.id ORDER BY COUNT(T2.student_id) DESC LIMIT 1"
student_transcripts_tracking,Which semesters do not have any student enrolled? List the semester name.,SELECT semester_name FROM Semesters WHERE semester_id NOT IN( SELECT semester_id FROM Student_Enrolment ),SELECT semester_name FROM semesters WHERE semester_id NOT IN (SELECT semester_id FROM enrollments)
student_transcripts_tracking,What is the name of the semester with no students enrolled?,SELECT semester_name FROM Semesters WHERE semester_id NOT IN( SELECT semester_id FROM Student_Enrolment ),SELECT name FROM semester WHERE id NOT IN (SELECT semester_id FROM enrollment)
student_transcripts_tracking,What are all the course names of the courses which ever have students enrolled in?,SELECT DISTINCT T1.course_name FROM Courses AS T1 JOIN Student_Enrolment_Courses AS T2 ON T1.course_id  =  T2.course_id,SELECT DISTINCT T1.course_name FROM courses AS T1 INNER JOIN enrollments AS T2 ON T1.course_id = T2.course_id
student_transcripts_tracking,What are the names of all courses that have some students enrolled?,SELECT DISTINCT T1.course_name FROM Courses AS T1 JOIN Student_Enrolment_Courses AS T2 ON T1.course_id  =  T2.course_id,SELECT DISTINCT T1.name FROM courses AS T1 INNER JOIN enrollments AS T2 ON T1.id = T2.course_id
student_transcripts_tracking,What's the name of the course with most number of enrollments?,SELECT  T1.course_name FROM Courses AS T1 JOIN Student_Enrolment_Courses AS T2 ON T1.course_id  =  T2.course_id GROUP BY T1.course_name ORDER BY count(*) DESC LIMIT 1,SELECT T1.name FROM courses AS T1 INNER JOIN enrollments AS T2 ON T1.id = T2.course_id GROUP BY T1.name ORDER BY COUNT(T2.id) DESC LIMIT 1
student_transcripts_tracking,What is the name of the course with the most students enrolled?,SELECT  T1.course_name FROM Courses AS T1 JOIN Student_Enrolment_Courses AS T2 ON T1.course_id  =  T2.course_id GROUP BY T1.course_name ORDER BY count(*) DESC LIMIT 1,SELECT course_name FROM courses ORDER BY num_students DESC LIMIT 1
student_transcripts_tracking,Find the last name of the students who currently live in the state of North Carolina but have not registered in any degree program.,SELECT T1.last_name FROM Students AS T1 JOIN Addresses AS T2 ON T1.current_address_id  =  T2.address_id WHERE T2.state_province_county  =  'NorthCarolina' EXCEPT SELECT DISTINCT T3.last_name FROM Students AS T3 JOIN Student_Enrolment AS T4 ON T3.student_id  =  T4.student_id,SELECT last_name FROM students WHERE state = 'North Carolina' AND degree_program_id IS NULL
student_transcripts_tracking,What are the last name of the students who live in North Carolina but have not registered in any degree programs?,SELECT T1.last_name FROM Students AS T1 JOIN Addresses AS T2 ON T1.current_address_id  =  T2.address_id WHERE T2.state_province_county  =  'NorthCarolina' EXCEPT SELECT DISTINCT T3.last_name FROM Students AS T3 JOIN Student_Enrolment AS T4 ON T3.student_id  =  T4.student_id,SELECT last_name FROM students WHERE state = 'North Carolina' AND student_id NOT IN (SELECT student_id FROM degree_programs)
student_transcripts_tracking,Show the date and id of the transcript with at least 2 course results.,"SELECT T2.transcript_date ,  T1.transcript_id FROM Transcript_Contents AS T1 JOIN Transcripts AS T2 ON T1.transcript_id  =  T2.transcript_id GROUP BY T1.transcript_id HAVING count(*)  >=  2","SELECT date, id FROM transcript GROUP BY id HAVING COUNT(course_result) >= 2"
student_transcripts_tracking,What is the date and id of the transcript with at least 2 courses listed?,"SELECT T2.transcript_date ,  T1.transcript_id FROM Transcript_Contents AS T1 JOIN Transcripts AS T2 ON T1.transcript_id  =  T2.transcript_id GROUP BY T1.transcript_id HAVING count(*)  >=  2","SELECT date, id FROM transcript WHERE id IN (SELECT transcript_id FROM course_transcript GROUP BY transcript_id HAVING COUNT(course_id) >= 2)"
student_transcripts_tracking,What is the phone number of the man with the first name Timmothy and the last name Ward?,SELECT cell_mobile_number FROM Students WHERE first_name  =  'Timmothy' AND last_name  =  'Ward',SELECT phone_number FROM customers WHERE first_name = 'Timmothy' AND last_name = 'Ward'
student_transcripts_tracking,What is the mobile phone number of the student named Timmothy Ward ?,select cell_mobile_number from students where first_name  =  'timmothy' and last_name  =  'ward',SELECT mobile_phone_number FROM students WHERE first_name = 'Timmothy' AND last_name = 'Ward'
student_transcripts_tracking,"Who is the first student to register? List the first name, middle name and last name.","SELECT first_name ,  middle_name ,  last_name FROM Students ORDER BY date_first_registered ASC LIMIT 1","SELECT first_name, middle_name, last_name FROM students ORDER BY registration_date ASC LIMIT 1"
student_transcripts_tracking,"What is the first, middle, and last name of the first student to register?","SELECT first_name ,  middle_name ,  last_name FROM Students ORDER BY date_first_registered ASC LIMIT 1","SELECT first_name, middle_name, last_name FROM students ORDER BY registration_date ASC LIMIT 1"
student_transcripts_tracking,"Who is the earliest graduate of the school? List the first name, middle name and last name.","SELECT first_name ,  middle_name ,  last_name FROM Students ORDER BY date_left ASC LIMIT 1","SELECT first_name, middle_name, last_name FROM students ORDER BY graduation_date ASC LIMIT 1"
student_transcripts_tracking,"What is the first, middle, and last name of the earliest school graduate?","SELECT first_name ,  middle_name ,  last_name FROM Students ORDER BY date_left ASC LIMIT 1","SELECT first_name, middle_name, last_name FROM students ORDER BY graduation_date ASC LIMIT 1"
student_transcripts_tracking,Whose permanent address is different from his or her current address? List his or her first name.,SELECT first_name FROM Students WHERE current_address_id != permanent_address_id,SELECT first_name FROM customers WHERE permanent_address != current_address
student_transcripts_tracking,What is the first name of the student whose permanent address is different from his or her current one?,SELECT first_name FROM Students WHERE current_address_id != permanent_address_id,SELECT first_name FROM students WHERE permanent_address != current_address
student_transcripts_tracking,Which address holds the most number of students currently? List the address id and all lines.,"SELECT T1.address_id ,  T1.line_1 ,  T1.line_2 FROM Addresses AS T1 JOIN Students AS T2 ON T1.address_id  =  T2.current_address_id GROUP BY T1.address_id ORDER BY count(*) DESC LIMIT 1","SELECT address_id, GROUP_CONCAT(student_name) FROM students GROUP BY address_id ORDER BY COUNT(student_name) DESC LIMIT 1"
student_transcripts_tracking,"What is the id, line 1, and line 2 of the address with the most students?","SELECT T1.address_id ,  T1.line_1 ,  T1.line_2 FROM Addresses AS T1 JOIN Students AS T2 ON T1.address_id  =  T2.current_address_id GROUP BY T1.address_id ORDER BY count(*) DESC LIMIT 1","SELECT id, line1, line2 FROM addresses ORDER BY (SELECT COUNT(*) FROM students WHERE students.address_id = addresses.id) DESC LIMIT 1"
student_transcripts_tracking,"On average, when were the transcripts printed?",SELECT avg(transcript_date) FROM Transcripts,SELECT AVG(print_date) FROM transcripts
student_transcripts_tracking,What is the average transcript date?,SELECT avg(transcript_date) FROM Transcripts,SELECT AVG(transcript_date) FROM transcripts
student_transcripts_tracking,When is the first transcript released? List the date and details.,"SELECT transcript_date ,  other_details FROM Transcripts ORDER BY transcript_date ASC LIMIT 1","SELECT release_date, details FROM transcripts ORDER BY release_date ASC LIMIT 1"
student_transcripts_tracking,"What is the earliest date of a transcript release, and what details can you tell me?","SELECT transcript_date ,  other_details FROM Transcripts ORDER BY transcript_date ASC LIMIT 1","SELECT MIN(release_date), transcript_id, release_date, details FROM transcripts"
student_transcripts_tracking,How many transcripts are released?,SELECT count(*) FROM Transcripts,SELECT COUNT(*) FROM transcripts WHERE status = 'released'
student_transcripts_tracking,How many transcripts are listed?,SELECT count(*) FROM Transcripts,SELECT COUNT(*) FROM transcripts
student_transcripts_tracking,What is the last transcript release date?,SELECT transcript_date FROM Transcripts ORDER BY transcript_date DESC LIMIT 1,SELECT MAX(release_date) FROM transcripts
student_transcripts_tracking,When was the last transcript released?,SELECT transcript_date FROM Transcripts ORDER BY transcript_date DESC LIMIT 1,SELECT MAX(release_date) FROM transcripts
student_transcripts_tracking,How many times at most can a course enrollment result show in different transcripts? Also show the course enrollment id.,"SELECT count(*) ,  student_course_id FROM Transcript_Contents GROUP BY student_course_id ORDER BY count(*) DESC LIMIT 1","SELECT course_enrollment_id, COUNT(transcript_id) as count FROM course_enrollment_transcript GROUP BY course_enrollment_id ORDER BY count DESC LIMIT 1"
student_transcripts_tracking,What is the maximum number of times that a course shows up in different transcripts and what is that course's enrollment id?,"SELECT count(*) ,  student_course_id FROM Transcript_Contents GROUP BY student_course_id ORDER BY count(*) DESC LIMIT 1","SELECT course_id, enrollment_id, COUNT(*) as count FROM transcript GROUP BY course_id ORDER BY count DESC LIMIT 1"
student_transcripts_tracking,"Show the date of the transcript which shows the least number of results, also list the id.","SELECT T2.transcript_date ,  T1.transcript_id FROM Transcript_Contents AS T1 JOIN Transcripts AS T2 ON T1.transcript_id  =  T2.transcript_id GROUP BY T1.transcript_id ORDER BY count(*) ASC LIMIT 1","SELECT transcript_date, id FROM transcripts GROUP BY transcript_date ORDER BY COUNT(*) ASC LIMIT 1"
student_transcripts_tracking,What is the date and id of the transcript with the least number of results?,"SELECT T2.transcript_date ,  T1.transcript_id FROM Transcript_Contents AS T1 JOIN Transcripts AS T2 ON T1.transcript_id  =  T2.transcript_id GROUP BY T1.transcript_id ORDER BY count(*) ASC LIMIT 1","SELECT date, id FROM transcript ORDER BY results ASC LIMIT 1"
student_transcripts_tracking,Find the semester when both Master students and Bachelor students got enrolled in.,SELECT DISTINCT T2.semester_id FROM Degree_Programs AS T1 JOIN Student_Enrolment AS T2 ON T1.degree_program_id  =  T2.degree_program_id WHERE degree_summary_name  =  'Master' INTERSECT SELECT DISTINCT T2.semester_id FROM Degree_Programs AS T1 JOIN Student_Enrolment AS T2 ON T1.degree_program_id  =  T2.degree_program_id WHERE degree_summary_name  =  'Bachelor',SELECT semester FROM Master_Enrollments INTERSECT SELECT semester FROM Bachelor_Enrollments
student_transcripts_tracking,What is the id of the semester that had both Masters and Bachelors students enrolled?,SELECT DISTINCT T2.semester_id FROM Degree_Programs AS T1 JOIN Student_Enrolment AS T2 ON T1.degree_program_id  =  T2.degree_program_id WHERE degree_summary_name  =  'Master' INTERSECT SELECT DISTINCT T2.semester_id FROM Degree_Programs AS T1 JOIN Student_Enrolment AS T2 ON T1.degree_program_id  =  T2.degree_program_id WHERE degree_summary_name  =  'Bachelor',"SELECT semester_id FROM enrollments WHERE student_type IN ('Masters', 'Bachelors') GROUP BY semester_id HAVING COUNT(DISTINCT student_type) = 2"
student_transcripts_tracking,How many different addresses do the students currently live?,SELECT count(DISTINCT current_address_id) FROM Students,SELECT COUNT(DISTINCT address) FROM students
student_transcripts_tracking,What are the different addresses that have students living there?,SELECT count(DISTINCT current_address_id) FROM Students,SELECT DISTINCT address FROM students
student_transcripts_tracking,List all the student details in reversed lexicographical order.,SELECT other_student_details FROM Students ORDER BY other_student_details DESC,SELECT * FROM students ORDER BY name DESC;
student_transcripts_tracking,What other details can you tell me about students in reverse alphabetical order?,SELECT other_student_details FROM Students ORDER BY other_student_details DESC,SELECT * FROM students ORDER BY name DESC
student_transcripts_tracking,Describe the section h.,SELECT section_description FROM Sections WHERE section_name  =  'h',SELECT description FROM sections WHERE id = 'h'
student_transcripts_tracking,What is the description for the section named h?,SELECT section_description FROM Sections WHERE section_name  =  'h',SELECT description FROM sections WHERE name = 'h'
student_transcripts_tracking,Find the first name of the students who permanently live in the country Haiti or have the cell phone number 09700166582 .,select t1.first_name from students as t1 join addresses as t2 on t1.permanent_address_id  =  t2.address_id where t2.country  =  'haiti' or t1.cell_mobile_number  =  '09700166582',SELECT first_name FROM students WHERE country_of_residence = 'Haiti' OR cell_phone_number = '09700166582'
student_transcripts_tracking,What are the first names of the students who live in Haiti permanently or have the cell phone number 09700166582 ?,select t1.first_name from students as t1 join addresses as t2 on t1.permanent_address_id  =  t2.address_id where t2.country  =  'haiti' or t1.cell_mobile_number  =  '09700166582',SELECT first_name FROM students WHERE country_of_residence = 'Haiti' AND type_of_residence = 'permanent' OR cell_phone_number = '09700166582'
tvshow,List the title of all cartoons in alphabetical order.,SELECT Title FROM Cartoon ORDER BY title,SELECT title FROM cartoons ORDER BY title ASC
tvshow,What are the titles of the cartoons sorted alphabetically?,SELECT Title FROM Cartoon ORDER BY title,SELECT title FROM cartoons ORDER BY title ASC
tvshow,"List all cartoon directed by ""Ben Jones"".","SELECT Title FROM Cartoon WHERE Directed_by = ""Ben Jones"";",SELECT * FROM cartoons WHERE director = 'Ben Jones'
tvshow,What are the names of all cartoons directed by Ben Jones?,"SELECT Title FROM Cartoon WHERE Directed_by = ""Ben Jones"";",SELECT name FROM cartoons WHERE director = 'Ben Jones'
tvshow,"How many cartoons were written by ""Joseph Kuhr""?","SELECT count(*) FROM Cartoon WHERE Written_by = ""Joseph Kuhr"";",SELECT COUNT(*) FROM cartoons AS c JOIN writers AS w ON c.id = w.cartoon_id WHERE w.name = 'Joseph Kuhr'
tvshow,What is the number of cartoones written by Joseph Kuhr?,"SELECT count(*) FROM Cartoon WHERE Written_by = ""Joseph Kuhr"";",SELECT COUNT(*) FROM cartoones WHERE author = 'Joseph Kuhr'
tvshow,list all cartoon titles and their directors ordered by their air date,"SELECT title ,  Directed_by FROM Cartoon ORDER BY Original_air_date","SELECT title, director FROM cartoons ORDER BY air_date"
tvshow,What is the name and directors of all the cartoons that are ordered by air date?,"SELECT title ,  Directed_by FROM Cartoon ORDER BY Original_air_date","SELECT name, directors FROM cartoons ORDER BY air_date"
tvshow,"List the title of all cartoon directed by ""Ben Jones"" or ""Brandon Vietti"".","SELECT Title FROM Cartoon WHERE Directed_by = ""Ben Jones"" OR Directed_by = ""Brandon Vietti"";",SELECT title FROM cartoons WHERE director = 'Ben Jones' OR director = 'Brandon Vietti'
tvshow,What are the titles of all cartoons directed by Ben Jones or Brandon Vietti?,"SELECT Title FROM Cartoon WHERE Directed_by = ""Ben Jones"" OR Directed_by = ""Brandon Vietti"";",SELECT title FROM cartoons WHERE director = 'Ben Jones' OR director = 'Brandon Vietti'
tvshow,Which country has the most of TV Channels? List the country and number of TV Channels it has.,"SELECT Country ,  count(*) FROM TV_Channel GROUP BY Country ORDER BY count(*) DESC LIMIT 1;","SELECT country, COUNT(channel_id) FROM tv_channels GROUP BY country ORDER BY COUNT(channel_id) DESC LIMIT 1"
tvshow,What is the country with the most number of TV Channels and how many does it have?,"SELECT Country ,  count(*) FROM TV_Channel GROUP BY Country ORDER BY count(*) DESC LIMIT 1;","SELECT country, COUNT(channel_name) as num_channels FROM tv_channels GROUP BY country ORDER BY num_channels DESC LIMIT 1"
tvshow,List the number of different series names and contents in the TV Channel table.,"SELECT count(DISTINCT series_name) ,  count(DISTINCT content) FROM TV_Channel;","SELECT COUNT(DISTINCT series_name) AS num_series, COUNT(DISTINCT contents) AS num_contents FROM TV_Channel"
tvshow,How many different series and contents are listed in the TV Channel table?,"SELECT count(DISTINCT series_name) ,  count(DISTINCT content) FROM TV_Channel;",SELECT COUNT(DISTINCT series) + COUNT(DISTINCT content) FROM TV_Channel
tvshow,"What is the content of TV Channel with serial name ""Sky Radio""?","SELECT Content FROM TV_Channel WHERE series_name = ""Sky Radio"";","SELECT content FROM TV_Channel WHERE serial_name = ""Sky Radio"""
tvshow,What is the content of the series Sky Radio?,"SELECT Content FROM TV_Channel WHERE series_name = ""Sky Radio"";",SELECT content FROM series WHERE name = 'Sky Radio'
tvshow,"What is the Package Option of TV Channel with serial name ""Sky Radio""?","SELECT Package_Option FROM TV_Channel WHERE series_name = ""Sky Radio"";","SELECT Package_Option FROM TV_Channel WHERE Serial_Name = ""Sky Radio"""
tvshow,What are the Package Options of the TV Channels whose series names are Sky Radio?,"SELECT Package_Option FROM TV_Channel WHERE series_name = ""Sky Radio"";",SELECT Package_Options FROM TV_Channels WHERE Series_Name = 'Sky Radio'
tvshow,How many TV Channel using language English?,"SELECT count(*) FROM TV_Channel WHERE LANGUAGE = ""English"";",SELECT COUNT(*) FROM TV_Channel WHERE language = 'English'
tvshow,How many TV Channels use the English language?,"SELECT count(*) FROM TV_Channel WHERE LANGUAGE = ""English"";",SELECT COUNT(*) FROM TVChannels WHERE language = 'English'
tvshow,List the language used least number of TV Channel. List language and number of TV Channel.,"SELECT LANGUAGE ,  count(*) FROM TV_Channel GROUP BY LANGUAGE ORDER BY count(*) ASC LIMIT 1;","SELECT language, COUNT(channel_id) FROM tv_channels GROUP BY language ORDER BY COUNT(channel_id) ASC LIMIT 1"
tvshow,What are the languages used by the least number of TV Channels and how many channels use it?,"SELECT LANGUAGE ,  count(*) FROM TV_Channel GROUP BY LANGUAGE ORDER BY count(*) ASC LIMIT 1;","SELECT language, COUNT(channel_id) FROM tv_channels GROUP BY language ORDER BY COUNT(channel_id) ASC LIMIT 1"
tvshow,List each language and the number of TV Channels using it.,"SELECT LANGUAGE ,  count(*) FROM TV_Channel GROUP BY LANGUAGE","SELECT T2.name, COUNT(T1.id) FROM TVChannels AS T1 INNER JOIN Languages AS T2 ON T1.language_id = T2.id GROUP BY T2.name"
tvshow,"For each language, list the number of TV Channels that use it.","SELECT LANGUAGE ,  count(*) FROM TV_Channel GROUP BY LANGUAGE","SELECT language, COUNT(channel_id) FROM tv_channels GROUP BY language"
tvshow,"What is the TV Channel that shows the cartoon ""The Rise of the Blue Beetle!""? List the TV Channel's series name.","SELECT T1.series_name FROM TV_Channel AS T1 JOIN Cartoon AS T2 ON T1.id = T2.Channel WHERE T2.Title = ""The Rise of the Blue Beetle!"";",SELECT T2.series_name FROM cartoons AS T1 INNER JOIN tv_channels AS T2 ON T1.tv_channel_id = T2.id WHERE T1.cartoon_name = 'The Rise of the Blue Beetle!'
tvshow,"What is the series name of the TV Channel that shows the cartoon ""The Rise of the Blue Beetle""?","SELECT T1.series_name FROM TV_Channel AS T1 JOIN Cartoon AS T2 ON T1.id = T2.Channel WHERE T2.Title = ""The Rise of the Blue Beetle!"";","SELECT series_name FROM TV_Channel WHERE cartoon_name = ""The Rise of the Blue Beetle"""
tvshow,"List the title of all  Cartoons showed on TV Channel with series name ""Sky Radio"".","SELECT T2.Title FROM TV_Channel AS T1 JOIN Cartoon AS T2 ON T1.id = T2.Channel WHERE T1.series_name = ""Sky Radio"";",SELECT T1.title FROM Cartoons AS T1 INNER JOIN TV_Channel AS T2 ON T1.channel_id = T2.id INNER JOIN Series AS T3 ON T2.series_id = T3.id WHERE T3.name = 'Sky Radio'
tvshow,"What is the title of all the cartools that are on the TV Channel with the series name ""Sky Radio""?","SELECT T2.Title FROM TV_Channel AS T1 JOIN Cartoon AS T2 ON T1.id = T2.Channel WHERE T1.series_name = ""Sky Radio"";",SELECT T1.title FROM cartools AS T1 INNER JOIN tvchannel AS T2 ON T1.tvchannel_id = T2.id INNER JOIN series AS T3 ON T2.series_id = T3.id WHERE T3.name = 'Sky Radio'
tvshow,List the Episode of all TV series sorted by rating.,SELECT Episode FROM TV_series ORDER BY rating,SELECT Episode FROM TV_Series ORDER BY Rating DESC;
tvshow,What are all of the episodes ordered by ratings?,SELECT Episode FROM TV_series ORDER BY rating,SELECT * FROM episodes ORDER BY rating DESC;
tvshow,List top 3 highest Rating  TV series. List the TV series's Episode and Rating.,"SELECT Episode ,  Rating FROM TV_series ORDER BY Rating DESC LIMIT 3;","SELECT Episode, Rating FROM TV_Series ORDER BY Rating DESC LIMIT 3"
tvshow,What are 3 most highly rated episodes in the TV series table and what were those ratings?,"SELECT Episode ,  Rating FROM TV_series ORDER BY Rating DESC LIMIT 3;","SELECT episode_name, rating FROM TV_series ORDER BY rating DESC LIMIT 3"
tvshow,What is minimum and maximum share of TV series?,"SELECT max(SHARE) , min(SHARE) FROM TV_series;","SELECT MIN(share), MAX(share) FROM TV_series"
tvshow,What is the maximum and minimum share for the TV series?,"SELECT max(SHARE) , min(SHARE) FROM TV_series;","SELECT MAX(share), MIN(share) FROM tv_series"
tvshow,"What is the air date of TV series with Episode ""A Love of a Lifetime""?","SELECT Air_Date FROM TV_series WHERE Episode = ""A Love of a Lifetime"";","SELECT air_date FROM episodes WHERE episode_name = ""A Love of a Lifetime"""
tvshow,"When did the episode ""A Love of a Lifetime"" air?","SELECT Air_Date FROM TV_series WHERE Episode = ""A Love of a Lifetime"";",SELECT air_date FROM episodes WHERE episode_name = 'A Love of a Lifetime'
tvshow,"What is Weekly Rank of TV series with Episode ""A Love of a Lifetime""?","SELECT Weekly_Rank FROM TV_series WHERE Episode = ""A Love of a Lifetime"";",SELECT Weekly_Rank FROM TV_Series_Episodes WHERE Episode = 'A Love of a Lifetime'
tvshow,"What is the weekly rank for the episode ""A Love of a Lifetime""?","SELECT Weekly_Rank FROM TV_series WHERE Episode = ""A Love of a Lifetime"";",SELECT weekly_rank FROM episodes WHERE episode_name = 'A Love of a Lifetime'
tvshow,"What is the TV Channel of TV series with Episode ""A Love of a Lifetime""? List the TV Channel's series name.","SELECT T1.series_name FROM TV_Channel AS T1 JOIN TV_series AS T2 ON T1.id = T2.Channel WHERE T2.Episode = ""A Love of a Lifetime"";","SELECT T2.TV_Channel, T1.Series_Name FROM Series AS T1 INNER JOIN Episodes AS T2 ON T1.Series_ID = T2.Series_ID WHERE T2.Episode = 'A Love of a Lifetime'"
tvshow,"What is the name of the series that has the episode ""A Love of a Lifetime""?","SELECT T1.series_name FROM TV_Channel AS T1 JOIN TV_series AS T2 ON T1.id = T2.Channel WHERE T2.Episode = ""A Love of a Lifetime"";",SELECT series_name FROM series AS s JOIN episodes AS e ON s.series_id = e.series_id WHERE e.episode_name = 'A Love of a Lifetime'
tvshow,"List the Episode of all  TV series showed on TV Channel with series name ""Sky Radio"".","SELECT T2.Episode FROM TV_Channel AS T1 JOIN TV_series AS T2 ON T1.id = T2.Channel WHERE T1.series_name = ""Sky Radio"";","SELECT T3.Episode FROM TV_Channel AS T1 INNER JOIN TV_Series AS T2 ON T1.ID = T2.TV_Channel_ID INNER JOIN Episode AS T3 ON T2.ID = T3.TV_Series_ID WHERE T2.Series_Name = ""Sky Radio"""
tvshow,"What is the episode for the TV series named ""Sky Radio""?","SELECT T2.Episode FROM TV_Channel AS T1 JOIN TV_series AS T2 ON T1.id = T2.Channel WHERE T1.series_name = ""Sky Radio"";","SELECT episode FROM tv_series WHERE name = ""Sky Radio"""
tvshow,Find the number of cartoons directed by each of the listed directors.,"SELECT count(*) ,  Directed_by FROM cartoon GROUP BY Directed_by","SELECT director, COUNT(*) FROM cartoons GROUP BY director"
tvshow,How many cartoons did each director create?,"SELECT count(*) ,  Directed_by FROM cartoon GROUP BY Directed_by","SELECT director, COUNT(*) FROM cartoons GROUP BY director"
tvshow,Find the production code and channel of the most recently aired cartoon .,"select production_code ,  channel from cartoon order by original_air_date desc limit 1","SELECT production_code, channel FROM cartoons ORDER BY air_date DESC LIMIT 1"
tvshow,What is the produdction code and channel of the most recent cartoon ?,"select production_code ,  channel from cartoon order by original_air_date desc limit 1","SELECT production_code, channel FROM cartoons ORDER BY release_date DESC LIMIT 1"
tvshow,Find the package choice and series name of the TV channel that has high definition TV.,"SELECT package_option ,  series_name FROM TV_Channel WHERE hight_definition_TV  =  ""yes""","SELECT T2.package_choice, T1.series_name FROM TV_Channel AS T1 INNER JOIN Package_Choice AS T2 ON T1.channel_id = T2.channel_id WHERE T1.channel_quality = 'HD'"
tvshow,What are the package options and the name of the series for the TV Channel that supports high definition TV?,"SELECT package_option ,  series_name FROM TV_Channel WHERE hight_definition_TV  =  ""yes""","SELECT T2.package_options, T1.series_name FROM TV_Channel AS T1 INNER JOIN Package_Options AS T2 ON T1.package_id = T2.package_id WHERE T1.supports_hd = 1"
tvshow,which countries' tv channels are playing some cartoon written by Todd Casey?,SELECT T1.country FROM TV_Channel AS T1 JOIN cartoon AS T2 ON T1.id = T2.Channel WHERE T2.written_by  =  'Todd Casey',SELECT DISTINCT T3.country FROM tv_channels AS T1 INNER JOIN programs AS T2 ON T1.id = T2.tv_channel_id INNER JOIN countries AS T3 ON T1.country_id = T3.id INNER JOIN cartoons AS T4 ON T2.cartoon_id = T4.id INNER JOIN writers AS T5 ON T4.writer_id = T5.id WHERE T5.name = 'Todd Casey'
tvshow,What are the countries that have cartoons on TV that were written by Todd Casey?,SELECT T1.country FROM TV_Channel AS T1 JOIN cartoon AS T2 ON T1.id = T2.Channel WHERE T2.written_by  =  'Todd Casey',SELECT DISTINCT T3.country FROM cartoons AS T1 INNER JOIN written_by AS T2 ON T1.id = T2.cartoon_id INNER JOIN tv_stations AS T3 ON T1.tv_station_id = T3.id WHERE T2.writer_name = 'Todd Casey'
tvshow,which countries' tv channels are not playing any cartoon written by Todd Casey?,SELECT country FROM TV_Channel EXCEPT SELECT T1.country FROM TV_Channel AS T1 JOIN cartoon AS T2 ON T1.id = T2.Channel WHERE T2.written_by  =  'Todd Casey',SELECT DISTINCT c.country FROM countries c JOIN tv_channels t ON c.id = t.country_id JOIN programs p ON t.id = p.tv_channel_id JOIN cartoons ca ON p.id = ca.program_id JOIN writers w ON ca.id = w.cartoon_id WHERE w.name != 'Todd Casey' AND c.country NOT IN (SELECT c.country FROM countries c JOIN tv_channels t ON c.id = t.country_id JOIN programs p ON t.id = p.tv_channel_id JOIN cartoons ca ON p.id = ca.program_id JOIN writers w ON ca.id = w.cartoon_id WHERE w.name = 'Todd Casey')
tvshow,What are the countries that are not playing cartoons written by Todd Casey?,SELECT country FROM TV_Channel EXCEPT SELECT T1.country FROM TV_Channel AS T1 JOIN cartoon AS T2 ON T1.id = T2.Channel WHERE T2.written_by  =  'Todd Casey',SELECT country FROM countries WHERE id NOT IN (SELECT c.id FROM countries c JOIN channels ch ON c.id = ch.country_id JOIN programs p ON ch.id = p.channel_id JOIN episodes e ON p.id = e.program_id JOIN writers w ON e.writer_id = w.id WHERE w.name = 'Todd Casey' AND p.type = 'cartoon')
tvshow,Find the series name and country of the tv channel that is playing some cartoons directed by Ben Jones and Michael Chang?,"SELECT T1.series_name ,  T1.country FROM TV_Channel AS T1 JOIN cartoon AS T2 ON T1.id = T2.Channel WHERE T2.directed_by  =  'Michael Chang' INTERSECT SELECT T1.series_name ,  T1.country FROM TV_Channel AS T1 JOIN cartoon AS T2 ON T1.id = T2.Channel WHERE T2.directed_by  =  'Ben Jones'","SELECT T3.series_name, T2.country FROM directors AS T1 INNER JOIN tv_channels_directors AS T4 ON T1.id = T4.director_id INNER JOIN tv_channels AS T2 ON T4.tv_channel_id = T2.id INNER JOIN series AS T3 ON T2.id = T3.tv_channel_id WHERE T1.name IN ('Ben Jones', 'Michael Chang') AND T3.genre = 'cartoon'"
tvshow,What is the series name and country of all TV channels that are playing cartoons directed by Ben Jones and cartoons directed by Michael Chang?,"SELECT T1.series_name ,  T1.country FROM TV_Channel AS T1 JOIN cartoon AS T2 ON T1.id = T2.Channel WHERE T2.directed_by  =  'Michael Chang' INTERSECT SELECT T1.series_name ,  T1.country FROM TV_Channel AS T1 JOIN cartoon AS T2 ON T1.id = T2.Channel WHERE T2.directed_by  =  'Ben Jones'","SELECT T1.series_name, T1.country FROM TV_channels AS T1 INNER JOIN Cartoons AS T2 ON T1.id = T2.channel_id WHERE T2.director = 'Ben Jones' INTERSECT SELECT T1.series_name, T1.country FROM TV_channels AS T1 INNER JOIN Cartoons AS T2 ON T1.id = T2.channel_id WHERE T2.director = 'Michael Chang'"
tvshow,find the pixel aspect ratio and nation of the tv channels that do not use English.,"SELECT Pixel_aspect_ratio_PAR ,  country FROM tv_channel WHERE LANGUAGE != 'English'","SELECT T2.pixel_aspect_ratio, T1.nation FROM tv_channels AS T1 INNER JOIN tv_stations AS T2 ON T1.id = T2.tv_channel_id WHERE T1.language != 'English'"
tvshow,What is the pixel aspect ratio and country of origin for all TV channels that do not use English?,"SELECT Pixel_aspect_ratio_PAR ,  country FROM tv_channel WHERE LANGUAGE != 'English'","SELECT T2.pixel_aspect_ratio, T2.country_of_origin FROM languages AS T1 INNER JOIN tv_channels AS T2 ON T1.tv_channel_id = T2.id WHERE T1.language != 'English'"
tvshow,find id of the tv channels that from the countries where have more than two tv channels.,SELECT id FROM tv_channel GROUP BY country HAVING count(*)  >  2,SELECT id FROM tv_channels WHERE country_id IN (SELECT country_id FROM tv_channels GROUP BY country_id HAVING COUNT(id) > 2)
tvshow,What are the ids of all tv channels that have more than 2 TV channels?,SELECT id FROM tv_channel GROUP BY country HAVING count(*)  >  2,SELECT id FROM tv_channels GROUP BY id HAVING COUNT(id) > 2
tvshow,find the id of tv channels that do not play any cartoon directed by Ben Jones.,SELECT id FROM TV_Channel EXCEPT SELECT channel FROM cartoon WHERE directed_by  =  'Ben Jones',SELECT id FROM tv_channels WHERE id NOT IN (SELECT tc.id FROM tv_channels tc JOIN programs p ON tc.id = p.tv_channel_id JOIN cartoons c ON p.id = c.program_id WHERE c.director = 'Ben Jones')
tvshow,What are the ids of the TV channels that do not have any cartoons directed by Ben Jones?,SELECT id FROM TV_Channel EXCEPT SELECT channel FROM cartoon WHERE directed_by  =  'Ben Jones',SELECT id FROM TV_channels WHERE id NOT IN (SELECT TV_channel_id FROM Cartoons WHERE director = 'Ben Jones')
tvshow,find the package option of the tv channel that do not have any cartoon directed by Ben Jones.,SELECT package_option FROM TV_Channel WHERE id NOT IN (SELECT channel FROM cartoon WHERE directed_by  =  'Ben Jones'),SELECT package_option FROM tv_channel WHERE id NOT IN (SELECT tv_channel_id FROM cartoon WHERE director = 'Ben Jones')
tvshow,What are the package options of all tv channels that are not playing any cartoons directed by Ben Jones?,SELECT package_option FROM TV_Channel WHERE id NOT IN (SELECT channel FROM cartoon WHERE directed_by  =  'Ben Jones'),SELECT package_options FROM tv_channels WHERE id NOT IN (SELECT tv_channel_id FROM schedules WHERE cartoon_id IN (SELECT id FROM cartoons WHERE director = 'Ben Jones'))
poker_player,How many poker players are there?,SELECT count(*) FROM poker_player,SELECT COUNT(*) FROM poker_players
poker_player,Count the number of poker players.,SELECT count(*) FROM poker_player,SELECT COUNT(*) FROM poker_players
poker_player,List the earnings of poker players in descending order.,SELECT Earnings FROM poker_player ORDER BY Earnings DESC,SELECT earnings FROM poker_players ORDER BY earnings DESC;
poker_player,"What are the earnings of poker players, ordered descending by value?",SELECT Earnings FROM poker_player ORDER BY Earnings DESC,SELECT earnings FROM poker_players ORDER BY earnings DESC
poker_player,List the final tables made and the best finishes of poker players.,"SELECT Final_Table_Made ,  Best_Finish FROM poker_player","SELECT final_tables_made, best_finish FROM poker_players"
poker_player,What are the final tables made and best finishes for all poker players?,"SELECT Final_Table_Made ,  Best_Finish FROM poker_player","SELECT player_name, COUNT(*) as final_tables_made, MAX(finish_position) as best_finish FROM poker_players GROUP BY player_name"
poker_player,What is the average earnings of poker players?,SELECT avg(Earnings) FROM poker_player,SELECT AVG(earnings) FROM poker_players
poker_player,Return the average earnings across all poker players.,SELECT avg(Earnings) FROM poker_player,SELECT AVG(earnings) FROM poker_players
poker_player,What is the money rank of the poker player with the highest earnings?,SELECT Money_Rank FROM poker_player ORDER BY Earnings DESC LIMIT 1,SELECT money_rank FROM poker_players ORDER BY earnings DESC LIMIT 1
poker_player,Return the money rank of the player with the greatest earnings.,SELECT Money_Rank FROM poker_player ORDER BY Earnings DESC LIMIT 1,SELECT money_rank FROM players ORDER BY earnings DESC LIMIT 1
poker_player,What is the maximum number of final tables made among poker players with earnings less than 200000?,SELECT max(Final_Table_Made) FROM poker_player WHERE Earnings  <  200000,SELECT MAX(final_tables_made) FROM poker_players WHERE earnings < 200000
poker_player,Return the maximum final tables made across all poker players who have earnings below 200000.,SELECT max(Final_Table_Made) FROM poker_player WHERE Earnings  <  200000,SELECT MAX(final_tables) FROM poker_players WHERE earnings < 200000
poker_player,What are the names of poker players?,SELECT T1.Name FROM people AS T1 JOIN poker_player AS T2 ON T1.People_ID  =  T2.People_ID,SELECT name FROM poker_players
poker_player,Return the names of all the poker players.,SELECT T1.Name FROM people AS T1 JOIN poker_player AS T2 ON T1.People_ID  =  T2.People_ID,SELECT name FROM poker_players
poker_player,What are the names of poker players whose earnings is higher than 300000?,SELECT T1.Name FROM people AS T1 JOIN poker_player AS T2 ON T1.People_ID  =  T2.People_ID WHERE T2.Earnings  >  300000,SELECT name FROM poker_players WHERE earnings > 300000
poker_player,Give the names of poker players who have earnings above 300000.,SELECT T1.Name FROM people AS T1 JOIN poker_player AS T2 ON T1.People_ID  =  T2.People_ID WHERE T2.Earnings  >  300000,SELECT name FROM poker_players WHERE earnings > 300000
poker_player,List the names of poker players ordered by the final tables made in ascending order.,SELECT T1.Name FROM people AS T1 JOIN poker_player AS T2 ON T1.People_ID  =  T2.People_ID ORDER BY T2.Final_Table_Made,SELECT name FROM poker_players ORDER BY final_tables_made ASC
poker_player,"What are the names of poker players, ordered ascending by the number of final tables they have made?",SELECT T1.Name FROM people AS T1 JOIN poker_player AS T2 ON T1.People_ID  =  T2.People_ID ORDER BY T2.Final_Table_Made,SELECT name FROM poker_players ORDER BY final_tables ASC
poker_player,What is the birth date of the poker player with the lowest earnings?,SELECT T1.Birth_Date FROM people AS T1 JOIN poker_player AS T2 ON T1.People_ID  =  T2.People_ID ORDER BY T2.Earnings ASC LIMIT 1,SELECT birth_date FROM poker_players ORDER BY earnings ASC LIMIT 1
poker_player,Return the birth date of the poker player with the lowest earnings.,SELECT T1.Birth_Date FROM people AS T1 JOIN poker_player AS T2 ON T1.People_ID  =  T2.People_ID ORDER BY T2.Earnings ASC LIMIT 1,SELECT birth_date FROM poker_players ORDER BY earnings ASC LIMIT 1
poker_player,What is the money rank of the tallest poker player?,SELECT T2.Money_Rank FROM people AS T1 JOIN poker_player AS T2 ON T1.People_ID  =  T2.People_ID ORDER BY T1.Height DESC LIMIT 1,SELECT money_rank FROM poker_players ORDER BY height DESC LIMIT 1
poker_player,Return the money rank of the poker player with the greatest height.,SELECT T2.Money_Rank FROM people AS T1 JOIN poker_player AS T2 ON T1.People_ID  =  T2.People_ID ORDER BY T1.Height DESC LIMIT 1,SELECT money_rank FROM poker_players ORDER BY height DESC LIMIT 1
poker_player,What is the average earnings of poker players with height higher than 200?,SELECT avg(T2.Earnings) FROM people AS T1 JOIN poker_player AS T2 ON T1.People_ID  =  T2.People_ID WHERE T1.Height  >  200,SELECT AVG(earnings) FROM poker_players WHERE height > 200
poker_player,Give average earnings of poker players who are taller than 200.,SELECT avg(T2.Earnings) FROM people AS T1 JOIN poker_player AS T2 ON T1.People_ID  =  T2.People_ID WHERE T1.Height  >  200,SELECT AVG(earnings) FROM poker_players WHERE height > 200
poker_player,What are the names of poker players in descending order of earnings?,SELECT T1.Name FROM people AS T1 JOIN poker_player AS T2 ON T1.People_ID  =  T2.People_ID ORDER BY T2.Earnings DESC,SELECT name FROM poker_players ORDER BY earnings DESC
poker_player,Return the names of poker players sorted by their earnings descending.,SELECT T1.Name FROM people AS T1 JOIN poker_player AS T2 ON T1.People_ID  =  T2.People_ID ORDER BY T2.Earnings DESC,SELECT name FROM poker_players ORDER BY earnings DESC
poker_player,What are different nationalities of people and the corresponding number of people from each nation?,"SELECT Nationality ,  COUNT(*) FROM people GROUP BY Nationality","SELECT nationality, COUNT(*) FROM people GROUP BY nationality"
poker_player,How many people are there of each nationality?,"SELECT Nationality ,  COUNT(*) FROM people GROUP BY Nationality","SELECT nationality, COUNT(*) FROM people GROUP BY nationality"
poker_player,What is the most common nationality of people?,SELECT Nationality FROM people GROUP BY Nationality ORDER BY COUNT(*) DESC LIMIT 1,SELECT nationality FROM people GROUP BY nationality ORDER BY COUNT(nationality) DESC LIMIT 1
poker_player,Give the nationality that is most common across all people.,SELECT Nationality FROM people GROUP BY Nationality ORDER BY COUNT(*) DESC LIMIT 1,SELECT nationality FROM people GROUP BY nationality ORDER BY COUNT(nationality) DESC LIMIT 1
poker_player,What are the nationalities that are shared by at least two people?,SELECT Nationality FROM people GROUP BY Nationality HAVING COUNT(*)  >=  2,SELECT nationality FROM people GROUP BY nationality HAVING COUNT(id) > 1
poker_player,Return the nationalities for which there are two or more people.,SELECT Nationality FROM people GROUP BY Nationality HAVING COUNT(*)  >=  2,SELECT nationality FROM people GROUP BY nationality HAVING COUNT(*) >= 2
poker_player,List the names and birth dates of people in ascending alphabetical order of name.,"SELECT Name ,  Birth_Date FROM people ORDER BY Name ASC","SELECT name, birth_date FROM people ORDER BY name ASC"
poker_player,"What are the names and birth dates of people, ordered by their names in alphabetical order?","SELECT Name ,  Birth_Date FROM people ORDER BY Name ASC","SELECT name, birth_date FROM people ORDER BY name ASC"
poker_player,"Show names of people whose nationality is not ""Russia"".","SELECT Name FROM people WHERE Nationality != ""Russia""",SELECT name FROM people WHERE nationality != 'Russia'
poker_player,What are the names of people who are not from Russia?,"SELECT Name FROM people WHERE Nationality != ""Russia""",SELECT name FROM people WHERE country != 'Russia'
poker_player,List the names of people that are not poker players.,SELECT Name FROM people WHERE People_ID NOT IN (SELECT People_ID FROM poker_player),SELECT name FROM people WHERE name NOT IN (SELECT name FROM poker_players)
poker_player,What are the names of people who do not play poker?,SELECT Name FROM people WHERE People_ID NOT IN (SELECT People_ID FROM poker_player),SELECT name FROM people WHERE name NOT IN (SELECT name FROM people WHERE game = 'poker')
poker_player,How many distinct nationalities are there?,SELECT count(DISTINCT Nationality) FROM people,SELECT COUNT(DISTINCT nationality) FROM users
poker_player,Count the number of different nationalities.,SELECT count(DISTINCT Nationality) FROM people,SELECT COUNT(DISTINCT nationality) FROM users
voter_1,How many states are there?,SELECT count(*) FROM area_code_state,SELECT COUNT(*) FROM states
voter_1,"List the contestant numbers and names, ordered by contestant name descending.","SELECT contestant_number ,  contestant_name FROM contestants ORDER BY contestant_name DESC","SELECT contestant_number, contestant_name FROM contestants ORDER BY contestant_name DESC;"
voter_1,"List the vote ids, phone numbers and states of all votes.","SELECT vote_id ,  phone_number ,  state FROM votes","SELECT vote_id, phone_number, state FROM votes"
voter_1,What are the maximum and minimum values of area codes?,"SELECT max(area_code) ,  min(area_code) FROM area_code_state","SELECT MAX(area_code) AS max_area_code, MIN(area_code) AS min_area_code FROM phone_numbers"
voter_1,What is last date created of votes from the state 'CA'?,SELECT max(created) FROM votes WHERE state  =  'CA',SELECT MAX(date_created) FROM votes WHERE state = 'CA'
voter_1,What are the names of the contestants whose names are not 'Jessie Alloway',SELECT contestant_name FROM contestants WHERE contestant_name != 'Jessie Alloway',SELECT name FROM contestants WHERE name != 'Jessie Alloway'
voter_1,What are the distinct states and create time of all votes?,"SELECT DISTINCT state ,  created FROM votes","SELECT DISTINCT state, create_time FROM votes"
voter_1,What are the contestant numbers and names of the contestants who had at least two votes?,"SELECT T1.contestant_number , T1.contestant_name FROM contestants AS T1 JOIN votes AS T2 ON T1.contestant_number  =  T2.contestant_number GROUP BY T1.contestant_number HAVING count(*)  >=  2","SELECT contestant_number, contestant_name FROM contestants WHERE contestant_number IN (SELECT contestant_number FROM votes GROUP BY contestant_number HAVING COUNT(vote_id) >= 2)"
voter_1,"Of all the contestants who got voted, what is the contestant number and name of the contestant who got least votes?","SELECT T1.contestant_number , T1.contestant_name FROM contestants AS T1 JOIN votes AS T2 ON T1.contestant_number  =  T2.contestant_number GROUP BY T1.contestant_number ORDER BY count(*) ASC LIMIT 1","SELECT contestant_number, contestant_name FROM contestants WHERE votes_received = (SELECT MIN(votes_received) FROM contestants WHERE votes_received > 0)"
voter_1,What are the number of votes from state 'NY' or 'CA'?,SELECT count(*) FROM votes WHERE state  =  'NY' OR state  =  'CA',SELECT COUNT(votes) FROM votes_table WHERE state = 'NY' OR state = 'CA'
voter_1,How many contestants did not get voted?,SELECT count(*) FROM contestants WHERE contestant_number NOT IN ( SELECT contestant_number FROM votes ),SELECT COUNT(*) FROM contestants WHERE id NOT IN (SELECT contestant_id FROM votes)
voter_1,What is the area code in which the most voters voted?,SELECT T1.area_code FROM area_code_state AS T1 JOIN votes AS T2 ON T1.state  =  T2.state GROUP BY T1.area_code ORDER BY count(*) DESC LIMIT 1,SELECT area_code FROM voters GROUP BY area_code ORDER BY COUNT(*) DESC LIMIT 1
voter_1,"What are the create dates, states, and phone numbers of the votes that were for the contestant named 'Tabatha Gehling'?","SELECT T2.created ,  T2.state ,  T2.phone_number FROM contestants AS T1 JOIN votes AS T2 ON T1.contestant_number  =  T2.contestant_number WHERE T1.contestant_name  =  'Tabatha Gehling'","SELECT v.create_date, v.state, v.phone_number FROM votes v INNER JOIN contestants c ON v.contestant_id = c.id WHERE c.name = 'Tabatha Gehling'"
voter_1,List the area codes in which voters voted both for the contestant 'Tabatha Gehling' and the contestant 'Kelly Clauss'.,SELECT T3.area_code FROM contestants AS T1 JOIN votes AS T2 ON T1.contestant_number  =  T2.contestant_number JOIN area_code_state AS T3 ON T2.state  =  T3.state WHERE T1.contestant_name  =  'Tabatha Gehling' INTERSECT SELECT T3.area_code FROM contestants AS T1 JOIN votes AS T2 ON T1.contestant_number  =  T2.contestant_number JOIN area_code_state AS T3 ON T2.state  =  T3.state WHERE T1.contestant_name  =  'Kelly Clauss',SELECT area_code FROM votes WHERE contestant = 'Tabatha Gehling' INTERSECT SELECT area_code FROM votes WHERE contestant = 'Kelly Clauss'
voter_1,Return the names of the contestants whose names contain the substring 'Al' .,"select contestant_name from contestants where contestant_name like ""%al%""",SELECT name FROM contestants WHERE name LIKE '%Al%'
world_1,What are the names of all the countries that became independent after 1950?,SELECT Name FROM country WHERE IndepYear  >  1950,SELECT name FROM countries WHERE year_of_independence > 1950
world_1,Give the names of the nations that were founded after 1950.,SELECT Name FROM country WHERE IndepYear  >  1950,SELECT name FROM nations WHERE founded > 1950
world_1,How many countries have a republic as their form of government?,"SELECT count(*) FROM country WHERE GovernmentForm  =  ""Republic""",SELECT COUNT(country) FROM countries WHERE government_form = 'republic'
world_1,How many countries have governments that are republics?,"SELECT count(*) FROM country WHERE GovernmentForm  =  ""Republic""",SELECT COUNT(country) FROM governments WHERE government_type = 'republic'
world_1,What is the total surface area of the countries in the Caribbean region?,"SELECT sum(SurfaceArea) FROM country WHERE Region  =  ""Caribbean""",SELECT SUM(surface_area) FROM countries WHERE region = 'Caribbean'
world_1,How much surface area do the countires in the Carribean cover together?,"SELECT sum(SurfaceArea) FROM country WHERE Region  =  ""Caribbean""",SELECT SUM(surface_area) FROM countries WHERE region = 'Caribbean'
world_1,Which continent is Anguilla in?,"SELECT Continent FROM country WHERE Name  =  ""Anguilla""",SELECT continent FROM countries WHERE country = 'Anguilla'
world_1,What is the continent name which Anguilla belongs to?,"SELECT Continent FROM country WHERE Name  =  ""Anguilla""",SELECT T1.continent_name FROM continent AS T1 INNER JOIN country AS T2 ON T1.continent_code = T2.continent_code INNER JOIN city AS T3 ON T2.code = T3.country_code INNER JOIN country_language AS T4 ON T2.code = T4.country_code WHERE T3.name = 'Anguilla'
world_1,Which region is the city Kabul located in?,"SELECT Region FROM country AS T1 JOIN city AS T2 ON T1.Code  =  T2.CountryCode WHERE T2.Name  =  ""Kabul""",SELECT region FROM cities WHERE city = 'Kabul'
world_1,What region is Kabul in?,"SELECT Region FROM country AS T1 JOIN city AS T2 ON T1.Code  =  T2.CountryCode WHERE T2.Name  =  ""Kabul""",SELECT region FROM cities WHERE city = 'Kabul'
world_1,Which language is the most popular in Aruba?,"SELECT T2.Language FROM country AS T1 JOIN countrylanguage AS T2 ON T1.Code  =  T2.CountryCode WHERE T1.Name  =  ""Aruba"" ORDER BY Percentage DESC LIMIT 1",SELECT language FROM country_languages WHERE country = 'Aruba' ORDER BY percentage DESC LIMIT 1
world_1,What language is predominantly spoken in Aruba?,"SELECT T2.Language FROM country AS T1 JOIN countrylanguage AS T2 ON T1.Code  =  T2.CountryCode WHERE T1.Name  =  ""Aruba"" ORDER BY Percentage DESC LIMIT 1",SELECT language FROM countries WHERE country = 'Aruba'
world_1,What are the population and life expectancies in Brazil?,"SELECT Population ,  LifeExpectancy FROM country WHERE Name  =  ""Brazil""","SELECT population, life_expectancy FROM countries WHERE name = 'Brazil'"
world_1,Give me Brazil’s population and life expectancies.,"SELECT Population ,  LifeExpectancy FROM country WHERE Name  =  ""Brazil""","SELECT population, life_expectancy FROM countries WHERE name = 'Brazil'"
world_1,What are the region and population of Angola?,"SELECT Population ,  Region FROM country WHERE Name  =  ""Angola""","SELECT region, population FROM countries WHERE name = 'Angola'"
world_1,What region does Angola belong to and what is its population?,"SELECT Population ,  Region FROM country WHERE Name  =  ""Angola""","SELECT region, population FROM countries WHERE country = 'Angola'"
world_1,What is the average expected life expectancy for countries in the region of Central Africa?,"SELECT avg(LifeExpectancy) FROM country WHERE Region  =  ""Central Africa""",SELECT AVG(expected_life_expectancy) FROM countries WHERE region = 'Central Africa'
world_1,How long is the people’s average life expectancy in Central Africa?,"SELECT avg(LifeExpectancy) FROM country WHERE Region  =  ""Central Africa""",SELECT AVG(LifeExpectancy) FROM People WHERE Region = 'Central Africa'
world_1,What is the name of country that has the shortest life expectancy in Asia?,"SELECT Name FROM country WHERE Continent  =  ""Asia"" ORDER BY LifeExpectancy LIMIT 1",SELECT country FROM countries WHERE region = 'Asia' ORDER BY life_expectancy ASC LIMIT 1
world_1,Give the name of the country in Asia with the lowest life expectancy.,"SELECT Name FROM country WHERE Continent  =  ""Asia"" ORDER BY LifeExpectancy LIMIT 1",SELECT country_name FROM countries WHERE continent = 'Asia' AND life_expectancy = (SELECT MIN(life_expectancy) FROM countries WHERE continent = 'Asia')
world_1,What is the total population and maximum GNP in Asia?,"SELECT sum(Population) ,  max(GNP) FROM country WHERE Continent  =  ""Asia""","SELECT SUM(population), MAX(GNP) FROM country WHERE continent = 'Asia'"
world_1,"How many people live in Asia, and what is the largest GNP among them?","SELECT sum(Population) ,  max(GNP) FROM country WHERE Continent  =  ""Asia""","SELECT COUNT(country_name), MAX(GNP) FROM country WHERE continent = 'Asia'"
world_1,What is the average life expectancy in African countries that are republics?,"SELECT avg(LifeExpectancy) FROM country WHERE Continent  =  ""Africa"" AND GovernmentForm  =  ""Republic""",SELECT AVG(LifeExpectancy) FROM Country WHERE Continent = 'Africa' AND GovernmentForm = 'Republic'
world_1,Give the average life expectancy for countries in Africa which are republics?,"SELECT avg(LifeExpectancy) FROM country WHERE Continent  =  ""Africa"" AND GovernmentForm  =  ""Republic""",SELECT AVG(LifeExpectancy) FROM Country WHERE Continent = 'Africa' AND GovernmentForm = 'Republic'
world_1,What is the total surface area of the continents Asia and Europe?,"SELECT sum(SurfaceArea) FROM country WHERE Continent  =  ""Asia"" OR Continent  =  ""Europe""","SELECT SUM(surface_area) FROM continents WHERE name IN ('Asia', 'Europe')"
world_1,Give the total surface area covered by countries in Asia or Europe.,"SELECT sum(SurfaceArea) FROM country WHERE Continent  =  ""Asia"" OR Continent  =  ""Europe""","SELECT SUM(SurfaceArea) FROM Country WHERE Continent IN ('Asia', 'Europe')"
world_1,How many people live in Gelderland district?,"SELECT sum(Population) FROM city WHERE District  =  ""Gelderland""",SELECT COUNT(*) FROM people WHERE district = 'Gelderland'
world_1,What is the total population of Gelderland district?,"SELECT sum(Population) FROM city WHERE District  =  ""Gelderland""",SELECT SUM(population) FROM cities WHERE district = 'Gelderland'
world_1,What is the average GNP and total population in all nations whose government is US territory?,"SELECT avg(GNP) ,  sum(population) FROM country WHERE GovernmentForm  =  ""US Territory""","SELECT AVG(GNP), SUM(Population) FROM Nation WHERE GovernmentForm = 'US Territory'"
world_1,Give the mean GNP and total population of nations which are considered US territory.,"SELECT avg(GNP) ,  sum(population) FROM country WHERE GovernmentForm  =  ""US Territory""","SELECT AVG(GNP), SUM(Population) FROM Nation WHERE IsUS = 'TRUE'"
world_1,How many unique languages are spoken in the world?,SELECT count(DISTINCT LANGUAGE) FROM countrylanguage,SELECT COUNT(DISTINCT language) FROM countries
world_1,What is the number of distinct languages used around the world?,SELECT count(DISTINCT LANGUAGE) FROM countrylanguage,SELECT COUNT(DISTINCT language) FROM countries
world_1,How many type of governments are in Africa?,"SELECT count(DISTINCT GovernmentForm) FROM country WHERE Continent  =  ""Africa""",SELECT COUNT(DISTINCT government_type) FROM countries WHERE continent = 'Africa'
world_1,How many different forms of governments are there in Africa?,"SELECT count(DISTINCT GovernmentForm) FROM country WHERE Continent  =  ""Africa""",SELECT COUNT(DISTINCT government_form) FROM countries WHERE continent = 'Africa'
world_1,What is the total number of languages used in Aruba?,"SELECT COUNT(T2.Language) FROM country AS T1 JOIN countrylanguage AS T2 ON T1.Code  =  T2.CountryCode WHERE T1.Name  =  ""Aruba""",SELECT COUNT(language) FROM country_language WHERE country = 'Aruba'
world_1,How many languages are spoken in Aruba?,"SELECT COUNT(T2.Language) FROM country AS T1 JOIN countrylanguage AS T2 ON T1.Code  =  T2.CountryCode WHERE T1.Name  =  ""Aruba""",SELECT COUNT(language) FROM countries WHERE country = 'Aruba'
world_1,How many official languages does Afghanistan have?,"SELECT COUNT(*) FROM country AS T1 JOIN countrylanguage AS T2 ON T1.Code  =  T2.CountryCode WHERE T1.Name  =  ""Afghanistan"" AND IsOfficial  =  ""T""",SELECT COUNT(country_code) FROM countrylanguage WHERE country_code = 'AFG' AND isofficial = 'T'
world_1,How many official languages are spoken in Afghanistan?,"SELECT COUNT(*) FROM country AS T1 JOIN countrylanguage AS T2 ON T1.Code  =  T2.CountryCode WHERE T1.Name  =  ""Afghanistan"" AND IsOfficial  =  ""T""",SELECT COUNT(language) FROM country_language WHERE country='Afghanistan' AND is_official='T'
world_1,What is name of the country that speaks the largest number of languages?,SELECT T1.Name FROM country AS T1 JOIN countrylanguage AS T2 ON T1.Code  =  T2.CountryCode GROUP BY T1.Name ORDER BY COUNT(*) DESC LIMIT 1,SELECT T1.name FROM country AS T1 INNER JOIN countrylanguage AS T2 ON T1.code = T2.countrycode GROUP BY T1.name ORDER BY COUNT(T2.language) DESC LIMIT 1
world_1,Give the name of the nation that uses the greatest amount of languages.,SELECT T1.Name FROM country AS T1 JOIN countrylanguage AS T2 ON T1.Code  =  T2.CountryCode GROUP BY T1.Name ORDER BY COUNT(*) DESC LIMIT 1,SELECT nation FROM languages GROUP BY nation ORDER BY COUNT(language) DESC LIMIT 1
world_1,Which continent has the most diverse languages?,SELECT T1.Continent FROM country AS T1 JOIN countrylanguage AS T2 ON T1.Code  =  T2.CountryCode GROUP BY T1.Continent ORDER BY COUNT(*) DESC LIMIT 1,SELECT continent FROM countries GROUP BY continent ORDER BY COUNT(DISTINCT language) DESC LIMIT 1
world_1,Which continent speaks the most languages?,SELECT T1.Continent FROM country AS T1 JOIN countrylanguage AS T2 ON T1.Code  =  T2.CountryCode GROUP BY T1.Continent ORDER BY COUNT(*) DESC LIMIT 1,SELECT continent FROM countries GROUP BY continent ORDER BY COUNT(language) DESC LIMIT 1
world_1,How many countries speak both English and Dutch?,"SELECT COUNT(*) FROM (SELECT T1.Name FROM country AS T1 JOIN countrylanguage AS T2 ON T1.Code  =  T2.CountryCode WHERE T2.Language  =  ""English"" INTERSECT SELECT T1.Name FROM country AS T1 JOIN countrylanguage AS T2 ON T1.Code  =  T2.CountryCode WHERE T2.Language  =  ""Dutch"")",SELECT COUNT(DISTINCT c1.country) FROM countries c1 INNER JOIN languages l1 ON c1.id = l1.country_id INNER JOIN languages l2 ON c1.id = l2.country_id WHERE l1.language = 'English' AND l2.language = 'Dutch'
world_1,What is the number of nations that use English and Dutch?,"SELECT COUNT(*) FROM (SELECT T1.Name FROM country AS T1 JOIN countrylanguage AS T2 ON T1.Code  =  T2.CountryCode WHERE T2.Language  =  ""English"" INTERSECT SELECT T1.Name FROM country AS T1 JOIN countrylanguage AS T2 ON T1.Code  =  T2.CountryCode WHERE T2.Language  =  ""Dutch"")",SELECT COUNT(*) FROM nation WHERE language = 'English' AND language = 'Dutch'
world_1,What are the names of nations speak both English and French?,"SELECT T1.Name FROM country AS T1 JOIN countrylanguage AS T2 ON T1.Code  =  T2.CountryCode WHERE T2.Language  =  ""English"" INTERSECT SELECT T1.Name FROM country AS T1 JOIN countrylanguage AS T2 ON T1.Code  =  T2.CountryCode WHERE T2.Language  =  ""French""",SELECT T1.name FROM nation AS T1 INNER JOIN speaks AS T2 ON T1.code = T2.nation_code WHERE T2.language = 'English' AND T1.code IN (SELECT T1.code FROM nation AS T1 INNER JOIN speaks AS T2 ON T1.code = T2.nation_code WHERE T2.language = 'French')
world_1,Give the names of nations that speak both English and French.,"SELECT T1.Name FROM country AS T1 JOIN countrylanguage AS T2 ON T1.Code  =  T2.CountryCode WHERE T2.Language  =  ""English"" INTERSECT SELECT T1.Name FROM country AS T1 JOIN countrylanguage AS T2 ON T1.Code  =  T2.CountryCode WHERE T2.Language  =  ""French""",SELECT T1.name FROM nation AS T1 INNER JOIN speaks AS T2 ON T1.code = T2.nation_code INNER JOIN language AS T3 ON T2.language = T3.code WHERE T3.name = 'English' AND T1.code IN (SELECT T1.code FROM nation AS T1 INNER JOIN speaks AS T2 ON T1.code = T2.nation_code INNER JOIN language AS T3 ON T2.language = T3.code WHERE T3.name = 'French')
world_1,What are the names of nations where both English and French are official languages?,"SELECT T1.Name FROM country AS T1 JOIN countrylanguage AS T2 ON T1.Code  =  T2.CountryCode WHERE T2.Language  =  ""English"" AND T2.IsOfficial  =  ""T"" INTERSECT SELECT T1.Name FROM country AS T1 JOIN countrylanguage AS T2 ON T1.Code  =  T2.CountryCode WHERE T2.Language  =  ""French"" AND T2.IsOfficial  =  ""T""",SELECT name FROM nation WHERE code IN (SELECT nation_code FROM language WHERE language = 'English' AND is_official = 'T') AND code IN (SELECT nation_code FROM language WHERE language = 'French' AND is_official = 'T')
world_1,Give the names of countries with English and French as official languages.,"SELECT T1.Name FROM country AS T1 JOIN countrylanguage AS T2 ON T1.Code  =  T2.CountryCode WHERE T2.Language  =  ""English"" AND T2.IsOfficial  =  ""T"" INTERSECT SELECT T1.Name FROM country AS T1 JOIN countrylanguage AS T2 ON T1.Code  =  T2.CountryCode WHERE T2.Language  =  ""French"" AND T2.IsOfficial  =  ""T""",SELECT name FROM countries WHERE official_languages LIKE '%English%' AND official_languages LIKE '%French%'
world_1,What is the number of distinct continents where Chinese is spoken?,"SELECT COUNT( DISTINCT Continent) FROM country AS T1 JOIN countrylanguage AS T2 ON T1.Code  =  T2.CountryCode WHERE T2.Language  =  ""Chinese""",SELECT COUNT(DISTINCT continent) FROM countries WHERE language = 'Chinese'
world_1,How many continents speak Chinese?,"SELECT COUNT( DISTINCT Continent) FROM country AS T1 JOIN countrylanguage AS T2 ON T1.Code  =  T2.CountryCode WHERE T2.Language  =  ""Chinese""",SELECT COUNT(DISTINCT continent) FROM countries WHERE language = 'Chinese'
world_1,What are the regions that use English or Dutch?,"SELECT DISTINCT T1.Region FROM country AS T1 JOIN countrylanguage AS T2 ON T1.Code  =  T2.CountryCode WHERE T2.Language  =  ""English"" OR T2.Language  =  ""Dutch""",SELECT region FROM countries WHERE language = 'English' OR language = 'Dutch'
world_1,Which regions speak Dutch or English?,"SELECT DISTINCT T1.Region FROM country AS T1 JOIN countrylanguage AS T2 ON T1.Code  =  T2.CountryCode WHERE T2.Language  =  ""English"" OR T2.Language  =  ""Dutch""",SELECT region FROM countries WHERE language = 'Dutch' OR language = 'English'
world_1,What are the countries where either English or Dutch is the official language ?,"select t1.name from country as t1 join countrylanguage as t2 on t1.code  =  t2.countrycode where t2.language  =  ""english"" and isofficial  =  ""t"" union select t1.name from country as t1 join countrylanguage as t2 on t1.code  =  t2.countrycode where t2.language  =  ""dutch"" and isofficial  =  ""t""",SELECT country FROM countries WHERE official_language = 'English' OR official_language = 'Dutch'
world_1,Which countries have either English or Dutch as an official language?,"SELECT * FROM country AS T1 JOIN countrylanguage AS T2 ON T1.Code  =  T2.CountryCode WHERE T2.Language  =  ""English"" AND IsOfficial  =  ""T"" UNION SELECT * FROM country AS T1 JOIN countrylanguage AS T2 ON T1.Code  =  T2.CountryCode WHERE T2.Language  =  ""Dutch"" AND IsOfficial  =  ""T""",SELECT country FROM countries WHERE official_language = 'English' OR official_language = 'Dutch'
world_1,Which language is the most popular on the Asian continent?,"SELECT T2.Language FROM country AS T1 JOIN countrylanguage AS T2 ON T1.Code  =  T2.CountryCode WHERE T1.Continent  =  ""Asia"" GROUP BY T2.Language ORDER BY COUNT (*) DESC LIMIT 1",SELECT language FROM countries WHERE continent = 'Asia' GROUP BY language ORDER BY COUNT(language) DESC LIMIT 1
world_1,What is the language that is used by the largest number of Asian nations?,"SELECT T2.Language FROM country AS T1 JOIN countrylanguage AS T2 ON T1.Code  =  T2.CountryCode WHERE T1.Continent  =  ""Asia"" GROUP BY T2.Language ORDER BY COUNT (*) DESC LIMIT 1",SELECT Language FROM Countries WHERE Continent = 'Asia' GROUP BY Language ORDER BY COUNT(Code) DESC LIMIT 1
world_1,Which languages are spoken by only one country in republic governments?,"SELECT T2.Language FROM country AS T1 JOIN countrylanguage AS T2 ON T1.Code  =  T2.CountryCode WHERE T1.GovernmentForm  =  ""Republic"" GROUP BY T2.Language HAVING COUNT(*)  =  1",SELECT T1.language FROM languages T1 INNER JOIN countries T2 ON T1.country_id = T2.id WHERE T2.government = 'republic' GROUP BY T1.language HAVING COUNT(T1.country_id) = 1
world_1,What languages are only used by a single country with a republic government?,"SELECT T2.Language FROM country AS T1 JOIN countrylanguage AS T2 ON T1.Code  =  T2.CountryCode WHERE T1.GovernmentForm  =  ""Republic"" GROUP BY T2.Language HAVING COUNT(*)  =  1",SELECT T1.language FROM countrylanguage AS T1 INNER JOIN country AS T2 ON T1.countrycode = T2.code WHERE T2.governmentform = 'Republic' AND T1.isofficial = 'T' GROUP BY T1.language HAVING COUNT(T1.countrycode) = 1
world_1,Find the city with the largest population that uses English.,"SELECT T1.Name ,  T1.Population FROM city AS T1 JOIN countrylanguage AS T2 ON T1.CountryCode  =  T2.CountryCode WHERE T2.Language  =  ""English"" ORDER BY T1.Population DESC LIMIT 1",SELECT city FROM cities WHERE language = 'English' ORDER BY population DESC LIMIT 1
world_1,What is the most populace city that speaks English?,"SELECT T1.Name ,  T1.Population FROM city AS T1 JOIN countrylanguage AS T2 ON T1.CountryCode  =  T2.CountryCode WHERE T2.Language  =  ""English"" ORDER BY T1.Population DESC LIMIT 1",SELECT city FROM countries WHERE language = 'English' ORDER BY population DESC LIMIT 1
world_1,"Find the name, population and expected life length of asian country with the largest area?","SELECT Name ,  Population ,  LifeExpectancy FROM country WHERE Continent  =  ""Asia"" ORDER BY SurfaceArea DESC LIMIT 1","SELECT name, population, life_expectancy FROM countries WHERE continent = 'Asia' AND area = (SELECT MAX(area) FROM countries WHERE continent = 'Asia')"
world_1,"What are the name, population, and life expectancy of the largest Asian country by land?","SELECT Name ,  Population ,  LifeExpectancy FROM country WHERE Continent  =  ""Asia"" ORDER BY SurfaceArea DESC LIMIT 1","SELECT name, population, life_expectancy FROM countries WHERE continent = 'Asia' ORDER BY land_area DESC LIMIT 1"
world_1,What is average life expectancy in the countries where English is not the official language?,"SELECT avg(LifeExpectancy) FROM country WHERE Name NOT IN (SELECT T1.Name FROM country AS T1 JOIN countrylanguage AS T2 ON T1.Code  =  T2.CountryCode WHERE T2.Language  =  ""English"" AND T2.IsOfficial  =  ""T"")",SELECT AVG(LifeExpectancy) FROM Country WHERE OfficialLanguage != 'English'
world_1,Give the mean life expectancy of countries in which English is not the official language.,"SELECT avg(LifeExpectancy) FROM country WHERE Name NOT IN (SELECT T1.Name FROM country AS T1 JOIN countrylanguage AS T2 ON T1.Code  =  T2.CountryCode WHERE T2.Language  =  ""English"" AND T2.IsOfficial  =  ""T"")",SELECT AVG(LifeExpectancy) FROM Country WHERE OfficialLanguage != 'English'
world_1,What is the total number of people living in the nations that do not use English?,"SELECT sum(Population) FROM country WHERE Name NOT IN (SELECT T1.Name FROM country AS T1 JOIN countrylanguage AS T2 ON T1.Code  =  T2.CountryCode WHERE T2.Language  =  ""English"")",SELECT SUM(T1.population) FROM nations AS T1 INNER JOIN languages AS T2 ON T1.code = T2.code WHERE T2.language != 'English'
world_1,How many people live in countries that do not speak English?,"SELECT sum(Population) FROM country WHERE Name NOT IN (SELECT T1.Name FROM country AS T1 JOIN countrylanguage AS T2 ON T1.Code  =  T2.CountryCode WHERE T2.Language  =  ""English"")",SELECT COUNT(*) FROM people WHERE country_id NOT IN (SELECT country_id FROM countries WHERE language = 'English')
world_1,What is the official language spoken in the country whose head of state is Beatrix?,"SELECT T2.Language FROM country AS T1 JOIN countrylanguage AS T2 ON T1.Code  =  T2.CountryCode WHERE T1.HeadOfState  =  ""Beatrix"" AND T2.IsOfficial  =  ""T""",SELECT T2.language FROM HeadsOfState T1 INNER JOIN CountryLanguage T2 ON T1.country = T2.country WHERE T1.headOfState = 'Beatrix' AND T2.isOfficial = 1
world_1,What is the official language used in the country the name of whose head of state is Beatrix.,"SELECT T2.Language FROM country AS T1 JOIN countrylanguage AS T2 ON T1.Code  =  T2.CountryCode WHERE T1.HeadOfState  =  ""Beatrix"" AND T2.IsOfficial  =  ""T""",SELECT T3.language FROM head_of_state AS T1 INNER JOIN country AS T2 ON T1.country_code = T2.code INNER JOIN country_language AS T3 ON T2.code = T3.country_code WHERE T1.name = 'Beatrix' AND T3.is_official = 'T'
world_1,What is the total number of unique official languages spoken in the countries that are founded before 1930?,"SELECT count(DISTINCT T2.Language) FROM country AS T1 JOIN countrylanguage AS T2 ON T1.Code  =  T2.CountryCode WHERE  IndepYear  <  1930 AND T2.IsOfficial  =  ""T""",SELECT COUNT(DISTINCT T2.official_language) FROM countries AS T1 INNER JOIN country_languages AS T2 ON T1.country_code = T2.country_code WHERE T1.founding_year < 1930
world_1,"For the countries founded before 1930, what is the total number of distinct official languages?","SELECT count(DISTINCT T2.Language) FROM country AS T1 JOIN countrylanguage AS T2 ON T1.Code  =  T2.CountryCode WHERE  IndepYear  <  1930 AND T2.IsOfficial  =  ""T""",SELECT COUNT(DISTINCT T2.language) FROM countries AS T1 INNER JOIN country_languages AS T2 ON T1.country_code = T2.country_code WHERE T1.founded < 1930
world_1,What are the countries that have greater surface area than any country in Europe?,"SELECT Name FROM country WHERE SurfaceArea  >  (SELECT min(SurfaceArea) FROM country WHERE Continent  =  ""Europe"")",SELECT name FROM countries WHERE continent != 'Europe' AND surface_area > (SELECT MAX(surface_area) FROM countries WHERE continent = 'Europe')
world_1,Which countries have greater area than that of any country in Europe?,"SELECT Name FROM country WHERE SurfaceArea  >  (SELECT min(SurfaceArea) FROM country WHERE Continent  =  ""Europe"")",SELECT name FROM countries WHERE area > (SELECT MAX(area) FROM countries WHERE continent = 'Europe')
world_1,What are the African countries that have a  population less than any country in Asia?,"SELECT Name FROM country WHERE Continent  =  ""Africa""  AND population  <  (SELECT max(population) FROM country WHERE Continent  =  ""Asia"")",SELECT name FROM countries WHERE continent = 'Africa' AND population < (SELECT MIN(population) FROM countries WHERE continent = 'Asia')
world_1,Which African countries have a smaller population than that of any country in Asia?,"SELECT Name FROM country WHERE Continent  =  ""Africa""  AND population  <  (SELECT min(population) FROM country WHERE Continent  =  ""Asia"")",SELECT name FROM countries WHERE continent = 'Africa' AND population < (SELECT MIN(population) FROM countries WHERE continent = 'Asia')
world_1,Which Asian countries have a population that is larger than any country in Africa?,"SELECT Name FROM country WHERE Continent  =  ""Asia""  AND population  >  (SELECT max(population) FROM country WHERE Continent  =  ""Africa"")",SELECT name FROM countries WHERE continent = 'Asia' AND population > (SELECT MAX(population) FROM countries WHERE continent = 'Africa')
world_1,What are the Asian countries which have a population larger than that of any country in Africa?,"SELECT Name FROM country WHERE Continent  =  ""Asia""  AND population  >  (SELECT min(population) FROM country WHERE Continent  =  ""Africa"")",SELECT name FROM countries WHERE continent = 'Asia' AND population > (SELECT MAX(population) FROM countries WHERE continent = 'Africa')
world_1,What are the country codes for countries that do not speak English?,"SELECT CountryCode FROM countrylanguage EXCEPT SELECT CountryCode FROM countrylanguage WHERE LANGUAGE  =  ""English""",SELECT code FROM country WHERE language != 'English'
world_1,Return the country codes for countries that do not speak English.,"SELECT CountryCode FROM countrylanguage EXCEPT SELECT CountryCode FROM countrylanguage WHERE LANGUAGE  =  ""English""",SELECT country_code FROM countries WHERE language != 'English'
world_1,What are the country codes of countries where people use languages other than English?,"SELECT DISTINCT CountryCode FROM countrylanguage WHERE LANGUAGE != ""English""",SELECT country_code FROM country_language WHERE language != 'English'
world_1,Give the country codes for countries in which people speak langauges that are not English.,"SELECT DISTINCT CountryCode FROM countrylanguage WHERE LANGUAGE != ""English""",SELECT country_code FROM country_language WHERE language != 'English'
world_1,What are the codes of the countries that do not speak English and whose government forms are not Republic?,"SELECT Code FROM country WHERE GovernmentForm != ""Republic"" EXCEPT SELECT CountryCode FROM countrylanguage WHERE LANGUAGE  =  ""English""",SELECT code FROM country WHERE governmentform != 'Republic' AND language != 'English'
world_1,Return the codes of countries that do not speak English and do not have Republics for governments.,"SELECT Code FROM country WHERE GovernmentForm != ""Republic"" EXCEPT SELECT CountryCode FROM countrylanguage WHERE LANGUAGE  =  ""English""",SELECT code FROM country WHERE government != 'republic' AND language != 'English'
world_1,Which cities are in European countries where English is not the official language?,SELECT DISTINCT T2.Name FROM country AS T1 JOIN city AS T2 ON T2.CountryCode  =  T1.Code WHERE T1.Continent  =  'Europe' AND T1.Name NOT IN (SELECT T3.Name FROM country AS T3 JOIN countrylanguage AS T4 ON T3.Code  =  T4.CountryCode WHERE T4.IsOfficial  =  'T' AND T4.Language  =  'English'),SELECT city FROM cities WHERE country_id IN (SELECT id FROM countries WHERE language != 'English' AND continent = 'Europe')
world_1,What are the names of cities in Europe for which English is not the official language?,SELECT DISTINCT T2.Name FROM country AS T1 JOIN city AS T2 ON T2.CountryCode  =  T1.Code WHERE T1.Continent  =  'Europe' AND T1.Name NOT IN (SELECT T3.Name FROM country AS T3 JOIN countrylanguage AS T4 ON T3.Code  =  T4.CountryCode WHERE T4.IsOfficial  =  'T' AND T4.Language  =  'English'),SELECT city_name FROM cities WHERE continent = 'Europe' AND official_language != 'English'
world_1,Which unique cities are in Asian countries where Chinese is the official language ?,"select distinct t3.name from country as t1 join countrylanguage as t2 on t1.code  =  t2.countrycode join city as t3 on t1.code  =  t3.countrycode where t2.isofficial  =  't' and t2.language  =  'chinese' and t1.continent  =  ""asia""",SELECT DISTINCT city FROM cities WHERE country IN (SELECT name FROM countries WHERE official_language = 'Chinese' AND region = 'Asia')
world_1,Return the different names of cities that are in Asia and for which Chinese is the official language.,"SELECT DISTINCT T3.Name FROM country AS T1 JOIN countrylanguage AS T2 ON T1.Code  =  T2.CountryCode JOIN city AS T3 ON T1.Code  =  T3.CountryCode WHERE T2.IsOfficial  =  'T' AND T2.Language  =  'Chinese' AND T1.Continent  =  ""Asia""",SELECT DISTINCT city_name FROM cities WHERE continent = 'Asia' AND country_id IN (SELECT id FROM countries WHERE official_language = 'Chinese')
world_1,"What are the name, independence year, and surface area of the country with the smallest population?","SELECT Name ,  SurfaceArea ,  IndepYear FROM country ORDER BY Population LIMIT 1","SELECT name, indep_year, surface_area FROM country ORDER BY population ASC LIMIT 1"
world_1,"Give the name, year of independence, and surface area of the country that has the lowest population.","SELECT Name ,  SurfaceArea ,  IndepYear FROM country ORDER BY Population LIMIT 1","SELECT name, year_of_independence, surface_area FROM countries ORDER BY population ASC LIMIT 1"
world_1,"What are the population, name and leader of the country with the largest area?","SELECT Name ,  population ,  HeadOfState FROM country ORDER BY SurfaceArea DESC LIMIT 1","SELECT population, name, leader FROM country ORDER BY area DESC LIMIT 1"
world_1,"Give the name, population, and head of state for the country that has the largest area.","SELECT Name ,  population ,  HeadOfState FROM country ORDER BY SurfaceArea DESC LIMIT 1","SELECT name, population, head_of_state FROM country ORDER BY area DESC LIMIT 1"
world_1,Return the country name and the numbers of languages spoken for each country that speaks at least 3 languages.,"SELECT COUNT(T2.Language) ,  T1.Name FROM country AS T1 JOIN countrylanguage AS T2 ON T1.Code  =  T2.CountryCode GROUP BY T1.Name HAVING COUNT(*)  >  2","SELECT country_name, COUNT(language) FROM country_language GROUP BY country_name HAVING COUNT(language) >= 3"
world_1,"What are the names of countries that speak more than 2 languages, as well as how many languages they speak?","SELECT COUNT(T2.Language) ,  T1.Name FROM country AS T1 JOIN countrylanguage AS T2 ON T1.Code  =  T2.CountryCode GROUP BY T1.Name HAVING COUNT(*)  >  2","SELECT country_name, COUNT(language) FROM country_language GROUP BY country_name HAVING COUNT(language) > 2"
world_1,Find the number of cities in each district whose population is greater than the average population of cities?,"SELECT count(*) ,  District FROM city WHERE Population  >  (SELECT avg(Population) FROM city) GROUP BY District","SELECT district, COUNT(*) FROM cities WHERE population > (SELECT AVG(population) FROM cities) GROUP BY district"
world_1,How many cities in each district have a population that is above the average population across all cities?,"SELECT count(*) ,  District FROM city WHERE Population  >  (SELECT avg(Population) FROM city) GROUP BY District","SELECT district, COUNT(*) FROM cities WHERE population > (SELECT AVG(population) FROM cities) GROUP BY district"
world_1,Find the government form name and total population for each government form whose average life expectancy is longer than 72.,"SELECT sum(Population) ,  GovernmentForm FROM country GROUP BY GovernmentForm HAVING avg(LifeExpectancy)  >  72","SELECT government_form_name, SUM(population) FROM countries WHERE life_expectancy > 72 GROUP BY government_form_name"
world_1,What are the different government forms and what is the total population of each for government forms that have an average life expectancy greater than 72?,"SELECT sum(Population) ,  GovernmentForm FROM country GROUP BY GovernmentForm HAVING avg(LifeExpectancy)  >  72","SELECT GovernmentForm, SUM(Population) FROM Country WHERE GovernmentForm IN (SELECT GovernmentForm FROM Country GROUP BY GovernmentForm HAVING AVG(LifeExpectancy) > 72) GROUP BY GovernmentForm"
world_1,Find the average life expectancy and total population for each continent where the average life expectancy is shorter than 72?,"SELECT sum(Population) ,  avg(LifeExpectancy) ,  Continent FROM country GROUP BY Continent HAVING avg(LifeExpectancy)  <  72","SELECT continent, AVG(life_expectancy) AS avg_life_expectancy, SUM(population) AS total_population FROM your_table_name GROUP BY continent HAVING AVG(life_expectancy) < 72"
world_1,"What are the different continents and the total popuation and average life expectancy corresponding to each, for continents that have an average life expectancy less than 72?","SELECT sum(Population) ,  avg(LifeExpectancy) ,  Continent FROM country GROUP BY Continent HAVING avg(LifeExpectancy)  <  72","SELECT continent, SUM(population) AS total_population, AVG(life_expectancy) AS average_life_expectancy FROM countries GROUP BY continent HAVING AVG(life_expectancy) < 72"
world_1,What are the names and areas of countries with the top 5 largest area?,"SELECT Name ,  SurfaceArea FROM country ORDER BY SurfaceArea DESC LIMIT 5","SELECT name, area FROM countries ORDER BY area DESC LIMIT 5"
world_1,Return the names and surface areas of the 5 largest countries.,"SELECT Name ,  SurfaceArea FROM country ORDER BY SurfaceArea DESC LIMIT 5","SELECT name, surface_area FROM countries ORDER BY surface_area DESC LIMIT 5"
world_1,What are names of countries with the top 3 largest population?,SELECT Name FROM country ORDER BY Population DESC LIMIT 3,SELECT name FROM countries ORDER BY population DESC LIMIT 3
world_1,Return the names of the 3 most populated countries.,SELECT Name FROM country ORDER BY Population DESC LIMIT 3,SELECT name FROM countries ORDER BY population DESC LIMIT 3
world_1,What are the names of the nations with the 3 lowest populations?,SELECT Name FROM country ORDER BY Population ASC LIMIT 3,SELECT name FROM nation ORDER BY population ASC LIMIT 3
world_1,Return the names of the 3 countries with the fewest people.,SELECT Name FROM country ORDER BY Population ASC LIMIT 3,SELECT name FROM countries ORDER BY population ASC LIMIT 3
world_1,how many countries are in Asia?,"SELECT count(*) FROM country WHERE continent  =  ""Asia""",SELECT COUNT(*) FROM countries WHERE continent = 'Asia'
world_1,Count the number of countries in Asia.,"SELECT count(*) FROM country WHERE continent  =  ""Asia""",SELECT COUNT(*) FROM countries WHERE continent = 'Asia'
world_1,What are the names of the countries that are in the continent of Europe and have a population of 80000?,"SELECT Name FROM country WHERE continent  =  ""Europe"" AND Population  =  ""80000""",SELECT name FROM country WHERE continent = 'Europe' AND population = 80000
world_1,Give the names of countries that are in Europe and have a population equal to 80000.,"SELECT Name FROM country WHERE continent  =  ""Europe"" AND Population  =  ""80000""",SELECT name FROM countries WHERE continent = 'Europe' AND population = 80000
world_1,What is the total population and average area of countries in the continent of North America whose area is bigger than 3000 ?,"select sum(population) ,  avg(surfacearea) from country where continent  =  ""north america"" and surfacearea  >  3000","SELECT SUM(Population) AS TotalPopulation, AVG(Area) AS AverageArea FROM Country WHERE Continent = 'North America' AND Area > 3000"
world_1,Give the total population and average surface area corresponding to countries in North America that have a surface area greater than 3000 .,"select sum(population) ,  avg(surfacearea) from country where continent  =  ""north america"" and surfacearea  >  3000","SELECT SUM(Population) AS TotalPopulation, AVG(SurfaceArea) AS AverageSurfaceArea FROM Country WHERE Continent = 'North America' AND SurfaceArea > 3000"
world_1,What are the cities whose population is between 160000 and 900000?,SELECT name FROM city WHERE Population BETWEEN 160000 AND 900000,SELECT city FROM cities WHERE population BETWEEN 160000 AND 900000
world_1,Return the names of cities that have a population between 160000 and 900000 .,select name from city where population between 160000 and 900000,SELECT name FROM cities WHERE population BETWEEN 160000 AND 900000
world_1,Which language is spoken by the largest number of countries?,SELECT LANGUAGE FROM countrylanguage GROUP BY LANGUAGE ORDER BY count(*) DESC LIMIT 1,SELECT language FROM countries_languages GROUP BY language ORDER BY COUNT(country) DESC LIMIT 1
world_1,Give the language that is spoken in the most countries.,SELECT LANGUAGE FROM countrylanguage GROUP BY LANGUAGE ORDER BY count(*) DESC LIMIT 1,SELECT language FROM country_language GROUP BY language ORDER BY COUNT(country_code) DESC LIMIT 1
world_1,What is the language spoken by the largest percentage of people in each country?,"SELECT LANGUAGE ,  CountryCode ,  max(Percentage) FROM countrylanguage GROUP BY CountryCode","SELECT country, language, MAX(percentage) FROM country_language GROUP BY country"
world_1,"What are the country codes of the different countries, and what are the languages spoken by the greatest percentage of people for each?","SELECT LANGUAGE ,  CountryCode ,  max(Percentage) FROM countrylanguage GROUP BY CountryCode","SELECT country_code, language FROM country_language WHERE percentage = (SELECT MAX(percentage) FROM country_language)"
world_1,What is the total number of countries where Spanish is spoken by the largest percentage of people?,"SELECT count(*) ,   max(Percentage) FROM countrylanguage WHERE LANGUAGE  =  ""Spanish"" GROUP BY CountryCode",SELECT COUNT(*) FROM countries WHERE official_language = 'Spanish'
world_1,Count the number of countries for which Spanish is the predominantly spoken language.,"SELECT count(*) ,   max(Percentage) FROM countrylanguage WHERE LANGUAGE  =  ""Spanish"" GROUP BY CountryCode",SELECT COUNT(country) FROM countries WHERE predominantly_spoken_language = 'Spanish'
world_1,What are the codes of countries where Spanish is spoken by the largest percentage of people?,"SELECT CountryCode ,  max(Percentage) FROM countrylanguage WHERE LANGUAGE  =  ""Spanish"" GROUP BY CountryCode",SELECT code FROM countrylanguage WHERE language = 'Spanish' ORDER BY percentage DESC LIMIT 1
world_1,Return the codes of countries for which Spanish is the predominantly spoken language.,"SELECT CountryCode ,  max(Percentage) FROM countrylanguage WHERE LANGUAGE  =  ""Spanish"" GROUP BY CountryCode",SELECT code FROM countrylanguage WHERE language = 'Spanish' AND isofficial = 'T'
orchestra,How many conductors are there?,SELECT count(*) FROM conductor,SELECT COUNT(*) FROM conductors
orchestra,Count the number of conductors.,SELECT count(*) FROM conductor,SELECT COUNT(*) FROM conductors
orchestra,List the names of conductors in ascending order of age.,SELECT Name FROM conductor ORDER BY Age ASC,SELECT name FROM conductors ORDER BY age ASC
orchestra,"What are the names of conductors, ordered by age?",SELECT Name FROM conductor ORDER BY Age ASC,SELECT name FROM conductors ORDER BY age
orchestra,"What are the names of conductors whose nationalities are not ""USA""?",SELECT Name FROM conductor WHERE Nationality != 'USA',SELECT name FROM conductors WHERE nationality != 'USA'
orchestra,"Return the names of conductors that do not have the nationality ""USA"".",SELECT Name FROM conductor WHERE Nationality != 'USA',SELECT name FROM conductors WHERE nationality != 'USA'
orchestra,What are the record companies of orchestras in descending order of years in which they were founded?,SELECT Record_Company FROM orchestra ORDER BY Year_of_Founded DESC,SELECT T2.record_company FROM orchestras AS T1 INNER JOIN record_companies AS T2 ON T1.record_company_id = T2.id ORDER BY T2.founding_year DESC
orchestra,"Return the record companies of orchestras, sorted descending by the years in which they were founded.",SELECT Record_Company FROM orchestra ORDER BY Year_of_Founded DESC,SELECT record_company FROM orchestras ORDER BY founding_year DESC
orchestra,What is the average attendance of shows?,SELECT avg(Attendance) FROM SHOW,SELECT AVG(attendance) FROM shows
orchestra,Return the average attendance across all shows.,SELECT avg(Attendance) FROM SHOW,SELECT AVG(attendance) FROM shows
orchestra,"What are the maximum and minimum share of performances whose type is not ""Live final"".","SELECT max(SHARE) ,  min(SHARE) FROM performance WHERE TYPE != ""Live final""","SELECT MAX(share), MIN(share) FROM performances WHERE type != 'Live final'"
orchestra,"Return the maximum and minimum shares for performances that do not have the type ""Live final"".","SELECT max(SHARE) ,  min(SHARE) FROM performance WHERE TYPE != ""Live final""","SELECT MAX(shares), MIN(shares) FROM performances WHERE type != 'Live final'"
orchestra,How many different nationalities do conductors have?,SELECT count(DISTINCT Nationality) FROM conductor,SELECT COUNT(DISTINCT nationality) FROM conductors
orchestra,Count the number of different nationalities of conductors.,SELECT count(DISTINCT Nationality) FROM conductor,SELECT COUNT(DISTINCT nationality) FROM conductors
orchestra,List names of conductors in descending order of years of work.,SELECT Name FROM conductor ORDER BY Year_of_Work DESC,SELECT name FROM conductors ORDER BY years_of_work DESC
orchestra,"What are the names of conductors, sorted descending by the number of years they have worked?",SELECT Name FROM conductor ORDER BY Year_of_Work DESC,SELECT name FROM conductors ORDER BY years_worked DESC
orchestra,List the name of the conductor with the most years of work.,SELECT Name FROM conductor ORDER BY Year_of_Work DESC LIMIT 1,SELECT name FROM conductor ORDER BY years_of_work DESC LIMIT 1
orchestra,What is the name of the conductor who has worked the greatest number of years?,SELECT Name FROM conductor ORDER BY Year_of_Work DESC LIMIT 1,SELECT name FROM conductors ORDER BY years_worked DESC LIMIT 1
orchestra,Show the names of conductors and the orchestras they have conducted.,"SELECT T1.Name ,  T2.Orchestra FROM conductor AS T1 JOIN orchestra AS T2 ON T1.Conductor_ID  =  T2.Conductor_ID","SELECT T1.name, T2.name FROM conductors AS T1 INNER JOIN orchestras AS T2 ON T1.id = T2.conductor_id"
orchestra,What are the names of conductors as well as the corresonding orchestras that they have conducted?,"SELECT T1.Name ,  T2.Orchestra FROM conductor AS T1 JOIN orchestra AS T2 ON T1.Conductor_ID  =  T2.Conductor_ID","SELECT T1.name, T2.orchestra_name FROM conductors AS T1 INNER JOIN orchestras AS T2 ON T1.conductor_id = T2.conductor_id"
orchestra,Show the names of conductors that have conducted more than one orchestras.,SELECT T1.Name FROM conductor AS T1 JOIN orchestra AS T2 ON T1.Conductor_ID  =  T2.Conductor_ID GROUP BY T2.Conductor_ID HAVING COUNT(*)  >  1,SELECT T1.name FROM conductors AS T1 INNER JOIN orchestras_conducted AS T2 ON T1.id = T2.conductor_id GROUP BY T1.name HAVING COUNT(DISTINCT T2.orchestra_id) > 1
orchestra,What are the names of conductors who have conducted at more than one orchestra?,SELECT T1.Name FROM conductor AS T1 JOIN orchestra AS T2 ON T1.Conductor_ID  =  T2.Conductor_ID GROUP BY T2.Conductor_ID HAVING COUNT(*)  >  1,SELECT T1.name FROM conductors AS T1 INNER JOIN orchestras_conducted AS T2 ON T1.id = T2.conductor_id GROUP BY T1.name HAVING COUNT(DISTINCT T2.orchestra_id) > 1
orchestra,Show the name of the conductor that has conducted the most number of orchestras.,SELECT T1.Name FROM conductor AS T1 JOIN orchestra AS T2 ON T1.Conductor_ID  =  T2.Conductor_ID GROUP BY T2.Conductor_ID ORDER BY COUNT(*) DESC LIMIT 1,SELECT T1.name FROM conductors AS T1 INNER JOIN orchestras AS T2 ON T1.id = T2.conductor_id GROUP BY T1.name ORDER BY COUNT(T2.id) DESC LIMIT 1
orchestra,What is the name of the conductor who has conducted the most orchestras?,SELECT T1.Name FROM conductor AS T1 JOIN orchestra AS T2 ON T1.Conductor_ID  =  T2.Conductor_ID GROUP BY T2.Conductor_ID ORDER BY COUNT(*) DESC LIMIT 1,SELECT T1.name FROM conductors AS T1 INNER JOIN orchestras AS T2 ON T1.id = T2.conductor_id GROUP BY T1.name ORDER BY COUNT(T2.id) DESC LIMIT 1
orchestra,Please show the name of the conductor that has conducted orchestras founded after 2008.,SELECT T1.Name FROM conductor AS T1 JOIN orchestra AS T2 ON T1.Conductor_ID  =  T2.Conductor_ID WHERE Year_of_Founded  >  2008,SELECT T1.name FROM Conductor AS T1 INNER JOIN Conductor_Orchestra AS T2 ON T1.id = T2.conductor_id INNER JOIN Orchestra AS T3 ON T2.orchestra_id = T3.id WHERE T3.founding_year > 2008
orchestra,What are the names of conductors who have conducted orchestras founded after the year 2008?,SELECT T1.Name FROM conductor AS T1 JOIN orchestra AS T2 ON T1.Conductor_ID  =  T2.Conductor_ID WHERE Year_of_Founded  >  2008,SELECT T1.name FROM conductors AS T1 INNER JOIN orchestras AS T2 ON T1.orchestra_id = T2.id WHERE T2.founding_year > 2008
orchestra,Please show the different record companies and the corresponding number of orchestras.,"SELECT Record_Company ,  COUNT(*) FROM orchestra GROUP BY Record_Company","SELECT record_company, COUNT(orchestra) FROM orchestras GROUP BY record_company"
orchestra,How many orchestras does each record company manage?,"SELECT Record_Company ,  COUNT(*) FROM orchestra GROUP BY Record_Company","SELECT record_company, COUNT(orchestra) FROM orchestras GROUP BY record_company"
orchestra,Please show the record formats of orchestras in ascending order of count.,SELECT Major_Record_Format FROM orchestra GROUP BY Major_Record_Format ORDER BY COUNT(*) ASC,"SELECT record_format, COUNT(*) as count FROM orchestras GROUP BY record_format ORDER BY count ASC"
orchestra,"What are the major record formats of orchestras, sorted by their frequency?",SELECT Major_Record_Format FROM orchestra GROUP BY Major_Record_Format ORDER BY COUNT(*) ASC,"SELECT record_format, COUNT(*) as frequency FROM orchestras GROUP BY record_format ORDER BY frequency DESC;"
orchestra,List the record company shared by the most number of orchestras.,SELECT Record_Company FROM orchestra GROUP BY Record_Company ORDER BY COUNT(*) DESC LIMIT 1,SELECT record_company FROM orchestras GROUP BY record_company ORDER BY COUNT(*) DESC LIMIT 1
orchestra,What is the record company used by the greatest number of orchestras?,SELECT Record_Company FROM orchestra GROUP BY Record_Company ORDER BY COUNT(*) DESC LIMIT 1,SELECT record_company FROM orchestras GROUP BY record_company ORDER BY COUNT(*) DESC LIMIT 1
orchestra,List the names of orchestras that have no performance.,SELECT Orchestra FROM orchestra WHERE Orchestra_ID NOT IN (SELECT Orchestra_ID FROM performance),SELECT name FROM orchestras WHERE id NOT IN (SELECT orchestra_id FROM performances)
orchestra,What are the orchestras that do not have any performances?,SELECT Orchestra FROM orchestra WHERE Orchestra_ID NOT IN (SELECT Orchestra_ID FROM performance),SELECT name FROM orchestras WHERE id NOT IN (SELECT orchestra_id FROM performances)
orchestra,Show the record companies shared by orchestras founded before 2003 and after 2003.,SELECT Record_Company FROM orchestra WHERE Year_of_Founded  <  2003 INTERSECT SELECT Record_Company FROM orchestra WHERE Year_of_Founded  >  2003,SELECT record_company FROM orchestras WHERE founding_year < 2003 INTERSECT SELECT record_company FROM orchestras WHERE founding_year > 2003
orchestra,What are the record companies that are used by both orchestras founded before 2003 and those founded after 2003?,SELECT Record_Company FROM orchestra WHERE Year_of_Founded  <  2003 INTERSECT SELECT Record_Company FROM orchestra WHERE Year_of_Founded  >  2003,SELECT record_company FROM orchestras WHERE founding_year < 2003 INTERSECT SELECT record_company FROM orchestras WHERE founding_year > 2003
orchestra,"Find the number of orchestras whose record format is ""CD"" or ""DVD"".","SELECT COUNT(*) FROM orchestra WHERE Major_Record_Format  =  ""CD"" OR Major_Record_Format  =  ""DVD""",SELECT COUNT(*) FROM orchestras WHERE record_format = 'CD' OR record_format = 'DVD'
orchestra,Count the number of orchestras that have CD or DVD as their record format.,"SELECT COUNT(*) FROM orchestra WHERE Major_Record_Format  =  ""CD"" OR Major_Record_Format  =  ""DVD""","SELECT COUNT(*) FROM orchestras WHERE record_format IN ('CD', 'DVD')"
orchestra,Show the years in which orchestras that have given more than one performance are founded.,SELECT Year_of_Founded FROM orchestra AS T1 JOIN performance AS T2 ON T1.Orchestra_ID  =  T2.Orchestra_ID GROUP BY T2.Orchestra_ID HAVING COUNT(*)  >  1,SELECT T1.founded FROM orchestras AS T1 INNER JOIN performances AS T2 ON T1.name = T2.orchestra_name GROUP BY T1.founded HAVING COUNT(T2.orchestra_name) > 1
orchestra,What are years of founding for orchestras that have had more than a single performance?,SELECT Year_of_Founded FROM orchestra AS T1 JOIN performance AS T2 ON T1.Orchestra_ID  =  T2.Orchestra_ID GROUP BY T2.Orchestra_ID HAVING COUNT(*)  >  1,SELECT T1.year_founded FROM orchestras AS T1 INNER JOIN performances AS T2 ON T1.id = T2.orchestra_id GROUP BY T1.id HAVING COUNT(T2.id) > 1
network_1,How many high schoolers are there?,SELECT count(*) FROM Highschooler,SELECT COUNT(*) FROM students WHERE school_type = 'high_school'
network_1,Count the number of high schoolers.,SELECT count(*) FROM Highschooler,SELECT COUNT(*) FROM students WHERE school_type = 'high_school'
network_1,Show the names and grades of each high schooler.,"SELECT name ,  grade FROM Highschooler","SELECT name, grade FROM high_schoolers"
network_1,What are the names and grades for each high schooler?,"SELECT name ,  grade FROM Highschooler","SELECT name, grade FROM high_schoolers"
network_1,Show all the grades of the high schoolers.,SELECT grade FROM Highschooler,SELECT grade FROM high_schoolers
network_1,What is the grade of each high schooler?,SELECT grade FROM Highschooler,"SELECT name, grade FROM high_schoolers"
network_1,What grade is Kyle in?,"SELECT grade FROM Highschooler WHERE name  =  ""Kyle""",SELECT grade FROM students WHERE name = 'Kyle'
network_1,Return the grade for the high schooler named Kyle.,"SELECT grade FROM Highschooler WHERE name  =  ""Kyle""",SELECT grade FROM high_schoolers WHERE name = 'Kyle'
network_1,Show the names of all high schoolers in grade 10.,SELECT name FROM Highschooler WHERE grade  =  10,SELECT name FROM students WHERE grade = 10
network_1,What are the names of all high schoolers in grade 10?,SELECT name FROM Highschooler WHERE grade  =  10,SELECT name FROM students WHERE grade = 10
network_1,Show the ID of the high schooler named Kyle.,"SELECT ID FROM Highschooler WHERE name  =  ""Kyle""",SELECT id FROM high_schoolers WHERE name = 'Kyle'
network_1,What is Kyle's id?,"SELECT ID FROM Highschooler WHERE name  =  ""Kyle""",SELECT id FROM users WHERE name = 'Kyle'
network_1,How many high schoolers are there in grade 9 or 10?,SELECT count(*) FROM Highschooler WHERE grade  =  9 OR grade  =  10,"SELECT COUNT(*) FROM students WHERE grade IN (9, 10)"
network_1,Count the number of high schoolers in grades 9 or 10.,SELECT count(*) FROM Highschooler WHERE grade  =  9 OR grade  =  10,SELECT COUNT(*) FROM students WHERE grade = 9 OR grade = 10
network_1,Show the number of high schoolers for each grade.,"SELECT grade ,  count(*) FROM Highschooler GROUP BY grade","SELECT grade, COUNT(*) FROM high_schoolers GROUP BY grade"
network_1,How many high schoolers are in each grade?,"SELECT grade ,  count(*) FROM Highschooler GROUP BY grade","SELECT grade, COUNT(*) FROM high_schoolers GROUP BY grade"
network_1,Which grade has the most high schoolers?,SELECT grade FROM Highschooler GROUP BY grade ORDER BY count(*) DESC LIMIT 1,SELECT grade FROM high_schoolers GROUP BY grade ORDER BY COUNT(*) DESC LIMIT 1
network_1,Return the grade that has the greatest number of high schoolers.,SELECT grade FROM Highschooler GROUP BY grade ORDER BY count(*) DESC LIMIT 1,SELECT grade FROM high_schoolers GROUP BY grade ORDER BY COUNT(*) DESC LIMIT 1
network_1,Show me all grades that have at least 4 students.,SELECT grade FROM Highschooler GROUP BY grade HAVING count(*)  >=  4,SELECT grade FROM students GROUP BY grade HAVING COUNT(grade) >= 4
network_1,Which grades have 4 or more high schoolers?,SELECT grade FROM Highschooler GROUP BY grade HAVING count(*)  >=  4,SELECT grade FROM high_schoolers GROUP BY grade HAVING COUNT(*) >= 4
network_1,Show the student IDs and numbers of friends corresponding to each.,"SELECT student_id ,  count(*) FROM Friend GROUP BY student_id","SELECT student_id, COUNT(friend_id) FROM friendships GROUP BY student_id"
network_1,How many friends does each student have?,"SELECT student_id ,  count(*) FROM Friend GROUP BY student_id","SELECT student_id, COUNT(friend_id) FROM friendships GROUP BY student_id"
network_1,Show the names of high school students and their corresponding number of friends.,"SELECT T2.name ,  count(*) FROM Friend AS T1 JOIN Highschooler AS T2 ON T1.student_id  =  T2.id GROUP BY T1.student_id","SELECT name, COUNT(friend_id) FROM high_school_students GROUP BY name"
network_1,What are the names of the high schoolers and how many friends does each have?,"SELECT T2.name ,  count(*) FROM Friend AS T1 JOIN Highschooler AS T2 ON T1.student_id  =  T2.id GROUP BY T1.student_id","SELECT name, COUNT(friend_id) FROM high_schoolers GROUP BY name"
network_1,What is the name of the high schooler who has the greatest number of friends?,SELECT T2.name FROM Friend AS T1 JOIN Highschooler AS T2 ON T1.student_id  =  T2.id GROUP BY T1.student_id ORDER BY count(*) DESC LIMIT 1,SELECT name FROM high_schoolers ORDER BY number_of_friends DESC LIMIT 1
network_1,Return the name of the high school student with the most friends.,SELECT T2.name FROM Friend AS T1 JOIN Highschooler AS T2 ON T1.student_id  =  T2.id GROUP BY T1.student_id ORDER BY count(*) DESC LIMIT 1,SELECT name FROM high_school_students ORDER BY number_of_friends DESC LIMIT 1
network_1,Show the names of high schoolers who have at least 3 friends.,SELECT T2.name FROM Friend AS T1 JOIN Highschooler AS T2 ON T1.student_id  =  T2.id GROUP BY T1.student_id HAVING count(*)  >=  3,SELECT name FROM high_schoolers WHERE id IN (SELECT high_schooler_id FROM friendships GROUP BY high_schooler_id HAVING COUNT(friend_id) >= 3)
network_1,What are the names of high schoolers who have 3 or more friends?,SELECT T2.name FROM Friend AS T1 JOIN Highschooler AS T2 ON T1.student_id  =  T2.id GROUP BY T1.student_id HAVING count(*)  >=  3,SELECT name FROM high_schoolers WHERE id IN (SELECT high_schooler_id FROM friendships GROUP BY high_schooler_id HAVING COUNT(friend_id) >= 3)
network_1,Show the names of all of the high schooler Kyle's friends.,"SELECT T3.name FROM Friend AS T1 JOIN Highschooler AS T2 ON T1.student_id  =  T2.id JOIN Highschooler AS T3 ON T1.friend_id  =  T3.id WHERE T2.name  =  ""Kyle""",SELECT name FROM friends WHERE friend_of = 'Kyle' AND school = 'High School'
network_1,Return the names of friends of the high school student Kyle.,"SELECT T3.name FROM Friend AS T1 JOIN Highschooler AS T2 ON T1.student_id  =  T2.id JOIN Highschooler AS T3 ON T1.friend_id  =  T3.id WHERE T2.name  =  ""Kyle""",SELECT name FROM friends WHERE student_name = 'Kyle'
network_1,How many friends does the high school student Kyle have?,"SELECT count(*) FROM Friend AS T1 JOIN Highschooler AS T2 ON T1.student_id  =  T2.id WHERE T2.name  =  ""Kyle""",SELECT COUNT(*) FROM friends WHERE name = 'Kyle'
network_1,Count the number of friends Kyle has.,"SELECT count(*) FROM Friend AS T1 JOIN Highschooler AS T2 ON T1.student_id  =  T2.id WHERE T2.name  =  ""Kyle""",SELECT COUNT(*) FROM friends WHERE name = 'Kyle'
network_1,Show ids of all students who do not have any friends.,SELECT id FROM Highschooler EXCEPT SELECT student_id FROM Friend,SELECT id FROM students WHERE id NOT IN (SELECT student_id FROM friendships)
network_1,What are the ids of high school students who do not have friends?,SELECT id FROM Highschooler EXCEPT SELECT student_id FROM Friend,SELECT id FROM high_school_students WHERE id NOT IN (SELECT student_id FROM friendships)
network_1,Show names of all high school students who do not have any friends.,SELECT name FROM Highschooler EXCEPT SELECT T2.name FROM Friend AS T1 JOIN Highschooler AS T2 ON T1.student_id  =  T2.id,SELECT name FROM students WHERE id NOT IN (SELECT student_id FROM friendships) AND school = 'High School'
network_1,What are the names of students who have no friends?,SELECT name FROM Highschooler EXCEPT SELECT T2.name FROM Friend AS T1 JOIN Highschooler AS T2 ON T1.student_id  =  T2.id,SELECT name FROM students WHERE id NOT IN (SELECT student_id FROM friendships)
network_1,Show the ids of high schoolers who have friends and are also liked by someone else.,SELECT student_id FROM Friend INTERSECT SELECT liked_id FROM Likes,SELECT id FROM highschooler WHERE id IN (SELECT id1 FROM friend) AND id IN (SELECT id2 FROM likes)
network_1,What are the ids of students who both have friends and are liked?,SELECT student_id FROM Friend INTERSECT SELECT liked_id FROM Likes,SELECT id FROM students WHERE id IN (SELECT student_id FROM friends) AND id IN (SELECT liked_id FROM likes)
network_1,Show name of all students who have some friends and also are liked by someone else.,SELECT T2.name FROM Friend AS T1 JOIN Highschooler AS T2 ON T1.student_id  =  T2.id INTERSECT SELECT T2.name FROM Likes AS T1 JOIN Highschooler AS T2 ON T1.liked_id  =  T2.id,SELECT name FROM students WHERE id IN (SELECT student_id FROM friendships) AND id IN (SELECT liked_id FROM likes)
network_1,What are the names of high schoolers who both have friends and are liked?,SELECT T2.name FROM Friend AS T1 JOIN Highschooler AS T2 ON T1.student_id  =  T2.id INTERSECT SELECT T2.name FROM Likes AS T1 JOIN Highschooler AS T2 ON T1.liked_id  =  T2.id,SELECT name FROM highschooler WHERE name IN (SELECT name FROM likes WHERE name IN (SELECT name FROM friend))
network_1,Count the number of likes for each student id.,"SELECT student_id ,  count(*) FROM Likes GROUP BY student_id","SELECT student_id, COUNT(likes) FROM likes_table GROUP BY student_id"
network_1,How many likes correspond to each student id?,"SELECT student_id ,  count(*) FROM Likes GROUP BY student_id","SELECT student_id, COUNT(likes) FROM likes_table GROUP BY student_id"
network_1,"Show the names of high schoolers who have likes, and numbers of likes for each.","SELECT T2.name ,  count(*) FROM Likes AS T1 JOIN Highschooler AS T2 ON T1.student_id  =  T2.id GROUP BY T1.student_id","SELECT name, COUNT(like_id) FROM high_schoolers AS hs LEFT JOIN likes AS l ON hs.id = l.high_schooler_id GROUP BY hs.name HAVING COUNT(like_id) > 0"
network_1,"What are the names of high schoolers who have likes, and how many likes does each have?","SELECT T2.name ,  count(*) FROM Likes AS T1 JOIN Highschooler AS T2 ON T1.student_id  =  T2.id GROUP BY T1.student_id","SELECT name, COUNT(like_id) FROM high_schoolers WHERE like_id IS NOT NULL GROUP BY name"
network_1,What is the name of the high schooler who has the greatest number of likes?,SELECT T2.name FROM Likes AS T1 JOIN Highschooler AS T2 ON T1.student_id  =  T2.id GROUP BY T1.student_id ORDER BY count(*) DESC LIMIT 1,SELECT name FROM high_schoolers ORDER BY likes DESC LIMIT 1
network_1,Give the name of the student with the most likes.,SELECT T2.name FROM Likes AS T1 JOIN Highschooler AS T2 ON T1.student_id  =  T2.id GROUP BY T1.student_id ORDER BY count(*) DESC LIMIT 1,SELECT name FROM students ORDER BY likes DESC LIMIT 1
network_1,Show the names of students who have at least 2 likes.,SELECT T2.name FROM Likes AS T1 JOIN Highschooler AS T2 ON T1.student_id  =  T2.id GROUP BY T1.student_id HAVING count(*)  >=  2,SELECT name FROM students WHERE likes >= 2
network_1,What are the names of students who have 2 or more likes?,SELECT T2.name FROM Likes AS T1 JOIN Highschooler AS T2 ON T1.student_id  =  T2.id GROUP BY T1.student_id HAVING count(*)  >=  2,SELECT name FROM students WHERE likes >= 2
network_1,Show the names of students who have a grade higher than 5 and have at least 2 friends.,SELECT T2.name FROM Friend AS T1 JOIN Highschooler AS T2 ON T1.student_id  =  T2.id WHERE T2.grade  >  5 GROUP BY T1.student_id HAVING count(*)  >=  2,SELECT s.name FROM students s JOIN grades g ON s.id = g.student_id JOIN friendships f ON s.id = f.student_id WHERE g.grade > 5 GROUP BY s.name HAVING COUNT(f.friend_id) >= 2
network_1,What are the names of high schoolers who have a grade of over 5 and have 2 or more friends?,SELECT T2.name FROM Friend AS T1 JOIN Highschooler AS T2 ON T1.student_id  =  T2.id WHERE T2.grade  >  5 GROUP BY T1.student_id HAVING count(*)  >=  2,SELECT name FROM high_schoolers WHERE grade > 5 AND friends >= 2
network_1,How many likes does Kyle have?,"SELECT count(*) FROM Likes AS T1 JOIN Highschooler AS T2 ON T1.student_id  =  T2.id WHERE T2.name  =  ""Kyle""",SELECT COUNT(*) FROM likes WHERE username = 'Kyle'
network_1,Return the number of likes that the high schooler named Kyle has.,"SELECT count(*) FROM Likes AS T1 JOIN Highschooler AS T2 ON T1.student_id  =  T2.id WHERE T2.name  =  ""Kyle""",SELECT COUNT(T2.id) FROM highschooler AS T1 INNER JOIN likes AS T2 ON T1.id = T2.id1 WHERE T1.name = 'Kyle'
network_1,Find the average grade of all students who have some friends.,SELECT avg(grade) FROM Highschooler WHERE id IN (SELECT T1.student_id FROM Friend AS T1 JOIN Highschooler AS T2 ON T1.student_id  =  T2.id),SELECT AVG(T1.grade) FROM students AS T1 INNER JOIN friendships AS T2 ON T1.id = T2.student_id OR T1.id = T2.friend_id GROUP BY T1.id HAVING COUNT(T2.id) > 0
network_1,What is the average grade of students who have friends?,SELECT avg(grade) FROM Highschooler WHERE id IN (SELECT T1.student_id FROM Friend AS T1 JOIN Highschooler AS T2 ON T1.student_id  =  T2.id),SELECT AVG(T1.grade) FROM students T1 INNER JOIN friendships T2 ON T1.id = T2.student_id OR T1.id = T2.friend_id
network_1,Find the minimum grade of students who have no friends.,SELECT min(grade) FROM Highschooler WHERE id NOT IN (SELECT T1.student_id FROM Friend AS T1 JOIN Highschooler AS T2 ON T1.student_id  =  T2.id),SELECT MIN(grade) FROM students WHERE id NOT IN (SELECT student_id FROM friendships)
network_1,What is the lowest grade of students who do not have any friends?,SELECT min(grade) FROM Highschooler WHERE id NOT IN (SELECT T1.student_id FROM Friend AS T1 JOIN Highschooler AS T2 ON T1.student_id  =  T2.id),SELECT MIN(grade) FROM students WHERE id NOT IN (SELECT student_id FROM friendships)
dog_kennels,Which states have both owners and professionals living there?,SELECT state FROM Owners INTERSECT SELECT state FROM Professionals,SELECT state FROM owners INTERSECT SELECT state FROM professionals
dog_kennels,Find the states where both owners and professionals live.,SELECT state FROM Owners INTERSECT SELECT state FROM Professionals,SELECT state FROM owners INTERSECT SELECT state FROM professionals
dog_kennels,What is the average age of the dogs who have gone through any treatments?,SELECT avg(age) FROM Dogs WHERE dog_id IN ( SELECT dog_id FROM Treatments ),SELECT AVG(D.age) FROM Dogs D INNER JOIN Treatments T ON D.id = T.dog_id
dog_kennels,Find the average age of the dogs who went through treatments.,SELECT avg(age) FROM Dogs WHERE dog_id IN ( SELECT dog_id FROM Treatments ),SELECT AVG(D.age) FROM Dogs D INNER JOIN Treatments T ON D.id = T.dog_id
dog_kennels,"Which professionals live in the state of Indiana or have done treatment on more than 2 treatments? List his or her id, last name and cell phone.","SELECT professional_id ,  last_name ,  cell_number FROM Professionals WHERE state  =  'Indiana' UNION SELECT T1.professional_id ,  T1.last_name ,  T1.cell_number FROM Professionals AS T1 JOIN Treatments AS T2 ON T1.professional_id  =  T2.professional_id GROUP BY T1.professional_id HAVING count(*)  >  2","SELECT p.id, p.last_name, p.cell_phone FROM professionals p LEFT JOIN treatments t ON p.id = t.professional_id WHERE p.state = 'Indiana' OR p.id IN (SELECT professional_id FROM treatments GROUP BY professional_id HAVING COUNT(*) > 2)"
dog_kennels,"Find the id, last name and cell phone of the professionals who live in the state of Indiana or have performed more than two treatments.","SELECT professional_id ,  last_name ,  cell_number FROM Professionals WHERE state  =  'Indiana' UNION SELECT T1.professional_id ,  T1.last_name ,  T1.cell_number FROM Professionals AS T1 JOIN Treatments AS T2 ON T1.professional_id  =  T2.professional_id GROUP BY T1.professional_id HAVING count(*)  >  2","SELECT p.id, p.last_name, p.cell_phone FROM professionals p LEFT JOIN treatments t ON p.id = t.professional_id WHERE p.state = 'Indiana' OR p.id IN (SELECT professional_id FROM treatments GROUP BY professional_id HAVING COUNT(*) > 2)"
dog_kennels,Which dogs have not cost their owner more than 1000 for treatment ? List the dog names .,select name from dogs where dog_id not in ( select dog_id from treatments group by dog_id having sum(cost_of_treatment)  >  1000 ),SELECT dog_name FROM dogs WHERE treatment_cost <= 1000
dog_kennels,What are the names of the dogs for which the owner has not spend more than 1000 for treatment ?,select name from dogs where dog_id not in ( select dog_id from treatments group by dog_id having sum(cost_of_treatment)  >  1000 ),SELECT dog_name FROM dogs AS d JOIN owners AS o ON d.owner_id = o.owner_id JOIN treatments AS t ON d.dog_id = t.dog_id GROUP BY d.dog_name HAVING SUM(t.treatment_cost) <= 1000
dog_kennels,Which first names are used for professionals or owners but are not used as dog names?,SELECT first_name FROM Professionals UNION SELECT first_name FROM Owners EXCEPT SELECT name FROM Dogs,SELECT first_name FROM owners EXCEPT SELECT first_name FROM dogs UNION SELECT first_name FROM professionals EXCEPT SELECT first_name FROM dogs
dog_kennels,Find the first names that are used for professionals or owners but are not used as dog names.,SELECT first_name FROM Professionals UNION SELECT first_name FROM Owners EXCEPT SELECT name FROM Dogs,SELECT first_name FROM owners EXCEPT SELECT first_name FROM dogs UNION SELECT first_name FROM professionals EXCEPT SELECT first_name FROM dogs
dog_kennels,"Which professional did not operate any treatment on dogs? List the professional's id, role and email.","SELECT professional_id ,  role_code ,  email_address FROM Professionals EXCEPT SELECT T1.professional_id ,  T1.role_code ,  T1.email_address FROM Professionals AS T1 JOIN Treatments AS T2 ON T1.professional_id  =  T2.professional_id","SELECT id, role, email FROM professionals WHERE id NOT IN (SELECT professional_id FROM treatments WHERE animal_type = 'dog')"
dog_kennels,"Give me the id, role and email of the professionals who did not perform any treatment on dogs.","SELECT professional_id ,  role_code ,  email_address FROM Professionals EXCEPT SELECT T1.professional_id ,  T1.role_code ,  T1.email_address FROM Professionals AS T1 JOIN Treatments AS T2 ON T1.professional_id  =  T2.professional_id","SELECT id, role, email FROM professionals WHERE id NOT IN (SELECT professional_id FROM treatments WHERE animal_type = 'dog')"
dog_kennels,"Which owner owns the most dogs? List the owner id, first name and last name.","SELECT T1.owner_id ,  T2.first_name ,  T2.last_name FROM Dogs AS T1 JOIN Owners AS T2 ON T1.owner_id  =  T2.owner_id GROUP BY T1.owner_id ORDER BY count(*) DESC LIMIT 1","SELECT T1.owner_id, T1.first_name, T1.last_name FROM owners AS T1 INNER JOIN dogs AS T2 ON T1.owner_id = T2.owner_id GROUP BY T1.owner_id ORDER BY COUNT(T2.dog_id) DESC LIMIT 1"
dog_kennels,"Return the owner id, first name and last name of the owner who has the most dogs.","SELECT T1.owner_id ,  T2.first_name ,  T2.last_name FROM Dogs AS T1 JOIN Owners AS T2 ON T1.owner_id  =  T2.owner_id GROUP BY T1.owner_id ORDER BY count(*) DESC LIMIT 1","SELECT T1.owner_id, T1.first_name, T1.last_name FROM owners AS T1 INNER JOIN dogs AS T2 ON T1.owner_id = T2.owner_id GROUP BY T1.owner_id ORDER BY COUNT(T2.dog_id) DESC LIMIT 1"
dog_kennels,"Which professionals have done at least two treatments? List the professional's id, role, and first name.","SELECT T1.professional_id ,  T1.role_code ,  T1.first_name FROM Professionals AS T1 JOIN Treatments AS T2 ON T1.professional_id  =  T2.professional_id GROUP BY T1.professional_id HAVING count(*)  >=  2","SELECT T1.id, T1.role, T1.first_name FROM professionals AS T1 INNER JOIN treatments AS T2 ON T1.id = T2.professional_id GROUP BY T1.id, T1.role, T1.first_name HAVING COUNT(T2.id) >= 2"
dog_kennels,"What are the id, role, and first name of the professionals who have performed two or more treatments?","SELECT T1.professional_id ,  T1.role_code ,  T1.first_name FROM Professionals AS T1 JOIN Treatments AS T2 ON T1.professional_id  =  T2.professional_id GROUP BY T1.professional_id HAVING count(*)  >=  2","SELECT p.id, p.role, p.first_name FROM professionals p JOIN treatments t ON p.id = t.professional_id GROUP BY p.id, p.role, p.first_name HAVING COUNT(t.id) >= 2"
dog_kennels,What is the name of the breed with the most dogs?,SELECT T1.breed_name FROM Breeds AS T1 JOIN Dogs AS T2 ON T1.breed_code  =  T2.breed_code GROUP BY T1.breed_name ORDER BY count(*) DESC LIMIT 1,SELECT breed FROM dogs GROUP BY breed ORDER BY COUNT(*) DESC LIMIT 1
dog_kennels,Which breed do the most dogs have? Give me the breed name.,SELECT T1.breed_name FROM Breeds AS T1 JOIN Dogs AS T2 ON T1.breed_code  =  T2.breed_code GROUP BY T1.breed_name ORDER BY count(*) DESC LIMIT 1,SELECT breed FROM dogs GROUP BY breed ORDER BY COUNT(*) DESC LIMIT 1
dog_kennels,Which owner has paid for the most treatments on his or her dogs? List the owner id and last name.,"SELECT T1.owner_id ,  T1.last_name FROM Owners AS T1 JOIN Dogs AS T2 ON T1.owner_id  =  T2.owner_id JOIN Treatments AS T3 ON T2.dog_id  =  T3.dog_id GROUP BY T1.owner_id ORDER BY count(*) DESC LIMIT 1","SELECT T1.owner_id, T1.last_name FROM owners AS T1 INNER JOIN pets AS T2 ON T1.owner_id = T2.owner_id INNER JOIN visits AS T3 ON T2.pet_id = T3.pet_id GROUP BY T1.owner_id, T1.last_name ORDER BY COUNT(T3.visit_id) DESC LIMIT 1"
dog_kennels,Tell me the owner id and last name of the owner who spent the most on treatments of his or her dogs.,"SELECT T1.owner_id ,  T1.last_name FROM Owners AS T1 JOIN Dogs AS T2 ON T1.owner_id  =  T2.owner_id JOIN Treatments AS T3 ON T2.dog_id  =  T3.dog_id GROUP BY T1.owner_id ORDER BY count(*) DESC LIMIT 1","SELECT owner_id, last_name FROM owners WHERE owner_id = (SELECT owner_id FROM treatments GROUP BY owner_id ORDER BY SUM(cost) DESC LIMIT 1)"
dog_kennels,What is the description of the treatment type that costs the least money in total?,SELECT T1.treatment_type_description FROM Treatment_types AS T1 JOIN Treatments AS T2 ON T1.treatment_type_code  =  T2.treatment_type_code GROUP BY T1.treatment_type_code ORDER BY sum(cost_of_treatment) ASC LIMIT 1,SELECT T2.description FROM treatments AS T1 INNER JOIN treatment_types AS T2 ON T1.treatment_type_id = T2.id GROUP BY T2.description ORDER BY SUM(T1.cost) ASC LIMIT 1
dog_kennels,Give me the description of the treatment type whose total cost is the lowest.,SELECT T1.treatment_type_description FROM Treatment_types AS T1 JOIN Treatments AS T2 ON T1.treatment_type_code  =  T2.treatment_type_code GROUP BY T1.treatment_type_code ORDER BY sum(cost_of_treatment) ASC LIMIT 1,SELECT description FROM treatment_type ORDER BY total_cost LIMIT 1
dog_kennels,Which owner has paid the largest amount of money in total for their dogs? Show the owner id and zip code.,"SELECT T1.owner_id ,  T1.zip_code FROM Owners AS T1 JOIN Dogs AS T2 ON T1.owner_id  =  T2.owner_id JOIN Treatments AS T3 ON T2.dog_id  =  T3.dog_id GROUP BY T1.owner_id ORDER BY sum(T3.cost_of_treatment) DESC LIMIT 1","SELECT T1.owner_id, T1.zip_code FROM owners AS T1 INNER JOIN payments AS T2 ON T1.owner_id = T2.owner_id GROUP BY T1.owner_id ORDER BY SUM(T2.amount) DESC LIMIT 1"
dog_kennels,Find the owner id and zip code of the owner who spent the most money in total for his or her dogs.,"SELECT T1.owner_id ,  T1.zip_code FROM Owners AS T1 JOIN Dogs AS T2 ON T1.owner_id  =  T2.owner_id JOIN Treatments AS T3 ON T2.dog_id  =  T3.dog_id GROUP BY T1.owner_id ORDER BY sum(T3.cost_of_treatment) DESC LIMIT 1","SELECT owner_id, zip_code FROM owners WHERE owner_id = (SELECT owner_id FROM dogs GROUP BY owner_id ORDER BY SUM(cost) DESC LIMIT 1)"
dog_kennels,Which professionals have done at least two types of treatments? List the professional id and cell phone.,"SELECT T1.professional_id ,  T1.cell_number FROM Professionals AS T1 JOIN Treatments AS T2 ON T1.professional_id  =  T2.professional_id GROUP BY T1.professional_id HAVING count(*)  >=  2","SELECT T1.professional_id, T1.cell_phone FROM professionals AS T1 INNER JOIN treatments AS T2 ON T1.professional_id = T2.professional_id GROUP BY T1.professional_id, T1.cell_phone HAVING COUNT(DISTINCT T2.treatment_type) >= 2"
dog_kennels,Find the id and cell phone of the professionals who operate two or more types of treatments.,"SELECT T1.professional_id ,  T1.cell_number FROM Professionals AS T1 JOIN Treatments AS T2 ON T1.professional_id  =  T2.professional_id GROUP BY T1.professional_id HAVING count(*)  >=  2","SELECT T1.id, T1.cell_phone FROM professionals AS T1 INNER JOIN treatments AS T2 ON T1.id = T2.professional_id GROUP BY T1.id, T1.cell_phone HAVING COUNT(DISTINCT T2.treatment_type) >= 2"
dog_kennels,What are the first name and last name of the professionals who have done treatment with cost below average?,"SELECT DISTINCT T1.first_name ,  T1.last_name FROM Professionals AS T1 JOIN Treatments AS T2 WHERE cost_of_treatment  <  ( SELECT avg(cost_of_treatment) FROM Treatments )","SELECT p.first_name, p.last_name FROM professionals p JOIN treatments t ON p.id = t.professional_id WHERE t.cost < (SELECT AVG(cost) FROM treatments)"
dog_kennels,Which professionals have operated a treatment that costs less than the average? Give me theor first names and last names.,"SELECT DISTINCT T1.first_name ,  T1.last_name FROM Professionals AS T1 JOIN Treatments AS T2 WHERE cost_of_treatment  <  ( SELECT avg(cost_of_treatment) FROM Treatments )","SELECT DISTINCT T2.first_name, T2.last_name FROM treatments AS T1 INNER JOIN professionals AS T2 ON T1.professional_id = T2.id WHERE T1.cost < (SELECT AVG(cost) FROM treatments)"
dog_kennels,"List the date of each treatment, together with the first name of the professional who operated it.","SELECT T1.date_of_treatment ,  T2.first_name FROM Treatments AS T1 JOIN Professionals AS T2 ON T1.professional_id  =  T2.professional_id","SELECT t.date, p.first_name FROM treatments t INNER JOIN professionals p ON t.professional_id = p.id"
dog_kennels,What are the date and the operating professional's first name of each treatment?,"SELECT T1.date_of_treatment ,  T2.first_name FROM Treatments AS T1 JOIN Professionals AS T2 ON T1.professional_id  =  T2.professional_id","SELECT t.date, p.first_name FROM treatments t INNER JOIN professionals p ON t.professional_id = p.id"
dog_kennels,List the cost of each treatment and the corresponding treatment type description.,"SELECT T1.cost_of_treatment ,  T2.treatment_type_description FROM Treatments AS T1 JOIN treatment_types AS T2 ON T1.treatment_type_code  =  T2.treatment_type_code","SELECT T1.cost, T2.description FROM treatments T1 INNER JOIN treatment_types T2 ON T1.treatment_type_id = T2.id"
dog_kennels,What are the cost and treatment type description of each treatment?,"SELECT T1.cost_of_treatment ,  T2.treatment_type_description FROM Treatments AS T1 JOIN treatment_types AS T2 ON T1.treatment_type_code  =  T2.treatment_type_code","SELECT cost, treatment_type_description FROM treatments;"
dog_kennels,"List each owner's first name, last name, and the size of his for her dog.","SELECT T1.first_name ,  T1.last_name ,  T2.size_code FROM Owners AS T1 JOIN Dogs AS T2 ON T1.owner_id  =  T2.owner_id","SELECT o.first_name, o.last_name, d.size FROM owners o JOIN dogs d ON o.id = d.owner_id"
dog_kennels,"What are each owner's first name, last name, and the size of their dog?","SELECT T1.first_name ,  T1.last_name ,  T2.size_code FROM Owners AS T1 JOIN Dogs AS T2 ON T1.owner_id  =  T2.owner_id","SELECT o.first_name, o.last_name, d.size FROM owners o JOIN dogs d ON o.id = d.owner_id"
dog_kennels,List pairs of the owner's first name and the dogs's name.,"SELECT T1.first_name ,  T2.name FROM Owners AS T1 JOIN Dogs AS T2 ON T1.owner_id  =  T2.owner_id","SELECT T1.first_name, T2.name FROM owners AS T1 INNER JOIN dogs AS T2 ON T1.id = T2.owner_id"
dog_kennels,What are each owner's first name and their dogs's name?,"SELECT T1.first_name ,  T2.name FROM Owners AS T1 JOIN Dogs AS T2 ON T1.owner_id  =  T2.owner_id","SELECT o.first_name, d.name FROM owners o JOIN dogs d ON o.id = d.owner_id"
dog_kennels,List the names of the dogs of the rarest breed and the treatment dates of them.,"SELECT T1.name ,  T2.date_of_treatment FROM Dogs AS T1 JOIN Treatments AS T2 ON T1.dog_id  =  T2.dog_id WHERE T1.breed_code  =  ( SELECT breed_code FROM Dogs GROUP BY breed_code ORDER BY count(*) ASC LIMIT 1 )","SELECT d.name, t.date FROM dogs d JOIN treatments t ON d.id = t.dog_id JOIN breeds b ON d.breed_id = b.id ORDER BY b.rarity DESC LIMIT 1"
dog_kennels,Which dogs are of the rarest breed? Show their names and treatment dates.,"SELECT T1.name ,  T2.date_of_treatment FROM Dogs AS T1 JOIN Treatments AS T2 ON T1.dog_id  =  T2.dog_id WHERE T1.breed_code  =  ( SELECT breed_code FROM Dogs GROUP BY breed_code ORDER BY count(*) ASC LIMIT 1 )","SELECT d.name, t.date FROM dogs d JOIN treatments t ON d.id = t.dog_id JOIN breeds b ON d.breed_id = b.id GROUP BY d.name ORDER BY COUNT(d.breed_id) ASC LIMIT 1"
dog_kennels,Which dogs are owned by someone who lives in Virginia? List the owner's first name and the dog's name.,"SELECT T1.first_name ,  T2.name FROM Owners AS T1 JOIN Dogs AS T2 ON T1.owner_id  =  T2.owner_id WHERE T1.state  =  'Virginia'","SELECT o.first_name, d.name FROM owners o JOIN dogs d ON o.id = d.owner_id WHERE o.state = 'Virginia'"
dog_kennels,Find the first names of owners living in Virginia and the names of dogs they own.,"SELECT T1.first_name ,  T2.name FROM Owners AS T1 JOIN Dogs AS T2 ON T1.owner_id  =  T2.owner_id WHERE T1.state  =  'Virginia'","SELECT o.first_name, d.name FROM owners o JOIN dogs d ON o.id = d.owner_id WHERE o.state = 'Virginia'"
dog_kennels,What are the arriving date and the departing date of the dogs who have gone through a treatment?,"SELECT DISTINCT T1.date_arrived ,  T1.date_departed FROM Dogs AS T1 JOIN Treatments AS T2 ON T1.dog_id  =  T2.dog_id","SELECT arriving_date, departing_date FROM dogs_treatment"
dog_kennels,Find the arriving date and the departing date of the dogs that received a treatment.,"SELECT DISTINCT T1.date_arrived ,  T1.date_departed FROM Dogs AS T1 JOIN Treatments AS T2 ON T1.dog_id  =  T2.dog_id","SELECT arriving_date, departing_date FROM dogs WHERE treatment IS NOT NULL"
dog_kennels,List the last name of the owner owning the youngest dog.,SELECT T1.last_name FROM Owners AS T1 JOIN Dogs AS T2 ON T1.owner_id  =  T2.owner_id WHERE T2.age  =  ( SELECT max(age) FROM Dogs ),SELECT T1.last_name FROM owners AS T1 INNER JOIN dogs AS T2 ON T1.id = T2.owner_id ORDER BY T2.age ASC LIMIT 1
dog_kennels,Who owns the youngest dog? Give me his or her last name.,SELECT T1.last_name FROM Owners AS T1 JOIN Dogs AS T2 ON T1.owner_id  =  T2.owner_id WHERE T2.age  =  ( SELECT max(age) FROM Dogs ),SELECT T1.last_name FROM owners AS T1 INNER JOIN dogs AS T2 ON T1.id = T2.owner_id ORDER BY T2.age ASC LIMIT 1
dog_kennels,List the emails of the professionals who live in the state of Hawaii or the state of Wisconsin.,SELECT email_address FROM Professionals WHERE state  =  'Hawaii' OR state  =  'Wisconsin',SELECT email FROM professionals WHERE state = 'Hawaii' OR state = 'Wisconsin'
dog_kennels,What are the emails of the professionals living in either the state of Hawaii or the state of Wisconsin?,SELECT email_address FROM Professionals WHERE state  =  'Hawaii' OR state  =  'Wisconsin',SELECT email FROM professionals WHERE state = 'Hawaii' OR state = 'Wisconsin'
dog_kennels,What are the arriving date and the departing date of all the dogs?,"SELECT date_arrived ,  date_departed FROM Dogs","SELECT arriving_date, departing_date FROM dogs"
dog_kennels,List the arrival date and the departure date for all the dogs.,"SELECT date_arrived ,  date_departed FROM Dogs","SELECT arrival_date, departure_date FROM dogs"
dog_kennels,How many dogs went through any treatments?,SELECT count(DISTINCT dog_id) FROM Treatments,SELECT COUNT(DISTINCT dog_id) FROM treatments
dog_kennels,Count the number of dogs that went through a treatment.,SELECT count(DISTINCT dog_id) FROM Treatments,SELECT COUNT(*) FROM dogs AS d INNER JOIN treatments AS t ON d.id = t.dog_id
dog_kennels,How many professionals have performed any treatment to dogs?,SELECT count(DISTINCT professional_id) FROM Treatments,SELECT COUNT(DISTINCT p.professional_id) FROM treatments t JOIN professionals p ON t.professional_id = p.professional_id JOIN animals a ON t.animal_id = a.animal_id WHERE a.species = 'dog'
dog_kennels,Find the number of professionals who have ever treated dogs.,SELECT count(DISTINCT professional_id) FROM Treatments,SELECT COUNT(DISTINCT professional_id) FROM treatments WHERE animal_type = 'dog'
dog_kennels,"Which professionals live in a city containing the substring 'West'? List his or her role, street, city and state.","SELECT role_code ,  street ,  city ,  state FROM professionals WHERE city LIKE '%West%'","SELECT role, street, city, state FROM professionals WHERE city LIKE '%West%'"
dog_kennels,"Find the role, street, city and state of the professionals living in a city that contains the substring 'West'.","SELECT role_code ,  street ,  city ,  state FROM professionals WHERE city LIKE '%West%'","SELECT role, street, city, state FROM professionals WHERE city LIKE '%West%'"
dog_kennels,"Which owners live in the state whose name contains the substring 'North'? List his first name, last name and email.","SELECT first_name ,  last_name ,  email_address FROM Owners WHERE state LIKE '%North%'","SELECT o.first_name, o.last_name, o.email FROM owners o JOIN states s ON o.state_id = s.id WHERE s.name LIKE '%North%'"
dog_kennels,"Return the first name, last name and email of the owners living in a state whose name contains the substring 'North'.","SELECT first_name ,  last_name ,  email_address FROM Owners WHERE state LIKE '%North%'","SELECT o.first_name, o.last_name, o.email FROM owners o JOIN states s ON o.state_id = s.id WHERE s.name LIKE '%North%'"
dog_kennels,How many dogs have an age below the average?,SELECT count(*) FROM Dogs WHERE age  <  ( SELECT avg(age) FROM Dogs ),SELECT COUNT(*) FROM dogs WHERE age < (SELECT AVG(age) FROM dogs)
dog_kennels,Count the number of dogs of an age below the average.,SELECT count(*) FROM Dogs WHERE age  <  ( SELECT avg(age) FROM Dogs ),SELECT COUNT(*) FROM dogs WHERE age < (SELECT AVG(age) FROM dogs)
dog_kennels,How much does the most recent treatment cost?,SELECT cost_of_treatment FROM Treatments ORDER BY date_of_treatment DESC LIMIT 1,SELECT cost FROM treatments ORDER BY treatment_date DESC LIMIT 1
dog_kennels,Show me the cost of the most recently performed treatment.,SELECT cost_of_treatment FROM Treatments ORDER BY date_of_treatment DESC LIMIT 1,SELECT cost FROM treatments ORDER BY treatment_date DESC LIMIT 1
dog_kennels,How many dogs have not gone through any treatment?,SELECT count(*) FROM Dogs WHERE dog_id NOT IN ( SELECT dog_id FROM Treatments ),SELECT COUNT(*) FROM dogs WHERE id NOT IN (SELECT dog_id FROM treatments)
dog_kennels,Tell me the number of dogs that have not received any treatment .,select count(*) from dogs where dog_id not in ( select dog_id from treatments ),SELECT COUNT(*) FROM dogs WHERE id NOT IN (SELECT dog_id FROM treatments)
dog_kennels,How many owners temporarily do not have any dogs?,SELECT count(*) FROM Owners WHERE owner_id NOT IN ( SELECT owner_id FROM Dogs ),SELECT COUNT(*) FROM owners WHERE id NOT IN (SELECT owner_id FROM dogs)
dog_kennels,Find the number of owners who do not own any dogs at this moment.,SELECT count(*) FROM Owners WHERE owner_id NOT IN ( SELECT owner_id FROM Dogs ),SELECT COUNT(*) FROM owners WHERE id NOT IN (SELECT owner_id FROM dogs)
dog_kennels,How many professionals did not operate any treatment on dogs?,SELECT count(*) FROM Professionals WHERE professional_id NOT IN ( SELECT professional_id FROM Treatments ),SELECT COUNT(DISTINCT id_profissional) FROM profissionais WHERE id_profissional NOT IN (SELECT id_profissional FROM tratamentos WHERE id_animal IN (SELECT id_animal FROM animais WHERE especie = 'cachorro'))
dog_kennels,Find the number of professionals who have not treated any dogs.,SELECT count(*) FROM Professionals WHERE professional_id NOT IN ( SELECT professional_id FROM Treatments ),SELECT COUNT(*) FROM professionals WHERE id NOT IN (SELECT professional_id FROM treatments WHERE animal_type = 'dog')
dog_kennels,"List the dog name, age and weight of the dogs who have been abandoned? 1 stands for yes, and 0 stands for no.","SELECT name ,  age ,  weight FROM Dogs WHERE abandoned_yn  =  1","SELECT dog_name, age, weight FROM dogs WHERE abandoned = 1"
dog_kennels,"What are the dog name, age and weight of the dogs that were abandoned? Note that 1 stands for yes, and 0 stands for no in the tables.","SELECT name ,  age ,  weight FROM Dogs WHERE abandoned_yn  =  1","SELECT dog_name, age, weight FROM dogs WHERE abandoned = 1"
dog_kennels,What is the average age of all the dogs?,SELECT avg(age) FROM Dogs,SELECT AVG(age) FROM dogs
dog_kennels,Compute the average age of all the dogs.,SELECT avg(age) FROM Dogs,SELECT AVG(age) FROM dogs
dog_kennels,What is the age of the oldest dog?,SELECT max(age) FROM Dogs,SELECT MAX(age) FROM dogs
dog_kennels,Tell me the age of the oldest dog.,SELECT max(age) FROM Dogs,SELECT MAX(age) FROM dogs
dog_kennels,How much does each charge type costs? List both charge type and amount.,"SELECT charge_type ,  charge_amount FROM Charges","SELECT charge_type, amount FROM charges"
dog_kennels,List each charge type and its amount.,"SELECT charge_type ,  charge_amount FROM Charges","SELECT charge_type, amount FROM charges"
dog_kennels,How much does the most expensive charge type costs?,SELECT max(charge_amount) FROM Charges,SELECT MAX(cost) FROM charge_type
dog_kennels,What is the charge amount of the most expensive charge type?,SELECT max(charge_amount) FROM Charges,SELECT charge_amount FROM charge_types ORDER BY charge_amount DESC LIMIT 1
dog_kennels,"List the email, cell phone and home phone of all the professionals.","SELECT email_address ,  cell_number ,  home_phone FROM professionals","SELECT email, cell_phone, home_phone FROM professionals"
dog_kennels,"What are the email, cell phone and home phone of each professional?","SELECT email_address ,  cell_number ,  home_phone FROM professionals","SELECT email, cell_phone, home_phone FROM professionals"
dog_kennels,What are all the possible breed type and size type combinations?,"SELECT DISTINCT breed_code ,  size_code FROM dogs","SELECT DISTINCT breed_type, size_type FROM dogs"
dog_kennels,Find the distinct breed type and size type combinations for dogs.,"SELECT DISTINCT breed_code ,  size_code FROM dogs","SELECT DISTINCT breed_type, size_type FROM dogs"
dog_kennels,List the first name of all the professionals along with the description of the treatment they have done.,"SELECT DISTINCT T1.first_name ,  T3.treatment_type_description FROM professionals AS T1 JOIN Treatments AS T2 ON T1.professional_id  =  T2.professional_id JOIN Treatment_types AS T3 ON T2.treatment_type_code  =  T3.treatment_type_code","SELECT p.first_name, t.description FROM professionals p JOIN treatments t ON p.id = t.professional_id"
dog_kennels,What are each professional's first name and description of the treatment they have performed?,"SELECT DISTINCT T1.first_name ,  T3.treatment_type_description FROM professionals AS T1 JOIN Treatments AS T2 ON T1.professional_id  =  T2.professional_id JOIN Treatment_types AS T3 ON T2.treatment_type_code  =  T3.treatment_type_code","SELECT p.first_name, t.description FROM professionals p JOIN treatments t ON p.id = t.professional_id"
singer,How many singers are there?,SELECT count(*) FROM singer,SELECT COUNT(*) FROM singers
singer,What is the count of singers?,SELECT count(*) FROM singer,SELECT COUNT(*) FROM singers
singer,List the name of singers in ascending order of net worth.,SELECT Name FROM singer ORDER BY Net_Worth_Millions ASC,SELECT name FROM singers ORDER BY net_worth ASC
singer,What are the names of singers ordered by ascending net worth?,SELECT Name FROM singer ORDER BY Net_Worth_Millions ASC,SELECT name FROM singers ORDER BY net_worth ASC
singer,What are the birth year and citizenship of singers?,"SELECT Birth_Year ,  Citizenship FROM singer","SELECT birth_year, citizenship FROM singers"
singer,What are the birth years and citizenships of the singers?,"SELECT Birth_Year ,  Citizenship FROM singer","SELECT birth_year, citizenship FROM singers"
singer,"List the name of singers whose citizenship is not ""France"".","SELECT Name FROM singer WHERE Citizenship != ""France""",SELECT name FROM singers WHERE citizenship != 'France'
singer,What are the names of the singers who are not French citizens?,"SELECT Name FROM singer WHERE Citizenship != ""France""",SELECT name FROM singers WHERE nationality != 'French'
singer,Show the name of singers whose birth year is either 1948 or 1949?,SELECT Name FROM singer WHERE Birth_Year  =  1948 OR Birth_Year  =  1949,SELECT name FROM singers WHERE birth_year = 1948 OR birth_year = 1949
singer,What are the names of the singers whose birth years are either 1948 or 1949?,SELECT Name FROM singer WHERE Birth_Year  =  1948 OR Birth_Year  =  1949,SELECT name FROM singers WHERE birth_year = 1948 OR birth_year = 1949
singer,What is the name of the singer with the largest net worth?,SELECT Name FROM singer ORDER BY Net_Worth_Millions DESC LIMIT 1,SELECT name FROM singers ORDER BY net_worth DESC LIMIT 1
singer,What is the name of the singer who is worth the most?,SELECT Name FROM singer ORDER BY Net_Worth_Millions DESC LIMIT 1,SELECT name FROM singers ORDER BY net_worth DESC LIMIT 1
singer,Show different citizenship of singers and the number of singers of each citizenship.,"SELECT Citizenship ,  COUNT(*) FROM singer GROUP BY Citizenship","SELECT citizenship, COUNT(singer_id) FROM singers GROUP BY citizenship"
singer,"For each citizenship, how many singers are from that country?","SELECT Citizenship ,  COUNT(*) FROM singer GROUP BY Citizenship","SELECT citizenship, COUNT(singer_id) FROM singers GROUP BY citizenship"
singer,Please show the most common citizenship of singers.,SELECT Citizenship FROM singer GROUP BY Citizenship ORDER BY COUNT(*) DESC LIMIT 1,SELECT citizenship FROM singers GROUP BY citizenship ORDER BY COUNT(citizenship) DESC LIMIT 1
singer,What is the most common singer citizenship ?,select citizenship from singer group by citizenship order by count(*) desc limit 1,SELECT citizenship FROM singers GROUP BY citizenship ORDER BY COUNT(citizenship) DESC LIMIT 1
singer,Show different citizenships and the maximum net worth of singers of each citizenship.,"SELECT Citizenship ,  max(Net_Worth_Millions) FROM singer GROUP BY Citizenship","SELECT citizenship, MAX(net_worth) FROM singers GROUP BY citizenship"
singer,"For each citizenship, what is the maximum net worth?","SELECT Citizenship ,  max(Net_Worth_Millions) FROM singer GROUP BY Citizenship","SELECT citizenship, MAX(net_worth) FROM people GROUP BY citizenship"
singer,Show titles of songs and names of singers.,"SELECT T2.Title ,  T1.Name FROM singer AS T1 JOIN song AS T2 ON T1.Singer_ID  =  T2.Singer_ID","SELECT T1.title, T2.name FROM songs AS T1 INNER JOIN singers AS T2 ON T1.singer_id = T2.id"
singer,What are the song titles and singer names?,"SELECT T2.Title ,  T1.Name FROM singer AS T1 JOIN song AS T2 ON T1.Singer_ID  =  T2.Singer_ID","SELECT song_title, singer_name FROM songs;"
singer,Show distinct names of singers that have songs with sales more than 300000.,SELECT DISTINCT T1.Name FROM singer AS T1 JOIN song AS T2 ON T1.Singer_ID  =  T2.Singer_ID WHERE T2.Sales  >  300000,SELECT DISTINCT T1.name FROM singers AS T1 INNER JOIN songs AS T2 ON T1.id = T2.singer_id WHERE T2.sales > 300000
singer,what are the different names of the singers that have sales more than 300000?,SELECT DISTINCT T1.Name FROM singer AS T1 JOIN song AS T2 ON T1.Singer_ID  =  T2.Singer_ID WHERE T2.Sales  >  300000,SELECT DISTINCT singer_name FROM music_sales WHERE sales > 300000
singer,Show the names of singers that have more than one song.,SELECT T1.Name FROM singer AS T1 JOIN song AS T2 ON T1.Singer_ID  =  T2.Singer_ID GROUP BY T1.Name HAVING COUNT(*)  >  1,SELECT T1.name FROM singers AS T1 INNER JOIN songs AS T2 ON T1.id = T2.singer_id GROUP BY T1.name HAVING COUNT(T2.id) > 1
singer,What are the names of the singers that have more than one songs?,SELECT T1.Name FROM singer AS T1 JOIN song AS T2 ON T1.Singer_ID  =  T2.Singer_ID GROUP BY T1.Name HAVING COUNT(*)  >  1,SELECT singer_name FROM songs GROUP BY singer_name HAVING COUNT(song_name) > 1
singer,Show the names of singers and the total sales of their songs.,"SELECT T1.Name ,  sum(T2.Sales) FROM singer AS T1 JOIN song AS T2 ON T1.Singer_ID  =  T2.Singer_ID GROUP BY T1.Name","SELECT s.singer_name, SUM(ss.song_sales) FROM singers s JOIN songs ss ON s.singer_id = ss.singer_id GROUP BY s.singer_name"
singer,"For each singer name, what is the total sales for their songs?","SELECT T1.Name ,  sum(T2.Sales) FROM singer AS T1 JOIN song AS T2 ON T1.Singer_ID  =  T2.Singer_ID GROUP BY T1.Name","SELECT singer_name, SUM(song_sales) FROM songs GROUP BY singer_name"
singer,List the name of singers that do not have any song.,SELECT Name FROM singer WHERE Singer_ID NOT IN (SELECT Singer_ID FROM song),SELECT name FROM singers WHERE id NOT IN (SELECT singer_id FROM songs)
singer,What is the sname of every sing that does not have any song?,SELECT Name FROM singer WHERE Singer_ID NOT IN (SELECT Singer_ID FROM song),SELECT sname FROM singer WHERE sid NOT IN (SELECT sid FROM song)
singer,Show the citizenship shared by singers with birth year before 1945 and after 1955.,SELECT Citizenship FROM singer WHERE Birth_Year  <  1945 INTERSECT SELECT Citizenship FROM singer WHERE Birth_Year  >  1955,SELECT citizenship FROM singers WHERE birth_year < 1945 INTERSECT SELECT citizenship FROM singers WHERE birth_year > 1955
singer,What are the citizenships that are shared by singers with a birth year before 1945 and after 1955?,SELECT Citizenship FROM singer WHERE Birth_Year  <  1945 INTERSECT SELECT Citizenship FROM singer WHERE Birth_Year  >  1955,SELECT citizenship FROM singers WHERE birth_year < 1945 INTERSECT SELECT citizenship FROM singers WHERE birth_year > 1955
real_estate_properties,How many available features are there in total?,SELECT count(*) FROM Other_Available_Features,SELECT COUNT(*) FROM features WHERE status = 'available'
real_estate_properties,What is the feature type name of feature AirCon?,"SELECT T2.feature_type_name FROM Other_Available_Features AS T1 JOIN Ref_Feature_Types AS T2 ON T1.feature_type_code  =  T2.feature_type_code WHERE T1.feature_name  =  ""AirCon""",SELECT feature_type_name FROM feature_types WHERE feature_name = 'AirCon'
real_estate_properties,Show the property type descriptions of properties belonging to that code.,SELECT T2.property_type_description FROM Properties AS T1 JOIN Ref_Property_Types AS T2 ON T1.property_type_code  =  T2.property_type_code GROUP BY T1.property_type_code,SELECT T2.property_type_description FROM property_codes AS T1 INNER JOIN property_types AS T2 ON T1.property_type_code = T2.property_type_code WHERE T1.property_code = 'given_code'
real_estate_properties,What are the names of properties that are either houses or apartments with more than 1 room?,"SELECT property_name FROM Properties WHERE property_type_code  =  ""House"" UNION SELECT property_name FROM Properties WHERE property_type_code  =  ""Apartment"" AND room_count  >  1","SELECT name FROM properties WHERE type IN ('house', 'apartment') AND rooms > 1"
