db_id,question,gold_sql,gemini_flash_lite_predicted_sql
concert_singer,How many singers do we have?,SELECT count(*) FROM singer,SELECT count(*) FROM singer
concert_singer,What is the total number of singers?,SELECT count(*) FROM singer,SELECT count(*) FROM singer
concert_singer,"Show name, country, age for all singers ordered by age from the oldest to the youngest.","SELECT name ,  country ,  age FROM singer ORDER BY age DESC","SELECT Name, Country, Age FROM singer ORDER BY Age DESC"
concert_singer,"What are the names, countries, and ages for every singer in descending order of age?","SELECT name ,  country ,  age FROM singer ORDER BY age DESC","SELECT Name, Country, Age FROM singer ORDER BY Age DESC"
concert_singer,"What is the average, minimum, and maximum age of all singers from France?","SELECT avg(age) ,  min(age) ,  max(age) FROM singer WHERE country  =  'France'","SELECT avg(Age), min(Age), max(Age) FROM singer WHERE Country = 'France'"
concert_singer,"What is the average, minimum, and maximum age for all French singers?","SELECT avg(age) ,  min(age) ,  max(age) FROM singer WHERE country  =  'France'","SELECT AVG(Age), MIN(Age), MAX(Age) FROM singer WHERE Country = 'France'"
concert_singer,Show the name and the release year of the song by the youngest singer.,"SELECT song_name ,  song_release_year FROM singer ORDER BY age LIMIT 1","SELECT Name, Song_release_year FROM singer ORDER BY Age ASC LIMIT 1"
concert_singer,What are the names and release years for all the songs of the youngest singer?,"SELECT song_name ,  song_release_year FROM singer ORDER BY age LIMIT 1","SELECT Name, Song_Name, Song_release_year FROM singer WHERE Age = (SELECT MIN(Age) FROM singer)"
concert_singer,What are all distinct countries where singers above age 20 are from?,SELECT DISTINCT country FROM singer WHERE age  >  20,SELECT DISTINCT Country FROM singer WHERE Age > 20
concert_singer,What are  the different countries with singers above age 20?,SELECT DISTINCT country FROM singer WHERE age  >  20,SELECT DISTINCT Country FROM singer WHERE Age > 20
concert_singer,Show all countries and the number of singers in each country.,"SELECT country ,  count(*) FROM singer GROUP BY country","SELECT Country, count(*) FROM singer GROUP BY Country"
concert_singer,How many singers are from each country?,"SELECT country ,  count(*) FROM singer GROUP BY country","SELECT Country, COUNT(*) FROM singer GROUP BY Country"
concert_singer,List all song names by singers above the average age.,SELECT song_name FROM singer WHERE age  >  (SELECT avg(age) FROM singer),SELECT Song_Name FROM singer WHERE Age > (SELECT AVG(Age) FROM singer)
concert_singer,What are all the song names by singers who are older than average?,SELECT song_name FROM singer WHERE age  >  (SELECT avg(age) FROM singer),SELECT Song_Name FROM singer WHERE Age > (SELECT AVG(Age) FROM singer)
concert_singer,Show location and name for all stadiums with a capacity between 5000 and 10000.,"SELECT LOCATION ,  name FROM stadium WHERE capacity BETWEEN 5000 AND 10000","SELECT Location, Name FROM stadium WHERE Capacity BETWEEN 5000 AND 10000"
concert_singer,What are the locations and names of all stations with capacity between 5000 and 10000?,"SELECT LOCATION ,  name FROM stadium WHERE capacity BETWEEN 5000 AND 10000","SELECT Location, Name FROM stadium WHERE Capacity BETWEEN 5000 AND 10000"
concert_singer,What is the maximum capacity and the average of all stadiums ?,"select max(capacity), average from stadium","SELECT max(Capacity), avg(Capacity) FROM stadium"
concert_singer,What is the average and maximum capacities for all stadiums ?,"select avg(capacity) ,  max(capacity) from stadium","SELECT AVG(Capacity), MAX(Capacity) FROM stadium"
concert_singer,What is the name and capacity for the stadium with highest average attendance?,"SELECT name ,  capacity FROM stadium ORDER BY average DESC LIMIT 1","SELECT Name, Capacity FROM stadium ORDER BY Average DESC LIMIT 1"
concert_singer,What is the name and capacity for the stadium with the highest average attendance?,"SELECT name ,  capacity FROM stadium ORDER BY average DESC LIMIT 1","SELECT Name, Capacity FROM stadium ORDER BY Average DESC LIMIT 1"
concert_singer,How many concerts are there in year 2014 or 2015?,SELECT count(*) FROM concert WHERE YEAR  =  2014 OR YEAR  =  2015,SELECT count(*) FROM concert WHERE Year = '2014' OR Year = '2015'
concert_singer,How many concerts occurred in 2014 or 2015?,SELECT count(*) FROM concert WHERE YEAR  =  2014 OR YEAR  =  2015,SELECT count(*) FROM concert WHERE Year = '2014' OR Year = '2015'
concert_singer,Show the stadium name and the number of concerts in each stadium.,"SELECT T2.name ,  count(*) FROM concert AS T1 JOIN stadium AS T2 ON T1.stadium_id  =  T2.stadium_id GROUP BY T1.stadium_id","SELECT T1.Name, COUNT(*) FROM stadium AS T1 JOIN concert AS T2 ON T1.Stadium_ID = T2.Stadium_ID GROUP BY T1.Name"
concert_singer,"For each stadium, how many concerts play there?","SELECT T2.name ,  count(*) FROM concert AS T1 JOIN stadium AS T2 ON T1.stadium_id  =  T2.stadium_id GROUP BY T1.stadium_id","SELECT T1.Name, COUNT(*) FROM stadium AS T1 JOIN concert AS T2 ON T1.Stadium_ID = T2.Stadium_ID GROUP BY T1.Stadium_ID"
concert_singer,Show the stadium name and capacity with most number of concerts in year 2014 or after.,"SELECT T2.name ,  T2.capacity FROM concert AS T1 JOIN stadium AS T2 ON T1.stadium_id  =  T2.stadium_id WHERE T1.year  >=  2014 GROUP BY T2.stadium_id ORDER BY count(*) DESC LIMIT 1","SELECT T1.Name, T1.Capacity FROM stadium AS T1 JOIN concert AS T2 ON T1.Stadium_ID = T2.Stadium_ID WHERE T2.Year >= 2014 GROUP BY T1.Stadium_ID ORDER BY COUNT(*) DESC LIMIT 1"
concert_singer,What is the name and capacity of the stadium with the most concerts after 2013 ?,"select t2.name ,  t2.capacity from concert as t1 join stadium as t2 on t1.stadium_id  =  t2.stadium_id where t1.year  >  2013 group by t2.stadium_id order by count(*) desc limit 1","SELECT T1.Name, T1.Capacity FROM stadium AS T1 JOIN concert AS T2 ON T1.Stadium_ID = T2.Stadium_ID WHERE T2.Year > 2013 GROUP BY T1.Stadium_ID ORDER BY COUNT(*) DESC LIMIT 1"
concert_singer,Which year has most number of concerts?,SELECT YEAR FROM concert GROUP BY YEAR ORDER BY count(*) DESC LIMIT 1,SELECT Year FROM concert GROUP BY Year ORDER BY COUNT(*) DESC LIMIT 1
concert_singer,What is the year that had the most concerts?,SELECT YEAR FROM concert GROUP BY YEAR ORDER BY count(*) DESC LIMIT 1,SELECT Year FROM concert GROUP BY Year ORDER BY COUNT(*) DESC LIMIT 1
concert_singer,Show the stadium names without any concert.,SELECT name FROM stadium WHERE stadium_id NOT IN (SELECT stadium_id FROM concert),SELECT Name FROM stadium WHERE Stadium_ID NOT IN (SELECT Stadium_ID FROM concert)
concert_singer,What are the names of the stadiums without any concerts?,SELECT name FROM stadium WHERE stadium_id NOT IN (SELECT stadium_id FROM concert),SELECT Name FROM stadium WHERE Stadium_ID NOT IN (SELECT Stadium_ID FROM concert)
concert_singer,Show countries where a singer above age 40 and a singer below 30 are from.,SELECT country FROM singer WHERE age  >  40 INTERSECT SELECT country FROM singer WHERE age  <  30,SELECT Country FROM singer WHERE Age > 40 INTERSECT SELECT Country FROM singer WHERE Age < 30
concert_singer,Show names for all stadiums except for stadiums having a concert in year 2014.,SELECT name FROM stadium EXCEPT SELECT T2.name FROM concert AS T1 JOIN stadium AS T2 ON T1.stadium_id  =  T2.stadium_id WHERE T1.year  =  2014,SELECT Name FROM stadium EXCEPT SELECT T1.Name FROM stadium AS T1 JOIN concert AS T2 ON T1.Stadium_ID = T2.Stadium_ID WHERE T2.Year = '2014'
concert_singer,What are the names of all stadiums that did not have a concert in 2014?,SELECT name FROM stadium EXCEPT SELECT T2.name FROM concert AS T1 JOIN stadium AS T2 ON T1.stadium_id  =  T2.stadium_id WHERE T1.year  =  2014,SELECT Name FROM stadium WHERE Stadium_ID NOT IN (SELECT Stadium_ID FROM concert WHERE Year = '2014')
concert_singer,Show the name and theme for all concerts and the number of singers in each concert.,"SELECT T2.concert_name ,  T2.theme ,  count(*) FROM singer_in_concert AS T1 JOIN concert AS T2 ON T1.concert_id  =  T2.concert_id GROUP BY T2.concert_id","SELECT T1.concert_Name, T1.Theme, count(*) FROM concert AS T1 JOIN singer_in_concert AS T2 ON T1.concert_ID = T2.concert_ID GROUP BY T1.concert_ID"
concert_singer,"What are the names , themes , and number of singers for every concert ?","select t2.concert_name ,  t2.theme ,  count(*) from singer_in_concert as t1 join concert as t2 on t1.concert_id  =  t2.concert_id group by t2.concert_id","SELECT T1.concert_Name, T1.Theme, count(*) FROM concert AS T1 JOIN singer_in_concert AS T2 ON T1.concert_ID = T2.concert_ID GROUP BY T1.concert_ID"
concert_singer,List singer names and number of concerts for each singer.,"SELECT T2.name ,  count(*) FROM singer_in_concert AS T1 JOIN singer AS T2 ON T1.singer_id  =  T2.singer_id GROUP BY T2.singer_id","SELECT T1.Name, COUNT(*) FROM singer AS T1 JOIN singer_in_concert AS T2 ON T1.Singer_ID = T2.Singer_ID GROUP BY T1.Singer_ID"
concert_singer,What are the names of the singers and number of concerts for each person?,"SELECT T2.name ,  count(*) FROM singer_in_concert AS T1 JOIN singer AS T2 ON T1.singer_id  =  T2.singer_id GROUP BY T2.singer_id","SELECT T1.Name, COUNT(*) FROM singer AS T1 JOIN singer_in_concert AS T2 ON T1.Singer_ID = T2.Singer_ID GROUP BY T1.Name"
concert_singer,List all singer names in concerts in year 2014.,SELECT T2.name FROM singer_in_concert AS T1 JOIN singer AS T2 ON T1.singer_id  =  T2.singer_id JOIN concert AS T3 ON T1.concert_id  =  T3.concert_id WHERE T3.year  =  2014,SELECT T1.Name FROM singer AS T1 JOIN singer_in_concert AS T2 ON T1.Singer_ID = T2.Singer_ID JOIN concert AS T3 ON T2.concert_ID = T3.concert_ID WHERE T3.Year = '2014'
concert_singer,What are the names of the singers who performed in a concert in 2014?,SELECT T2.name FROM singer_in_concert AS T1 JOIN singer AS T2 ON T1.singer_id  =  T2.singer_id JOIN concert AS T3 ON T1.concert_id  =  T3.concert_id WHERE T3.year  =  2014,SELECT T1.Name FROM singer AS T1 JOIN singer_in_concert AS T2 ON T1.Singer_ID = T2.Singer_ID JOIN concert AS T3 ON T2.concert_ID = T3.concert_ID WHERE T3.Year = '2014'
concert_singer,what is the name and nation of the singer who have a song having 'Hey' in its name?,"SELECT name ,  country FROM singer WHERE song_name LIKE '%Hey%'","SELECT Name, Country FROM singer WHERE Song_Name LIKE '%Hey%'"
concert_singer,What is the name and country of origin of every singer who has a song with the word 'Hey' in its title?,"SELECT name ,  country FROM singer WHERE song_name LIKE '%Hey%'","SELECT Name, Country FROM singer WHERE Song_Name LIKE '%Hey%'"
concert_singer,Find the name and location of the stadiums which some concerts happened in the years of both 2014 and 2015.,"SELECT T2.name ,  T2.location FROM concert AS T1 JOIN stadium AS T2 ON T1.stadium_id  =  T2.stadium_id WHERE T1.Year  =  2014 INTERSECT SELECT T2.name ,  T2.location FROM concert AS T1 JOIN stadium AS T2 ON T1.stadium_id  =  T2.stadium_id WHERE T1.Year  =  2015","SELECT T1.Name, T1.Location FROM stadium AS T1 JOIN concert AS T2 ON T1.Stadium_ID = T2.Stadium_ID WHERE T2.Year = '2014' INTERSECT SELECT T1.Name, T1.Location FROM stadium AS T1 JOIN concert AS T2 ON T1.Stadium_ID = T2.Stadium_ID WHERE T2.Year = '2015'"
concert_singer,What are the names and locations of the stadiums that had concerts that occurred in both 2014 and 2015?,"SELECT T2.name ,  T2.location FROM concert AS T1 JOIN stadium AS T2 ON T1.stadium_id  =  T2.stadium_id WHERE T1.Year  =  2014 INTERSECT SELECT T2.name ,  T2.location FROM concert AS T1 JOIN stadium AS T2 ON T1.stadium_id  =  T2.stadium_id WHERE T1.Year  =  2015","SELECT T1.Name, T1.Location FROM stadium AS T1 JOIN concert AS T2 ON T1.Stadium_ID = T2.Stadium_ID WHERE T2.Year = '2014' INTERSECT SELECT T1.Name, T1.Location FROM stadium AS T1 JOIN concert AS T2 ON T1.Stadium_ID = T2.Stadium_ID WHERE T2.Year = '2015'"
concert_singer,Find the number of concerts happened in the stadium with the highest capacity .,select count(*) from concert where stadium_id = (select stadium_id from stadium order by capacity desc limit 1),SELECT count(*) FROM concert WHERE Stadium_ID = (SELECT Stadium_ID FROM stadium ORDER BY Capacity DESC LIMIT 1)
concert_singer,What are the number of concerts that occurred in the stadium with the largest capacity ?,select count(*) from concert where stadium_id = (select stadium_id from stadium order by capacity desc limit 1),SELECT count(*) FROM concert WHERE Stadium_ID = (SELECT Stadium_ID FROM stadium ORDER BY Capacity DESC LIMIT 1)
pets_1,Find the number of pets whose weight is heavier than 10.,SELECT count(*) FROM pets WHERE weight  >  10,SELECT count(*) FROM Pets WHERE weight > 10;
pets_1,How many pets have a greater weight than 10?,SELECT count(*) FROM pets WHERE weight  >  10,SELECT count(*) FROM Pets WHERE weight > 10;
pets_1,Find the weight of the youngest dog.,SELECT weight FROM pets ORDER BY pet_age LIMIT 1,SELECT weight FROM Pets WHERE PetType = 'dog' ORDER BY pet_age ASC LIMIT 1;
pets_1,How much does the youngest dog weigh?,SELECT weight FROM pets ORDER BY pet_age LIMIT 1,SELECT weight FROM Pets WHERE PetType = 'dog' ORDER BY pet_age ASC LIMIT 1;
pets_1,Find the maximum weight for each type of pet. List the maximum weight and pet type.,"SELECT max(weight) ,  petType FROM pets GROUP BY petType","SELECT MAX(weight), PetType FROM Pets GROUP BY PetType"
pets_1,List the maximum weight and type for each type of pet.,"SELECT max(weight) ,  petType FROM pets GROUP BY petType","SELECT MAX(weight), PetType FROM Pets GROUP BY PetType"
pets_1,Find number of pets owned by students who are older than 20.,SELECT count(*) FROM student AS T1 JOIN has_pet AS T2 ON T1.stuid  =  T2.stuid WHERE T1.age  >  20,SELECT count(*) FROM Has_Pet JOIN Student ON Has_Pet.StuID = Student.StuID WHERE Student.Age > 20
pets_1,How many pets are owned by students that have an age greater than 20?,SELECT count(*) FROM student AS T1 JOIN has_pet AS T2 ON T1.stuid  =  T2.stuid WHERE T1.age  >  20,SELECT count(*) FROM Has_Pet JOIN Student ON Has_Pet.StuID = Student.StuID WHERE Student.Age > 20
pets_1,Find the number of dog pets that are raised by female students (with sex F).,SELECT count(*) FROM student AS T1 JOIN has_pet AS T2 ON T1.stuid  =  T2.stuid JOIN pets AS T3 ON T2.petid  =  T3.petid WHERE T1.sex  =  'F' AND T3.pettype  =  'dog',SELECT count(*) FROM Pets JOIN Has_Pet ON Pets.PetID = Has_Pet.PetID JOIN Student ON Has_Pet.StuID = Student.StuID WHERE Pets.PetType = 'dog' AND Student.Sex = 'F'
pets_1,How many dog pets are raised by female students?,SELECT count(*) FROM student AS T1 JOIN has_pet AS T2 ON T1.stuid  =  T2.stuid JOIN pets AS T3 ON T2.petid  =  T3.petid WHERE T1.sex  =  'F' AND T3.pettype  =  'dog',SELECT count(*) FROM Student AS T1 JOIN Has_Pet AS T2 ON T1.StuID = T2.StuID JOIN Pets AS T3 ON T2.PetID = T3.PetID WHERE T1.Sex = 'F' AND T3.PetType = 'dog'
pets_1,Find the number of distinct type of pets.,SELECT count(DISTINCT pettype) FROM pets,SELECT count(DISTINCT PetType) FROM Pets
pets_1,How many different types of pet are there?,SELECT count(DISTINCT pettype) FROM pets,SELECT count(DISTINCT PetType) FROM Pets
pets_1,Find the first name of students who have cat or dog pet.,SELECT DISTINCT T1.Fname FROM student AS T1 JOIN has_pet AS T2 ON T1.stuid  =  T2.stuid JOIN pets AS T3 ON T3.petid  =  T2.petid WHERE T3.pettype  =  'cat' OR T3.pettype  =  'dog',SELECT DISTINCT T1.Fname FROM Student AS T1 JOIN Has_Pet AS T2 ON T1.StuID = T2.StuID JOIN Pets AS T3 ON T2.PetID = T3.PetID WHERE T3.PetType = 'cat' OR T3.PetType = 'dog'
pets_1,What are the first names of every student who has a cat or dog as a pet?,SELECT DISTINCT T1.Fname FROM student AS T1 JOIN has_pet AS T2 ON T1.stuid  =  T2.stuid JOIN pets AS T3 ON T3.petid  =  T2.petid WHERE T3.pettype  =  'cat' OR T3.pettype  =  'dog',SELECT DISTINCT T1.Fname FROM Student AS T1 JOIN Has_Pet AS T2 ON T1.StuID = T2.StuID JOIN Pets AS T3 ON T2.PetID = T3.PetID WHERE T3.PetType = 'cat' OR T3.PetType = 'dog'
pets_1,Find the first name of students who have both cat and dog pets .,select t1.fname from student as t1 join has_pet as t2 on t1.stuid  =  t2.stuid join pets as t3 on t3.petid  =  t2.petid where t3.pettype  =  'cat' intersect select t1.fname from student as t1 join has_pet as t2 on t1.stuid  =  t2.stuid join pets as t3 on t3.petid  =  t2.petid where t3.pettype  =  'dog',SELECT T1.Fname FROM Student AS T1 JOIN Has_Pet AS T2 ON T1.StuID = T2.StuID JOIN Pets AS T3 ON T2.PetID = T3.PetID WHERE T3.PetType = 'cat' INTERSECT SELECT T1.Fname FROM Student AS T1 JOIN Has_Pet AS T2 ON T1.StuID = T2.StuID JOIN Pets AS T3 ON T2.PetID = T3.PetID WHERE T3.PetType = 'dog'
pets_1,What are the students' first names who have both cats and dogs as pets?,SELECT T1.Fname FROM student AS T1 JOIN has_pet AS T2 ON T1.stuid  =  T2.stuid JOIN pets AS T3 ON T3.petid  =  T2.petid WHERE T3.pettype  =  'cat' INTERSECT SELECT T1.Fname FROM student AS T1 JOIN has_pet AS T2 ON T1.stuid  =  T2.stuid JOIN pets AS T3 ON T3.petid  =  T2.petid WHERE T3.pettype  =  'dog',SELECT T1.Fname FROM Student AS T1 JOIN Has_Pet AS T2 ON T1.StuID = T2.StuID JOIN Pets AS T3 ON T2.PetID = T3.PetID WHERE T3.PetType = 'cat' INTERSECT SELECT T1.Fname FROM Student AS T1 JOIN Has_Pet AS T2 ON T1.StuID = T2.StuID JOIN Pets AS T3 ON T2.PetID = T3.PetID WHERE T3.PetType = 'dog'
pets_1,Find the major and age of students who do not have a cat pet.,"SELECT major ,  age FROM student WHERE stuid NOT IN (SELECT T1.stuid FROM student AS T1 JOIN has_pet AS T2 ON T1.stuid  =  T2.stuid JOIN pets AS T3 ON T3.petid  =  T2.petid WHERE T3.pettype  =  'cat')","SELECT Major, Age FROM Student WHERE StuID NOT IN (SELECT T1.StuID FROM Has_Pet AS T1 JOIN Pets AS T2 ON T1.PetID = T2.PetID WHERE T2.PetType = 'Cat')"
pets_1,"What major is every student who does not own a cat as a pet, and also how old are they?","SELECT major ,  age FROM student WHERE stuid NOT IN (SELECT T1.stuid FROM student AS T1 JOIN has_pet AS T2 ON T1.stuid  =  T2.stuid JOIN pets AS T3 ON T3.petid  =  T2.petid WHERE T3.pettype  =  'cat')","SELECT Major, Age FROM Student WHERE StuID NOT IN (SELECT T1.StuID FROM Has_Pet AS T1 JOIN Pets AS T2 ON T1.PetID = T2.PetID WHERE T2.PetType = 'Cat')"
pets_1,Find the id of students who do not have a cat pet.,SELECT stuid FROM student EXCEPT SELECT T1.stuid FROM student AS T1 JOIN has_pet AS T2 ON T1.stuid  =  T2.stuid JOIN pets AS T3 ON T3.petid  =  T2.petid WHERE T3.pettype  =  'cat',SELECT StuID FROM Student EXCEPT SELECT T1.StuID FROM Has_Pet AS T1 JOIN Pets AS T2 ON T1.PetID = T2.PetID WHERE T2.PetType = 'Cat'
pets_1,What are the ids of the students who do not own cats as pets?,SELECT stuid FROM student EXCEPT SELECT T1.stuid FROM student AS T1 JOIN has_pet AS T2 ON T1.stuid  =  T2.stuid JOIN pets AS T3 ON T3.petid  =  T2.petid WHERE T3.pettype  =  'cat',SELECT StuID FROM Student EXCEPT SELECT T1.StuID FROM Has_Pet AS T1 JOIN Pets AS T2 ON T1.PetID = T2.PetID WHERE T2.PetType = 'cat'
pets_1,Find the first name and age of students who have a dog but do not have a cat as a pet.,"SELECT T1.fname ,  T1.age FROM student AS T1 JOIN has_pet AS T2 ON T1.stuid  =  T2.stuid JOIN pets AS T3 ON T3.petid  =  T2.petid WHERE T3.pettype  =  'dog' AND T1.stuid NOT IN (SELECT T1.stuid FROM student AS T1 JOIN has_pet AS T2 ON T1.stuid  =  T2.stuid JOIN pets AS T3 ON T3.petid  =  T2.petid WHERE T3.pettype  =  'cat')","SELECT T1.Fname, T1.Age FROM Student AS T1 JOIN Has_Pet AS T2 ON T1.StuID = T2.StuID JOIN Pets AS T3 ON T2.PetID = T3.PetID WHERE T3.PetType = 'dog' EXCEPT SELECT T1.Fname, T1.Age FROM Student AS T1 JOIN Has_Pet AS T2 ON T1.StuID = T2.StuID JOIN Pets AS T3 ON T2.PetID = T3.PetID WHERE T3.PetType = 'cat'"
pets_1,What is the first name of every student who has a dog but does not have a cat?,"SELECT T1.fname ,  T1.age FROM student AS T1 JOIN has_pet AS T2 ON T1.stuid  =  T2.stuid JOIN pets AS T3 ON T3.petid  =  T2.petid WHERE T3.pettype  =  'dog' AND T1.stuid NOT IN (SELECT T1.stuid FROM student AS T1 JOIN has_pet AS T2 ON T1.stuid  =  T2.stuid JOIN pets AS T3 ON T3.petid  =  T2.petid WHERE T3.pettype  =  'cat')",SELECT Fname FROM Student WHERE StuID IN (SELECT StuID FROM Has_Pet JOIN Pets ON Has_Pet.PetID = Pets.PetID WHERE PetType = 'dog') AND StuID NOT IN (SELECT StuID FROM Has_Pet JOIN Pets ON Has_Pet.PetID = Pets.PetID WHERE PetType = 'cat')
pets_1,Find the type and weight of the youngest pet.,"SELECT pettype ,  weight FROM pets ORDER BY pet_age LIMIT 1","SELECT PetType, weight FROM Pets ORDER BY pet_age ASC LIMIT 1"
pets_1,"What type of pet is the youngest animal, and how much does it weigh?","SELECT pettype ,  weight FROM pets ORDER BY pet_age LIMIT 1","SELECT PetType, weight FROM Pets ORDER BY pet_age ASC LIMIT 1"
pets_1,Find the id and weight of all pets whose age is older than 1.,"SELECT petid ,  weight FROM pets WHERE pet_age  >  1","SELECT PetID, weight FROM Pets WHERE pet_age > 1"
pets_1,What is the id and weight of every pet who is older than 1?,"SELECT petid ,  weight FROM pets WHERE pet_age  >  1","SELECT PetID, weight FROM Pets WHERE pet_age > 1"
pets_1,Find the average and maximum age for each type of pet.,"SELECT avg(pet_age) ,  max(pet_age) ,  pettype FROM pets GROUP BY pettype","SELECT PetType, AVG(pet_age), MAX(pet_age) FROM Pets GROUP BY PetType"
pets_1,What is the average and maximum age for each pet type?,"SELECT avg(pet_age) ,  max(pet_age) ,  pettype FROM pets GROUP BY pettype","SELECT PetType, AVG(pet_age), MAX(pet_age) FROM Pets GROUP BY PetType"
pets_1,Find the average weight for each pet type.,"SELECT avg(weight) ,  pettype FROM pets GROUP BY pettype","SELECT PetType, AVG(weight) FROM Pets GROUP BY PetType"
pets_1,What is the average weight for each type of pet?,"SELECT avg(weight) ,  pettype FROM pets GROUP BY pettype","SELECT PetType, AVG(weight) FROM Pets GROUP BY PetType"
pets_1,Find the first name and age of students who have a pet.,"SELECT DISTINCT T1.fname ,  T1.age FROM student AS T1 JOIN has_pet AS T2 ON T1.stuid  =  T2.stuid","SELECT DISTINCT T1.Fname, T1.Age FROM Student AS T1 JOIN Has_Pet AS T2 ON T1.StuID = T2.StuID"
pets_1,What are the different first names and ages of the students who do have pets?,"SELECT DISTINCT T1.fname ,  T1.age FROM student AS T1 JOIN has_pet AS T2 ON T1.stuid  =  T2.stuid","SELECT DISTINCT T1.Fname, T1.Age FROM Student AS T1 JOIN Has_Pet AS T2 ON T1.StuID = T2.StuID"
pets_1,Find the id of the pet owned by student whose last name is ‘Smith’.,SELECT T2.petid FROM student AS T1 JOIN has_pet AS T2 ON T1.stuid  =  T2.stuid WHERE T1.Lname  =  'Smith',SELECT T1.PetID FROM Has_Pet AS T1 JOIN Student AS T2 ON T1.StuID = T2.StuID WHERE T2.LName = 'Smith'
pets_1,What is the id of the pet owned by the student whose last name is 'Smith'?,SELECT T2.petid FROM student AS T1 JOIN has_pet AS T2 ON T1.stuid  =  T2.stuid WHERE T1.Lname  =  'Smith',SELECT T1.PetID FROM Has_Pet AS T1 JOIN Student AS T2 ON T1.StuID = T2.StuID WHERE T2.LName = 'Smith'
pets_1,Find the number of pets for each student who has any pet and student id.,"SELECT count(*) ,  T1.stuid FROM student AS T1 JOIN has_pet AS T2 ON T1.stuid  =  T2.stuid GROUP BY T1.stuid","SELECT StuID, COUNT(*) FROM Has_Pet GROUP BY StuID"
pets_1,"For students who have pets , how many pets does each student have ? list their ids instead of names .","select count(*) ,  t1.stuid from student as t1 join has_pet as t2 on t1.stuid  =  t2.stuid group by t1.stuid","SELECT StuID, COUNT(PetID) FROM Has_Pet GROUP BY StuID"
pets_1,Find the first name and gender of student who have more than one pet.,"SELECT T1.fname ,  T1.sex FROM student AS T1 JOIN has_pet AS T2 ON T1.stuid  =  T2.stuid GROUP BY T1.stuid HAVING count(*)  >  1","SELECT T1.Fname, T1.Sex FROM Student AS T1 JOIN Has_Pet AS T2 ON T1.StuID = T2.StuID GROUP BY T1.StuID HAVING COUNT(*) > 1"
pets_1,What is the first name and gender of the all the students who have more than one pet?,"SELECT T1.fname ,  T1.sex FROM student AS T1 JOIN has_pet AS T2 ON T1.stuid  =  T2.stuid GROUP BY T1.stuid HAVING count(*)  >  1","SELECT T1.Fname, T1.Sex FROM Student AS T1 JOIN Has_Pet AS T2 ON T1.StuID = T2.StuID GROUP BY T1.StuID HAVING COUNT(*) > 1"
pets_1,Find the last name of the student who has a cat that is age 3.,SELECT T1.lname FROM student AS T1 JOIN has_pet AS T2 ON T1.stuid  =  T2.stuid JOIN pets AS T3 ON T3.petid  =  T2.petid WHERE T3.pet_age  =  3 AND T3.pettype  =  'cat',SELECT T1.LName FROM Student AS T1 JOIN Has_Pet AS T2 ON T1.StuID = T2.StuID JOIN Pets AS T3 ON T2.PetID = T3.PetID WHERE T3.PetType = 'cat' AND T3.pet_age = 3
pets_1,What is the last name of the student who has a cat that is 3 years old?,SELECT T1.lname FROM student AS T1 JOIN has_pet AS T2 ON T1.stuid  =  T2.stuid JOIN pets AS T3 ON T3.petid  =  T2.petid WHERE T3.pet_age  =  3 AND T3.pettype  =  'cat',SELECT T1.LName FROM Student AS T1 JOIN Has_Pet AS T2 ON T1.StuID = T2.StuID JOIN Pets AS T3 ON T2.PetID = T3.PetID WHERE T3.PetType = 'cat' AND T3.pet_age = 3
pets_1,Find the average age of students who do not have any pet .,select avg(age) from student where stuid not in (select stuid from has_pet),SELECT AVG(Age) FROM Student WHERE StuID NOT IN (SELECT StuID FROM Has_Pet)
pets_1,What is the average age for all students who do not own any pets ?,select avg(age) from student where stuid not in (select stuid from has_pet),SELECT AVG(Age) FROM Student WHERE StuID NOT IN (SELECT StuID FROM Has_Pet)
car_1,How many continents are there?,SELECT count(*) FROM CONTINENTS;,SELECT count(*) FROM continents
car_1,What is the number of continents?,SELECT count(*) FROM CONTINENTS;,SELECT count(*) FROM continents
car_1,"How many countries does each continent have? List the continent id, continent name and the number of countries.","SELECT T1.ContId ,  T1.Continent ,  count(*) FROM CONTINENTS AS T1 JOIN COUNTRIES AS T2 ON T1.ContId  =  T2.Continent GROUP BY T1.ContId;","SELECT T1.ContId, T1.Continent, COUNT(T2.CountryId) FROM continents AS T1 JOIN countries AS T2 ON T1.ContId = T2.Continent GROUP BY T1.ContId"
car_1,"For each continent, list its id, name, and how many countries it has?","SELECT T1.ContId ,  T1.Continent ,  count(*) FROM CONTINENTS AS T1 JOIN COUNTRIES AS T2 ON T1.ContId  =  T2.Continent GROUP BY T1.ContId;","SELECT T1.ContId, T1.Continent, COUNT(T2.CountryId) FROM continents AS T1 JOIN countries AS T2 ON T1.ContId = T2.Continent GROUP BY T1.ContId"
car_1,How many countries are listed?,SELECT count(*) FROM COUNTRIES;,SELECT count(*) FROM countries;
car_1,How many countries exist?,SELECT count(*) FROM COUNTRIES;,SELECT count(*) FROM countries;
car_1,"How many models does each car maker produce? List maker full name, id and the number.","SELECT T1.FullName ,  T1.Id ,  count(*) FROM CAR_MAKERS AS T1 JOIN MODEL_LIST AS T2 ON T1.Id  =  T2.Maker GROUP BY T1.Id;","SELECT T1.FullName, T1.Id, COUNT(T2.Model) FROM car_makers AS T1 JOIN model_list AS T2 ON T1.Id = T2.Maker GROUP BY T1.Id"
car_1,"What is the full name of each car maker, along with its id and how many models it produces?","SELECT T1.FullName ,  T1.Id ,  count(*) FROM CAR_MAKERS AS T1 JOIN MODEL_LIST AS T2 ON T1.Id  =  T2.Maker GROUP BY T1.Id;","SELECT T1.FullName, T1.Id, COUNT(T2.Model) FROM car_makers AS T1 JOIN model_list AS T2 ON T1.Id = T2.Maker GROUP BY T1.Id"
car_1,Which model of the car has the minimum horsepower?,SELECT T1.Model FROM CAR_NAMES AS T1 JOIN CARS_DATA AS T2 ON T1.MakeId  =  T2.Id ORDER BY T2.horsepower ASC LIMIT 1;,SELECT T2.Model FROM cars_data AS T1 JOIN car_names AS T2 ON T1.Id = T2.MakeId ORDER BY CAST(T1.Horsepower AS REAL) ASC LIMIT 1
car_1,What is the model of the car with the smallest amount of horsepower?,SELECT T1.Model FROM CAR_NAMES AS T1 JOIN CARS_DATA AS T2 ON T1.MakeId  =  T2.Id ORDER BY T2.horsepower ASC LIMIT 1;,SELECT T1.Model FROM car_names AS T1 JOIN cars_data AS T2 ON T1.MakeId = T2.Id ORDER BY CAST(T2.Horsepower AS REAL) ASC LIMIT 1
car_1,Find the model of the car whose weight is below the average weight.,SELECT T1.model FROM CAR_NAMES AS T1 JOIN CARS_DATA AS T2 ON T1.MakeId  =  T2.Id WHERE T2.Weight  <  (SELECT avg(Weight) FROM CARS_DATA),SELECT T2.Model FROM cars_data AS T1 JOIN car_names AS T2 ON T1.Id = T2.MakeId WHERE T1.Weight < (SELECT AVG(Weight) FROM cars_data)
car_1,What is the model for the car with a weight smaller than the average?,SELECT T1.model FROM CAR_NAMES AS T1 JOIN CARS_DATA AS T2 ON T1.MakeId  =  T2.Id WHERE T2.Weight  <  (SELECT avg(Weight) FROM CARS_DATA),SELECT T2.Model FROM cars_data AS T1 JOIN car_names AS T2 ON T1.Id = T2.MakeId WHERE T1.Weight < (SELECT AVG(Weight) FROM cars_data)
car_1,Find the name of the makers that produced some cars in the year of 1970?,SELECT DISTINCT T1.Maker FROM CAR_MAKERS AS T1 JOIN MODEL_LIST AS T2 ON T1.Id  =  T2.Maker JOIN CAR_NAMES AS T3 ON T2.model  =  T3.model JOIN CARS_DATA AS T4 ON T3.MakeId  =  T4.id WHERE T4.year  =  '1970';,SELECT DISTINCT T3.Maker FROM cars_data AS T1 JOIN car_names AS T2 ON T1.Id = T2.MakeId JOIN model_list AS T4 ON T2.Model = T4.Model JOIN car_makers AS T3 ON T4.Maker = T3.Id WHERE T1.Year = 1970
car_1,What is the name of the different car makers who produced a car in 1970?,SELECT DISTINCT T1.Maker FROM CAR_MAKERS AS T1 JOIN MODEL_LIST AS T2 ON T1.Id  =  T2.Maker JOIN CAR_NAMES AS T3 ON T2.model  =  T3.model JOIN CARS_DATA AS T4 ON T3.MakeId  =  T4.id WHERE T4.year  =  '1970';,SELECT DISTINCT T3.Maker FROM cars_data AS T1 JOIN car_names AS T2 ON T1.Id = T2.MakeId JOIN model_list AS T4 ON T2.Model = T4.Model JOIN car_makers AS T3 ON T4.Maker = T3.Id WHERE T1.Year = 1970
car_1,Find the make and production time of the cars that were produced in the earliest year?,"SELECT T2.Make ,  T1.Year FROM CARS_DATA AS T1 JOIN CAR_NAMES AS T2 ON T1.Id  =  T2.MakeId WHERE T1.Year  =  (SELECT min(YEAR) FROM CARS_DATA);","SELECT T2.Make, T1.Year FROM cars_data AS T1 JOIN car_names AS T2 ON T1.Id = T2.MakeId WHERE T1.Year = (SELECT MIN(Year) FROM cars_data)"
car_1,What is the maker of the carr produced in the earliest year and what year was it?,"SELECT T2.Make ,  T1.Year FROM CARS_DATA AS T1 JOIN CAR_NAMES AS T2 ON T1.Id  =  T2.MakeId WHERE T1.Year  =  (SELECT min(YEAR) FROM CARS_DATA);","SELECT T2.Maker, T1.Year FROM cars_data AS T1 JOIN car_makers AS T2 ON T1.Id = T2.Id ORDER BY T1.Year ASC LIMIT 1"
car_1,Which distinct car models are the produced after 1980?,SELECT DISTINCT T1.model FROM MODEL_LIST AS T1 JOIN CAR_NAMES AS T2 ON T1.model  =  T2.model JOIN CARS_DATA AS T3 ON T2.MakeId  =  T3.id WHERE T3.year  >  1980;,SELECT DISTINCT T2.Model FROM cars_data AS T1 JOIN car_names AS T2 ON T1.Id = T2.MakeId WHERE T1.Year > 1980
car_1,What are the different models for the cards produced after 1980?,SELECT DISTINCT T1.model FROM MODEL_LIST AS T1 JOIN CAR_NAMES AS T2 ON T1.model  =  T2.model JOIN CARS_DATA AS T3 ON T2.MakeId  =  T3.id WHERE T3.year  >  1980;,SELECT DISTINCT T2.Model FROM cars_data AS T1 JOIN car_names AS T2 ON T1.Id = T2.MakeId WHERE T1.Year > 1980
car_1,How many car makers are there in each continents? List the continent name and the count.,"SELECT T1.Continent ,  count(*) FROM CONTINENTS AS T1 JOIN COUNTRIES AS T2 ON T1.ContId  =  T2.continent JOIN car_makers AS T3 ON T2.CountryId  =  T3.Country GROUP BY T1.Continent;","SELECT T1.Continent, COUNT(T3.Id) FROM continents AS T1 JOIN countries AS T2 ON T1.ContId = T2.Continent JOIN car_makers AS T3 ON T2.CountryId = T3.Country GROUP BY T1.Continent"
car_1,What is the name of each continent and how many car makers are there in each one?,"SELECT T1.Continent ,  count(*) FROM CONTINENTS AS T1 JOIN COUNTRIES AS T2 ON T1.ContId  =  T2.continent JOIN car_makers AS T3 ON T2.CountryId  =  T3.Country GROUP BY T1.Continent;","SELECT T1.Continent, COUNT(T2.Id) FROM continents AS T1 JOIN countries AS T3 ON T1.ContId = T3.Continent JOIN car_makers AS T2 ON T3.CountryId = T2.Country GROUP BY T1.Continent"
car_1,Which of the countries has the most car makers? List the country name.,SELECT T2.CountryName FROM CAR_MAKERS AS T1 JOIN COUNTRIES AS T2 ON T1.Country  =  T2.CountryId GROUP BY T1.Country ORDER BY Count(*) DESC LIMIT 1;,SELECT T1.CountryName FROM countries AS T1 JOIN car_makers AS T2 ON T1.CountryId = T2.Country GROUP BY T1.CountryName ORDER BY COUNT(*) DESC LIMIT 1
car_1,What is the name of the country with the most car makers?,SELECT T2.CountryName FROM CAR_MAKERS AS T1 JOIN COUNTRIES AS T2 ON T1.Country  =  T2.CountryId GROUP BY T1.Country ORDER BY Count(*) DESC LIMIT 1;,SELECT T1.CountryName FROM countries AS T1 JOIN car_makers AS T2 ON T1.CountryId = T2.Country GROUP BY T1.CountryId ORDER BY COUNT(*) DESC LIMIT 1
car_1,How many car models are produced by each maker ? Only list the count and the maker full name .,"select count(*) ,  t2.fullname from model_list as t1 join car_makers as t2 on t1.maker  =  t2.id group by t2.id;","SELECT COUNT(T1.ModelId), T2.FullName FROM model_list AS T1 JOIN car_makers AS T2 ON T1.Maker = T2.Id GROUP BY T2.FullName"
car_1,What is the number of car models that are produced by each maker and what is the id and full name of each maker?,"SELECT Count(*) ,  T2.FullName ,  T2.id FROM MODEL_LIST AS T1 JOIN CAR_MAKERS AS T2 ON T1.Maker  =  T2.Id GROUP BY T2.id;","SELECT T1.Id, T1.FullName, COUNT(T2.Model) FROM car_makers AS T1 JOIN model_list AS T2 ON T1.Id = T2.Maker GROUP BY T1.Id"
car_1,What is the accelerate of the car make amc hornet sportabout (sw)?,SELECT T1.Accelerate FROM CARS_DATA AS T1 JOIN CAR_NAMES AS T2 ON T1.Id  =  T2.MakeId WHERE T2.Make  =  'amc hornet sportabout (sw)';,SELECT T2.Accelerate FROM car_names AS T1 JOIN cars_data AS T2 ON T1.MakeId = T2.Id WHERE T1.Make = 'amc hornet sportabout (sw)'
car_1,How much does the car accelerate that makes amc hornet sportabout (sw)?,SELECT T1.Accelerate FROM CARS_DATA AS T1 JOIN CAR_NAMES AS T2 ON T1.Id  =  T2.MakeId WHERE T2.Make  =  'amc hornet sportabout (sw)';,SELECT T2.Accelerate FROM car_names AS T1 JOIN cars_data AS T2 ON T1.MakeId = T2.Id WHERE T1.Model = 'amc hornet sportabout (sw)'
car_1,How many car makers are there in france?,SELECT count(*) FROM CAR_MAKERS AS T1 JOIN COUNTRIES AS T2 ON T1.Country  =  T2.CountryId WHERE T2.CountryName  =  'france';,SELECT count(*) FROM car_makers JOIN countries ON car_makers.Country = countries.CountryId WHERE countries.CountryName = 'france'
car_1,What is the number of makers of care in France?,SELECT count(*) FROM CAR_MAKERS AS T1 JOIN COUNTRIES AS T2 ON T1.Country  =  T2.CountryId WHERE T2.CountryName  =  'france';,SELECT count(*) FROM car_makers JOIN countries ON car_makers.Country = countries.CountryId WHERE countries.CountryName = 'France'
car_1,How many car models are produced in the usa?,SELECT count(*) FROM MODEL_LIST AS T1 JOIN CAR_MAKERS AS T2 ON T1.Maker  =  T2.Id JOIN COUNTRIES AS T3 ON T2.Country  =  T3.CountryId WHERE T3.CountryName  =  'usa';,SELECT count(*) FROM model_list JOIN car_makers ON model_list.Maker = car_makers.Id JOIN countries ON car_makers.Country = countries.CountryId WHERE countries.CountryName = 'usa'
car_1,What is the count of the car models produced in the United States?,SELECT count(*) FROM MODEL_LIST AS T1 JOIN CAR_MAKERS AS T2 ON T1.Maker  =  T2.Id JOIN COUNTRIES AS T3 ON T2.Country  =  T3.CountryId WHERE T3.CountryName  =  'usa';,SELECT count(*) FROM model_list JOIN car_makers ON model_list.Maker = car_makers.Id JOIN countries ON car_makers.Country = countries.CountryId WHERE countries.CountryName = 'United States'
car_1,What is the average miles per gallon(mpg) of the cars with 4 cylinders?,SELECT avg(mpg) FROM CARS_DATA WHERE Cylinders  =  4;,SELECT AVG(MPG) FROM cars_data WHERE Cylinders = 4;
car_1,What is the average miles per gallon of all the cards with 4 cylinders?,SELECT avg(mpg) FROM CARS_DATA WHERE Cylinders  =  4;,SELECT AVG(MPG) FROM cars_data WHERE Cylinders = 4;
car_1,What is the smallest weight of the car produced with 8 cylinders on 1974 ?,select min(weight) from cars_data where cylinders  =  8 and year  =  1974,SELECT MIN(Weight) FROM cars_data WHERE Cylinders = 8 AND Year = 1974
car_1,What is the minimum weight of the car with 8 cylinders produced in 1974 ?,select min(weight) from cars_data where cylinders  =  8 and year  =  1974,SELECT MIN(T1.Weight) FROM cars_data AS T1 WHERE T1.Cylinders = 8 AND T1.Year = 1974
car_1,What are all the makers and models?,"SELECT Maker ,  Model FROM MODEL_LIST;","SELECT T1.Maker, T2.Model FROM car_makers AS T1 JOIN model_list AS T2 ON T1.Id = T2.Maker"
car_1,What are the makers and models?,"SELECT Maker ,  Model FROM MODEL_LIST;","SELECT T1.Maker, T2.Model FROM car_makers AS T1 JOIN model_list AS T2 ON T1.Id = T2.Maker"
car_1,What are the countries having at least one car maker? List name and id.,"SELECT T1.CountryName ,  T1.CountryId FROM COUNTRIES AS T1 JOIN CAR_MAKERS AS T2 ON T1.CountryId  =  T2.Country GROUP BY T1.CountryId HAVING count(*)  >=  1;","SELECT DISTINCT T2.CountryName, T2.CountryId FROM car_makers AS T1 JOIN countries AS T2 ON T1.Country = T2.CountryId"
car_1,What are the names and ids of all countries with at least one car maker?,"SELECT T1.CountryName ,  T1.CountryId FROM COUNTRIES AS T1 JOIN CAR_MAKERS AS T2 ON T1.CountryId  =  T2.Country GROUP BY T1.CountryId HAVING count(*)  >=  1;","SELECT DISTINCT T1.CountryName, T1.CountryId FROM countries AS T1 JOIN car_makers AS T2 ON T1.CountryId = T2.Country"
car_1,What is the number of the cars with horsepower more than 150?,SELECT count(*) FROM CARS_DATA WHERE horsepower  >  150;,SELECT count(*) FROM cars_data WHERE Horsepower > 150
car_1,What is the number of cars with a horsepower greater than 150?,SELECT count(*) FROM CARS_DATA WHERE horsepower  >  150;,SELECT count(*) FROM cars_data WHERE CAST(Horsepower AS REAL) > 150;
car_1,What is the average weight of cars each year?,"SELECT avg(Weight) ,  YEAR FROM CARS_DATA GROUP BY YEAR;","SELECT Year, AVG(Weight) FROM cars_data GROUP BY Year"
car_1,What is the average weight and year for each year?,"SELECT avg(Weight) ,  YEAR FROM CARS_DATA GROUP BY YEAR;",SELECT 'ERROR: 504 Deadline Exceeded'
car_1,Which countries in europe have at least 3 car manufacturers?,SELECT T1.CountryName FROM COUNTRIES AS T1 JOIN CONTINENTS AS T2 ON T1.Continent  =  T2.ContId JOIN CAR_MAKERS AS T3 ON T1.CountryId  =  T3.Country WHERE T2.Continent  =  'europe' GROUP BY T1.CountryName HAVING count(*)  >=  3;,"SELECT 'ERROR: Timeout of 600.0s exceeded, last exception: 503 failed to connect to all addresses; last error: UNKNOWN: ipv4:172.217.162.10:443: tcp handshaker shutdown'"
car_1,What are the names of all European countries with at least 3 manufacturers?,SELECT T1.CountryName FROM COUNTRIES AS T1 JOIN CONTINENTS AS T2 ON T1.Continent  =  T2.ContId JOIN CAR_MAKERS AS T3 ON T1.CountryId  =  T3.Country WHERE T2.Continent  =  'europe' GROUP BY T1.CountryName HAVING count(*)  >=  3;,"SELECT 'ERROR: Timeout of 600.0s exceeded, last exception: 503 failed to connect to all addresses; last error: UNKNOWN: ipv4:142.250.219.234:443: tcp handshaker shutdown'"
car_1,What is the maximum horsepower and the make of the car models with 3 cylinders?,"SELECT T2.horsepower ,  T1.Make FROM CAR_NAMES AS T1 JOIN CARS_DATA AS T2 ON T1.MakeId  =  T2.Id WHERE T2.cylinders  =  3 ORDER BY T2.horsepower DESC LIMIT 1;","SELECT 'ERROR: Timeout of 600.0s exceeded, last exception: 503 failed to connect to all addresses; last error: UNKNOWN: ipv4:172.217.29.74:443: tcp handshaker shutdown'"
car_1,What is the largest amount of horsepower for the models with 3 cylinders and what make is it?,"SELECT T2.horsepower ,  T1.Make FROM CAR_NAMES AS T1 JOIN CARS_DATA AS T2 ON T1.MakeId  =  T2.Id WHERE T2.cylinders  =  3 ORDER BY T2.horsepower DESC LIMIT 1;","SELECT 'ERROR: Timeout of 600.0s exceeded, last exception: 503 failed to connect to all addresses; last error: UNKNOWN: ipv4:172.217.28.202:443: socket is null'"
car_1,"Which model saves the most gasoline? That is to say, have the maximum miles per gallon.",SELECT T1.Model FROM CAR_NAMES AS T1 JOIN CARS_DATA AS T2 ON T1.MakeId  =  T2.Id ORDER BY T2.mpg DESC LIMIT 1;,"SELECT 'ERROR: Timeout of 600.0s exceeded, last exception: 503 failed to connect to all addresses; last error: UNKNOWN: ipv4:172.217.28.138:443: tcp handshaker shutdown'"
car_1,What is the car model with the highest mpg ?,select t1.model from car_names as t1 join cars_data as t2 on t1.makeid  =  t2.id order by t2.mpg desc limit 1;,"SELECT 'ERROR: Timeout of 600.0s exceeded, last exception: 503 failed to connect to all addresses; last error: UNKNOWN: ipv4:172.217.29.138:443: tcp handshaker shutdown'"
car_1,What is the average horsepower of the cars before 1980?,SELECT avg(horsepower) FROM CARS_DATA WHERE YEAR  <  1980;,"SELECT 'ERROR: Timeout of 600.0s exceeded, last exception: 503 failed to connect to all addresses; last error: UNKNOWN: ipv4:172.217.29.170:443: socket is null'"
car_1,What is the average horsepower for all cars produced before 1980 ?,select avg(horsepower) from cars_data where year  <  1980;,"SELECT 'ERROR: Timeout of 600.0s exceeded, last exception: 503 failed to connect to all addresses; last error: UNKNOWN: ipv4:142.250.219.202:443: tcp handshaker shutdown'"
car_1,What is the average edispl of the cars of model volvo?,SELECT avg(T2.edispl) FROM CAR_NAMES AS T1 JOIN CARS_DATA AS T2 ON T1.MakeId  =  T2.Id WHERE T1.Model  =  'volvo';,"SELECT 'ERROR: Timeout of 600.0s exceeded, last exception: 503 failed to connect to all addresses; last error: UNKNOWN: ipv4:142.250.78.106:443: tcp handshaker shutdown'"
car_1,What is the average weight and year for each year?,"SELECT avg(Weight) ,  YEAR FROM CARS_DATA GROUP BY YEAR;","SELECT Year, AVG(Weight), AVG(Year) FROM cars_data GROUP BY Year"
car_1,Which countries in europe have at least 3 car manufacturers?,SELECT T1.CountryName FROM COUNTRIES AS T1 JOIN CONTINENTS AS T2 ON T1.Continent  =  T2.ContId JOIN CAR_MAKERS AS T3 ON T1.CountryId  =  T3.Country WHERE T2.Continent  =  'europe' GROUP BY T1.CountryName HAVING count(*)  >=  3;,SELECT T2.CountryName FROM car_makers AS T1 JOIN countries AS T2 ON T1.Country = T2.CountryId JOIN continents AS T3 ON T2.Continent = T3.ContId WHERE T3.Continent = 'Europe' GROUP BY T2.CountryName HAVING count(*) >= 3
car_1,What are the names of all European countries with at least 3 manufacturers?,SELECT T1.CountryName FROM COUNTRIES AS T1 JOIN CONTINENTS AS T2 ON T1.Continent  =  T2.ContId JOIN CAR_MAKERS AS T3 ON T1.CountryId  =  T3.Country WHERE T2.Continent  =  'europe' GROUP BY T1.CountryName HAVING count(*)  >=  3;,SELECT T1.CountryName FROM countries AS T1 JOIN continents AS T2 ON T1.Continent = T2.ContId JOIN car_makers AS T3 ON T1.CountryId = T3.Country WHERE T2.Continent = 'Europe' GROUP BY T1.CountryName HAVING COUNT(T3.Id) >= 3
car_1,What is the maximum horsepower and the make of the car models with 3 cylinders?,"SELECT T2.horsepower ,  T1.Make FROM CAR_NAMES AS T1 JOIN CARS_DATA AS T2 ON T1.MakeId  =  T2.Id WHERE T2.cylinders  =  3 ORDER BY T2.horsepower DESC LIMIT 1;","SELECT MAX(T2.Horsepower), T1.Make FROM car_names AS T1 JOIN cars_data AS T2 ON T1.MakeId = T2.Id WHERE T2.Cylinders = 3 GROUP BY T1.Make"
car_1,What is the largest amount of horsepower for the models with 3 cylinders and what make is it?,"SELECT T2.horsepower ,  T1.Make FROM CAR_NAMES AS T1 JOIN CARS_DATA AS T2 ON T1.MakeId  =  T2.Id WHERE T2.cylinders  =  3 ORDER BY T2.horsepower DESC LIMIT 1;","SELECT T1.Horsepower, T2.Make FROM cars_data AS T1 JOIN car_names AS T2 ON T1.Id = T2.MakeId WHERE T1.Cylinders = 3 ORDER BY CAST(T1.Horsepower AS REAL) DESC LIMIT 1"
car_1,"Which model saves the most gasoline? That is to say, have the maximum miles per gallon.",SELECT T1.Model FROM CAR_NAMES AS T1 JOIN CARS_DATA AS T2 ON T1.MakeId  =  T2.Id ORDER BY T2.mpg DESC LIMIT 1;,SELECT T2.Model FROM cars_data AS T1 JOIN car_names AS T2 ON T1.Id = T2.MakeId ORDER BY CAST(T1.MPG AS REAL) DESC LIMIT 1
car_1,What is the car model with the highest mpg ?,select t1.model from car_names as t1 join cars_data as t2 on t1.makeid  =  t2.id order by t2.mpg desc limit 1;,SELECT T2.Model FROM cars_data AS T1 JOIN car_names AS T2 ON T1.Id = T2.MakeId ORDER BY CAST(T1.MPG AS REAL) DESC LIMIT 1
car_1,What is the average horsepower of the cars before 1980?,SELECT avg(horsepower) FROM CARS_DATA WHERE YEAR  <  1980;,SELECT AVG(Horsepower) FROM cars_data WHERE Year < 1980
car_1,What is the average horsepower for all cars produced before 1980 ?,select avg(horsepower) from cars_data where year  <  1980;,SELECT AVG(Horsepower) FROM cars_data WHERE Year < 1980
car_1,What is the average edispl of the cars of model volvo?,SELECT avg(T2.edispl) FROM CAR_NAMES AS T1 JOIN CARS_DATA AS T2 ON T1.MakeId  =  T2.Id WHERE T1.Model  =  'volvo';,SELECT AVG(T1.Edispl) FROM cars_data AS T1 JOIN car_names AS T2 ON T1.Id = T2.MakeId WHERE T2.Make = 'volvo'
car_1,What is the average edispl for all volvos?,SELECT avg(T2.edispl) FROM CAR_NAMES AS T1 JOIN CARS_DATA AS T2 ON T1.MakeId  =  T2.Id WHERE T1.Model  =  'volvo';,SELECT AVG(T3.Edispl) FROM car_makers AS T1 JOIN model_list AS T2 ON T1.Id = T2.Maker JOIN cars_data AS T3 ON T2.ModelId = T3.Id WHERE T1.Maker = 'volvo'
car_1,What is the maximum accelerate for different number of cylinders?,"SELECT max(Accelerate) ,  Cylinders FROM CARS_DATA GROUP BY Cylinders;","SELECT Cylinders, MAX(Accelerate) FROM cars_data GROUP BY Cylinders"
car_1,What is the maximum accelerate for all the different cylinders?,"SELECT max(Accelerate) ,  Cylinders FROM CARS_DATA GROUP BY Cylinders;","SELECT Cylinders, MAX(Accelerate) FROM cars_data GROUP BY Cylinders"
car_1,Which model has the most version(make) of cars?,SELECT Model FROM CAR_NAMES GROUP BY Model ORDER BY count(*) DESC LIMIT 1;,SELECT T1.Model FROM model_list AS T1 JOIN car_names AS T2 ON T1.Model = T2.Model GROUP BY T1.Model ORDER BY COUNT(*) DESC LIMIT 1
car_1,What model has the most different versions?,SELECT Model FROM CAR_NAMES GROUP BY Model ORDER BY count(*) DESC LIMIT 1;,SELECT T1.Model FROM model_list AS T1 JOIN car_names AS T2 ON T1.Model = T2.Model GROUP BY T1.Model ORDER BY COUNT(*) DESC LIMIT 1
car_1,How many cars have more than 4 cylinders?,SELECT count(*) FROM CARS_DATA WHERE Cylinders  >  4;,SELECT count(*) FROM cars_data WHERE Cylinders > 4;
car_1,What is the number of cars with more than 4 cylinders?,SELECT count(*) FROM CARS_DATA WHERE Cylinders  >  4;,SELECT count(*) FROM cars_data WHERE Cylinders > 4;
car_1,how many cars were produced in 1980?,SELECT count(*) FROM CARS_DATA WHERE YEAR  =  1980;,SELECT count(*) FROM cars_data WHERE Year = 1980;
car_1,"In 1980, how many cars were made?",SELECT count(*) FROM CARS_DATA WHERE YEAR  =  1980;,SELECT count(*) FROM cars_data WHERE Year = 1980;
car_1,How many car models were produced by the maker with full name American Motor Company?,SELECT count(*) FROM CAR_MAKERS AS T1 JOIN MODEL_LIST AS T2 ON T1.Id  =  T2.Maker WHERE T1.FullName  =  'American Motor Company';,SELECT count(*) FROM model_list JOIN car_makers ON model_list.Maker = car_makers.Id WHERE car_makers.FullName = 'American Motor Company'
car_1,What is the number of car models created by the car maker American Motor Company?,SELECT count(*) FROM CAR_MAKERS AS T1 JOIN MODEL_LIST AS T2 ON T1.Id  =  T2.Maker WHERE T1.FullName  =  'American Motor Company';,SELECT count(*) FROM model_list JOIN car_makers ON model_list.Maker = car_makers.Id WHERE car_makers.FullName = 'American Motor Company'
car_1,Which makers designed more than 3 car models? List full name and the id.,"SELECT T1.FullName ,  T1.Id FROM CAR_MAKERS AS T1 JOIN MODEL_LIST AS T2 ON T1.Id  =  T2.Maker GROUP BY T1.Id HAVING count(*)  >  3;","SELECT T1.FullName, T1.Id FROM car_makers AS T1 JOIN model_list AS T2 ON T1.Id = T2.Maker GROUP BY T1.Id HAVING COUNT(T2.Model) > 3"
car_1,What are the names and ids of all makers with more than 3 models?,"SELECT T1.FullName ,  T1.Id FROM CAR_MAKERS AS T1 JOIN MODEL_LIST AS T2 ON T1.Id  =  T2.Maker GROUP BY T1.Id HAVING count(*)  >  3;","SELECT T1.Maker, T1.Id FROM car_makers AS T1 JOIN model_list AS T2 ON T1.Id = T2.Maker GROUP BY T1.Id HAVING COUNT(*) > 3"
car_1,Which distinctive models are produced by maker with the full name General Motors or weighing more than 3500?,SELECT DISTINCT T2.Model FROM CAR_NAMES AS T1 JOIN MODEL_LIST AS T2 ON T1.Model  =  T2.Model JOIN CAR_MAKERS AS T3 ON T2.Maker  =  T3.Id JOIN CARS_DATA AS T4 ON T1.MakeId  =  T4.Id WHERE T3.FullName  =  'General Motors' OR T4.weight  >  3500;,SELECT DISTINCT T2.Model FROM car_makers AS T1 JOIN model_list AS T2 ON T1.Id = T2.Maker JOIN cars_data AS T3 ON T2.ModelId = T3.Id WHERE T1.FullName = 'General Motors' OR T3.Weight > 3500
car_1,What are the different models created by either the car maker General Motors or weighed more than 3500?,SELECT DISTINCT T2.Model FROM CAR_NAMES AS T1 JOIN MODEL_LIST AS T2 ON T1.Model  =  T2.Model JOIN CAR_MAKERS AS T3 ON T2.Maker  =  T3.Id JOIN CARS_DATA AS T4 ON T1.MakeId  =  T4.Id WHERE T3.FullName  =  'General Motors' OR T4.weight  >  3500;,SELECT T1.Model FROM model_list AS T1 JOIN car_makers AS T2 ON T1.Maker = T2.Id JOIN cars_data AS T3 ON T1.ModelId = T3.Id WHERE T2.FullName = 'General Motors' OR T3.Weight > 3500
car_1,In which years cars were produced weighing no less than 3000 and no more than 4000 ?,select distinct year from cars_data where weight between 3000 and 4000;,SELECT DISTINCT Year FROM cars_data WHERE Weight BETWEEN 3000 AND 4000;
car_1,What are the different years in which there were cars produced that weighed less than 4000 and also cars that weighted more than 3000 ?,select distinct year from cars_data where weight between 3000 and 4000;,SELECT Year FROM cars_data WHERE Weight < 4000 INTERSECT SELECT Year FROM cars_data WHERE Weight > 3000
car_1,What is the horsepower of the car with the largest accelerate?,SELECT T1.horsepower FROM CARS_DATA AS T1 ORDER BY T1.accelerate DESC LIMIT 1;,SELECT Horsepower FROM cars_data ORDER BY Accelerate DESC LIMIT 1
car_1,What is the horsepower of the car with the greatest accelerate?,SELECT T1.horsepower FROM CARS_DATA AS T1 ORDER BY T1.accelerate DESC LIMIT 1;,SELECT Horsepower FROM cars_data ORDER BY Accelerate DESC LIMIT 1
car_1,"For model volvo, how many cylinders does the car with the least accelerate have?",SELECT T1.cylinders FROM CARS_DATA AS T1 JOIN CAR_NAMES AS T2 ON T1.Id  =  T2.MakeId WHERE T2.Model  =  'volvo' ORDER BY T1.accelerate ASC LIMIT 1;,SELECT T2.Cylinders FROM car_names AS T1 JOIN cars_data AS T2 ON T1.MakeId = T2.Id WHERE T1.Model = 'volvo' ORDER BY T2.Accelerate ASC LIMIT 1
car_1,"For a volvo model, how many cylinders does the version with least accelerate have?",SELECT T1.cylinders FROM CARS_DATA AS T1 JOIN CAR_NAMES AS T2 ON T1.Id  =  T2.MakeId WHERE T2.Model  =  'volvo' ORDER BY T1.accelerate ASC LIMIT 1;,SELECT T1.Cylinders FROM cars_data AS T1 JOIN car_names AS T2 ON T1.Id = T2.MakeId WHERE T2.Make = 'volvo' ORDER BY T1.Accelerate ASC LIMIT 1
car_1,How many cars have a larger accelerate than the car with the largest horsepower?,SELECT COUNT(*) FROM CARS_DATA WHERE Accelerate  >  ( SELECT Accelerate FROM CARS_DATA ORDER BY Horsepower DESC LIMIT 1 );,SELECT COUNT(*) FROM cars_data WHERE Accelerate > (SELECT Accelerate FROM cars_data WHERE Horsepower = (SELECT MAX(Horsepower) FROM cars_data))
car_1,What is the number of cars with a greater accelerate than the one with the most horsepower?,SELECT COUNT(*) FROM CARS_DATA WHERE Accelerate  >  ( SELECT Accelerate FROM CARS_DATA ORDER BY Horsepower DESC LIMIT 1 );,SELECT count(*) FROM cars_data WHERE Accelerate > (SELECT Accelerate FROM cars_data ORDER BY CAST(Horsepower AS REAL) DESC LIMIT 1)
car_1,How many countries has more than 2 car makers ?,select count(*) from countries as t1 join car_makers as t2 on t1.countryid  =  t2.country group by t1.countryid having count(*)  >  2,SELECT count(*) FROM (SELECT Country FROM car_makers GROUP BY Country HAVING count(*) > 2)
car_1,What is the number of countries with more than 2 car makers ?,select count(*) from countries as t1 join car_makers as t2 on t1.countryid  =  t2.country group by t1.countryid having count(*)  >  2,SELECT count(*) FROM (SELECT Country FROM car_makers GROUP BY Country HAVING count(*) > 2)
car_1,How many cars has over 6 cylinders?,SELECT COUNT(*) FROM CARS_DATA WHERE Cylinders  >  6;,SELECT count(*) FROM cars_data WHERE Cylinders > 6
car_1,What is the number of carsw ith over 6 cylinders?,SELECT COUNT(*) FROM CARS_DATA WHERE Cylinders  >  6;,SELECT count(*) FROM cars_data WHERE Cylinders > 6;
car_1,"For the cars with 4 cylinders, which model has the largest horsepower?",SELECT T1.Model FROM CAR_NAMES AS T1 JOIN CARS_DATA AS T2 ON T1.MakeId  =  T2.Id WHERE T2.Cylinders  =  4 ORDER BY T2.horsepower DESC LIMIT 1;,SELECT T2.Model FROM cars_data AS T1 JOIN car_names AS T2 ON T1.Id = T2.MakeId WHERE T1.Cylinders = 4 ORDER BY CAST(T1.Horsepower AS REAL) DESC LIMIT 1
car_1,"For all of the 4 cylinder cars, which model has the most horsepower?",SELECT T1.Model FROM CAR_NAMES AS T1 JOIN CARS_DATA AS T2 ON T1.MakeId  =  T2.Id WHERE T2.Cylinders  =  4 ORDER BY T2.horsepower DESC LIMIT 1;,SELECT T2.Model FROM cars_data AS T1 JOIN car_names AS T2 ON T1.Id = T2.MakeId WHERE T1.Cylinders = 4 ORDER BY CAST(T1.Horsepower AS REAL) DESC LIMIT 1
car_1,"Among the cars with more than lowest horsepower, which ones do not have more than 3 cylinders? List the car makeid and make name.","SELECT T2.MakeId ,  T2.Make FROM CARS_DATA AS T1 JOIN CAR_NAMES AS T2 ON T1.Id  =  T2.MakeId WHERE T1.Horsepower  >  (SELECT min(Horsepower) FROM CARS_DATA) AND T1.Cylinders  <=  3;","SELECT T1.MakeId, T1.Make FROM car_names AS T1 JOIN cars_data AS T2 ON T1.MakeId = T2.Id WHERE T2.Horsepower > (SELECT MIN(Horsepower) FROM cars_data) AND T2.Cylinders <= 3"
car_1,"Among the cars that do not have the minimum horsepower , what are the make ids and names of all those with less than 4 cylinders ?","select t2.makeid ,  t2.make from cars_data as t1 join car_names as t2 on t1.id  =  t2.makeid where t1.horsepower  >  (select min(horsepower) from cars_data) and t1.cylinders  <  4;","SELECT T1.MakeId, T1.Make FROM car_names AS T1 JOIN cars_data AS T2 ON T1.MakeId = T2.Id WHERE T2.Cylinders < 4 AND T2.Horsepower > (SELECT MIN(Horsepower) FROM cars_data)"
car_1,What is the maximum miles per gallon of the car with 8 cylinders or produced before 1980 ?,select max(mpg) from cars_data where cylinders  =  8 or year  <  1980,SELECT MAX(CAST(MPG AS REAL)) FROM cars_data WHERE Cylinders = 8 OR Year < 1980
car_1,What is the maximum mpg of the cars that had 8 cylinders or that were produced before 1980 ?,select max(mpg) from cars_data where cylinders  =  8 or year  <  1980,SELECT MAX(MPG) FROM cars_data WHERE Cylinders = 8 OR Year < 1980
car_1,Which models are lighter than 3500 but not built by the 'Ford Motor Company'?,SELECT DISTINCT T1.model FROM MODEL_LIST AS T1 JOIN CAR_NAMES AS T2 ON T1.Model  =  T2.Model JOIN CARS_DATA AS T3 ON T2.MakeId  =  T3.Id JOIN CAR_MAKERS AS T4 ON T1.Maker  =  T4.Id WHERE T3.weight  <  3500 AND T4.FullName != 'Ford Motor Company';,SELECT T1.Model FROM model_list AS T1 JOIN car_names AS T2 ON T1.Model = T2.Model JOIN cars_data AS T3 ON T2.MakeId = T3.Id JOIN car_makers AS T4 ON T1.Maker = T4.Id WHERE T3.Weight < 3500 AND T4.FullName != 'Ford Motor Company'
car_1,What are the different models wthat are lighter than 3500 but were not built by the Ford Motor Company?,SELECT DISTINCT T1.model FROM MODEL_LIST AS T1 JOIN CAR_NAMES AS T2 ON T1.Model  =  T2.Model JOIN CARS_DATA AS T3 ON T2.MakeId  =  T3.Id JOIN CAR_MAKERS AS T4 ON T1.Maker  =  T4.Id WHERE T3.weight  <  3500 AND T4.FullName != 'Ford Motor Company';,SELECT T1.Model FROM model_list AS T1 JOIN car_makers AS T2 ON T1.Maker = T2.Id JOIN cars_data AS T3 ON T1.ModelId = T3.Id WHERE T3.Weight < 3500 AND T2.FullName != 'Ford Motor Company'
car_1,What are the name of the countries where there is not a single car maker?,SELECT CountryName FROM countries EXCEPT SELECT T1.CountryName FROM countries AS T1 JOIN CAR_MAKERS AS T2 ON T1.countryId  =  T2.Country;,SELECT CountryName FROM countries WHERE CountryId NOT IN (SELECT Country FROM car_makers)
car_1,What are the names of the countries with no car makers?,SELECT CountryName FROM countries EXCEPT SELECT T1.CountryName FROM countries AS T1 JOIN CAR_MAKERS AS T2 ON T1.countryId  =  T2.Country;,SELECT CountryName FROM countries WHERE CountryId NOT IN (SELECT Country FROM car_makers)
car_1,Which are the car makers which produce at least 2 models and more than 3 car makers ? List the id and the maker .,"select t1.id ,  t1.maker from car_makers as t1 join model_list as t2 on t1.id  =  t2.maker group by t1.id having count(*)  >=  2 intersect select t1.id ,  t1.maker from car_makers as t1 join model_list as t2 on t1.id  =  t2.maker join car_names as t3 on t2.model  =  t3.model group by t1.id having count(*)  >  3;","SELECT T1.Id, T1.Maker FROM car_makers AS T1 JOIN model_list AS T2 ON T1.Id = T2.Maker GROUP BY T1.Id HAVING COUNT(T2.Model) >= 2 AND (SELECT COUNT(*) FROM car_makers) > 3"
car_1,What are the ids and makers of all car makers that produce at least 2 models and make more than 3 cars?,"SELECT T1.Id ,  T1.Maker FROM CAR_MAKERS AS T1 JOIN MODEL_LIST AS T2 ON T1.Id  =  T2.Maker GROUP BY T1.Id HAVING count(*)  >=  2 INTERSECT SELECT T1.Id ,  T1.Maker FROM CAR_MAKERS AS T1 JOIN MODEL_LIST AS T2 ON T1.Id  =  T2.Maker JOIN CAR_NAMES AS T3 ON T2.model  =  T3.model GROUP BY T1.Id HAVING count(*)  >  3;","SELECT T1.Id, T1.Maker FROM car_makers AS T1 JOIN model_list AS T2 ON T1.Id = T2.Maker JOIN car_names AS T3 ON T2.Model = T3.Model GROUP BY T1.Id HAVING COUNT(DISTINCT T2.Model) >= 2 AND COUNT(T3.MakeId) > 3"
car_1,What are the id and names of the countries which have more than 3 car makers or produce the 'fiat' model?,"SELECT T1.countryId ,  T1.CountryName FROM Countries AS T1 JOIN CAR_MAKERS AS T2 ON T1.CountryId  =  T2.Country GROUP BY T1.countryId HAVING count(*)  >  3 UNION SELECT T1.countryId ,  T1.CountryName FROM Countries AS T1 JOIN CAR_MAKERS AS T2 ON T1.CountryId  =  T2.Country JOIN MODEL_LIST AS T3 ON T2.Id  =  T3.Maker WHERE T3.Model  =  'fiat';","SELECT T1.CountryId, T1.CountryName FROM countries AS T1 JOIN car_makers AS T2 ON T1.CountryId = T2.Country GROUP BY T1.CountryId HAVING COUNT(T2.Id) > 3 UNION SELECT T1.CountryId, T1.CountryName FROM countries AS T1 JOIN car_makers AS T2 ON T1.CountryId = T2.Country JOIN model_list AS T3 ON T2.Id = T3.Maker WHERE T3.Model = 'fiat'"
car_1,What are the ids and names of all countries that either have more than 3 car makers or produce fiat model ?,"select t1.countryid ,  t1.countryname from countries as t1 join car_makers as t2 on t1.countryid  =  t2.country group by t1.countryid having count(*)  >  3 union select t1.countryid ,  t1.countryname from countries as t1 join car_makers as t2 on t1.countryid  =  t2.country join model_list as t3 on t2.id  =  t3.maker where t3.model  =  'fiat';","SELECT T1.CountryId, T1.CountryName FROM countries AS T1 JOIN car_makers AS T2 ON T1.CountryId = T2.Country WHERE T2.Maker IN (SELECT Maker FROM model_list WHERE Model LIKE '%fiat%') GROUP BY T1.CountryId UNION SELECT T1.CountryId, T1.CountryName FROM countries AS T1 JOIN car_makers AS T2 ON T1.CountryId = T2.Country GROUP BY T1.CountryId HAVING COUNT(T2.Id) > 3"
flight_2,"Which country does Airline ""JetBlue Airways"" belong to?","SELECT Country FROM AIRLINES WHERE Airline  =  ""JetBlue Airways""",SELECT Country FROM airlines WHERE Airline = 'JetBlue Airways'
flight_2,What country is Jetblue Airways affiliated with?,"SELECT Country FROM AIRLINES WHERE Airline  =  ""JetBlue Airways""",SELECT Country FROM airlines WHERE Airline = 'Jetblue Airways'
flight_2,"What is the abbreviation of Airline ""JetBlue Airways""?","SELECT Abbreviation FROM AIRLINES WHERE Airline  =  ""JetBlue Airways""",SELECT Abbreviation FROM airlines WHERE Airline = 'JetBlue Airways'
flight_2,Which abbreviation corresponds to Jetblue Airways?,"SELECT Abbreviation FROM AIRLINES WHERE Airline  =  ""JetBlue Airways""",SELECT Abbreviation FROM airlines WHERE Airline = 'Jetblue Airways'
flight_2,"List all airline names and their abbreviations in ""USA"".","SELECT Airline ,  Abbreviation FROM AIRLINES WHERE Country  =  ""USA""","SELECT Airline, Abbreviation FROM airlines WHERE Country = 'USA'"
flight_2,What are the airline names and abbreviations for airlines in the USA?,"SELECT Airline ,  Abbreviation FROM AIRLINES WHERE Country  =  ""USA""","SELECT Airline, Abbreviation FROM airlines WHERE Country = 'USA'"
flight_2,List the airport code and name in the city of Anthony.,"SELECT AirportCode ,  AirportName FROM AIRPORTS WHERE city  =  ""Anthony""","SELECT AirportCode, AirportName FROM airports WHERE City = 'Anthony'"
flight_2,Give the airport code and airport name corresonding to the city Anthony.,"SELECT AirportCode ,  AirportName FROM AIRPORTS WHERE city  =  ""Anthony""","SELECT AirportCode, AirportName FROM airports WHERE City = 'Anthony'"
flight_2,How many airlines do we have?,SELECT count(*) FROM AIRLINES,SELECT count(*) FROM airlines;
flight_2,What is the total number of airlines?,SELECT count(*) FROM AIRLINES,SELECT count(*) FROM airlines
flight_2,How many airports do we have?,SELECT count(*) FROM AIRPORTS,SELECT count(*) FROM airports;
flight_2,Return the number of  airports.,SELECT count(*) FROM AIRPORTS,SELECT count(*) FROM airports;
flight_2,How many flights do we have?,SELECT count(*) FROM FLIGHTS,SELECT count(*) FROM flights;
flight_2,Return the number of flights.,SELECT count(*) FROM FLIGHTS,SELECT count(*) FROM flights;
flight_2,Which airline has abbreviation 'UAL'?,"SELECT Airline FROM AIRLINES WHERE Abbreviation  =  ""UAL""",SELECT Airline FROM airlines WHERE Abbreviation = 'UAL'
flight_2,Give the airline with abbreviation 'UAL'.,"SELECT Airline FROM AIRLINES WHERE Abbreviation  =  ""UAL""",SELECT Airline FROM airlines WHERE Abbreviation = 'UAL'
flight_2,How many airlines are from USA?,"SELECT count(*) FROM AIRLINES WHERE Country  =  ""USA""",SELECT count(*) FROM airlines WHERE Country = 'USA'
flight_2,Return the number of airlines in the USA.,"SELECT count(*) FROM AIRLINES WHERE Country  =  ""USA""",SELECT count(*) FROM airlines WHERE Country = 'USA'
flight_2,Which city and country is the Alton airport at?,"SELECT City ,  Country FROM AIRPORTS WHERE AirportName  =  ""Alton""","SELECT City, Country FROM airports WHERE AirportName = 'Alton'"
flight_2,Give the city and country for the Alton airport.,"SELECT City ,  Country FROM AIRPORTS WHERE AirportName  =  ""Alton""","SELECT City, Country FROM airports WHERE AirportName = 'Alton'"
flight_2,What is the airport name for airport 'AKO'?,"SELECT AirportName FROM AIRPORTS WHERE AirportCode  =  ""AKO""",SELECT AirportName FROM airports WHERE AirportCode = 'AKO';
flight_2,Return the name of the airport with code 'AKO'.,"SELECT AirportName FROM AIRPORTS WHERE AirportCode  =  ""AKO""",SELECT AirportName FROM airports WHERE AirportCode = 'AKO';
flight_2,What are airport names at City 'Aberdeen'?,"SELECT AirportName FROM AIRPORTS WHERE City = ""Aberdeen""",SELECT AirportName FROM airports WHERE City = 'Aberdeen'
flight_2,What are the names of airports in Aberdeen?,"SELECT AirportName FROM AIRPORTS WHERE City = ""Aberdeen""",SELECT AirportName FROM airports WHERE City = 'Aberdeen'
flight_2,How many flights depart from 'APG'?,"SELECT count(*) FROM FLIGHTS WHERE SourceAirport  =  ""APG""",SELECT count(*) FROM flights WHERE SourceAirport = 'APG'
flight_2,Count the number of flights departing from 'APG'.,"SELECT count(*) FROM FLIGHTS WHERE SourceAirport  =  ""APG""",SELECT count(*) FROM flights WHERE SourceAirport = 'APG'
flight_2,How many flights have destination ATO?,"SELECT count(*) FROM FLIGHTS WHERE DestAirport  =  ""ATO""",SELECT count(*) FROM flights WHERE DestAirport = 'ATO'
flight_2,Count the number of flights into ATO.,"SELECT count(*) FROM FLIGHTS WHERE DestAirport  =  ""ATO""",SELECT count(*) FROM flights WHERE DestAirport = 'ATO'
flight_2,How many flights depart from City Aberdeen?,"SELECT count(*) FROM FLIGHTS AS T1 JOIN AIRPORTS AS T2 ON T1.SourceAirport  =  T2.AirportCode WHERE T2.City  =  ""Aberdeen""",SELECT count(*) FROM flights JOIN airports ON flights.SourceAirport = airports.AirportCode WHERE airports.City = 'Aberdeen'
flight_2,Return the number of flights departing from Aberdeen.,"SELECT count(*) FROM FLIGHTS AS T1 JOIN AIRPORTS AS T2 ON T1.SourceAirport  =  T2.AirportCode WHERE T2.City  =  ""Aberdeen""",SELECT count(*) FROM flights JOIN airports ON flights.SourceAirport = airports.AirportCode WHERE airports.City = 'Aberdeen'
flight_2,How many flights arriving in Aberdeen city?,"SELECT count(*) FROM FLIGHTS AS T1 JOIN AIRPORTS AS T2 ON T1.DestAirport  =  T2.AirportCode WHERE T2.City  =  ""Aberdeen""",SELECT count(*) FROM flights JOIN airports ON flights.DestAirport = airports.AirportCode WHERE airports.City = 'Aberdeen'
flight_2,Return the number of flights arriving in Aberdeen.,"SELECT count(*) FROM FLIGHTS AS T1 JOIN AIRPORTS AS T2 ON T1.DestAirport  =  T2.AirportCode WHERE T2.City  =  ""Aberdeen""",SELECT count(*) FROM flights JOIN airports ON flights.DestAirport = airports.AirportCode WHERE airports.City = 'Aberdeen';
flight_2,How many flights depart from City 'Aberdeen' and have destination City 'Ashley'?,"SELECT count(*) FROM FLIGHTS AS T1 JOIN AIRPORTS AS T2 ON T1.DestAirport  =  T2.AirportCode JOIN AIRPORTS AS T3 ON T1.SourceAirport  =  T3.AirportCode WHERE T2.City  =  ""Ashley"" AND T3.City  =  ""Aberdeen""",SELECT count(*) FROM flights JOIN airports AS s ON flights.SourceAirport = s.AirportCode JOIN airports AS d ON flights.DestAirport = d.AirportCode WHERE s.City = 'Aberdeen' AND d.City = 'Ashley'
flight_2,How many flights fly from Aberdeen to Ashley?,"SELECT count(*) FROM FLIGHTS AS T1 JOIN AIRPORTS AS T2 ON T1.DestAirport  =  T2.AirportCode JOIN AIRPORTS AS T3 ON T1.SourceAirport  =  T3.AirportCode WHERE T2.City  =  ""Ashley"" AND T3.City  =  ""Aberdeen""",SELECT count(*) FROM flights JOIN airports AS s ON flights.SourceAirport = s.AirportCode JOIN airports AS d ON flights.DestAirport = d.AirportCode WHERE s.City = 'Aberdeen' AND d.City = 'Ashley'
flight_2,How many flights does airline 'JetBlue Airways' have?,"SELECT count(*) FROM FLIGHTS AS T1 JOIN AIRLINES AS T2 ON T1.Airline  =  T2.uid WHERE T2.Airline = ""JetBlue Airways""",SELECT count(*) FROM flights JOIN airlines ON flights.Airline = airlines.uid WHERE airlines.Airline = 'JetBlue Airways'
flight_2,Give the number of Jetblue Airways flights.,"SELECT count(*) FROM FLIGHTS AS T1 JOIN AIRLINES AS T2 ON T1.Airline  =  T2.uid WHERE T2.Airline = ""JetBlue Airways""",SELECT count(*) FROM flights JOIN airlines ON flights.Airline = airlines.uid WHERE airlines.Airline = 'Jetblue Airways'
flight_2,How many 'United Airlines' flights go to Airport 'ASY'?,"SELECT count(*) FROM AIRLINES AS T1 JOIN FLIGHTS AS T2 ON T2.Airline  =  T1.uid WHERE T1.Airline  =  ""United Airlines"" AND T2.DestAirport  =  ""ASY""",SELECT count(*) FROM flights JOIN airlines ON flights.Airline = airlines.uid WHERE airlines.Airline = 'United Airlines' AND flights.DestAirport = 'ASY'
flight_2,Count the number of United Airlines flights arriving in ASY Airport.,"SELECT count(*) FROM AIRLINES AS T1 JOIN FLIGHTS AS T2 ON T2.Airline  =  T1.uid WHERE T1.Airline  =  ""United Airlines"" AND T2.DestAirport  =  ""ASY""",SELECT count(*) FROM flights JOIN airlines ON flights.Airline = airlines.uid WHERE airlines.Airline = 'United Airlines' AND flights.DestAirport = 'ASY'
flight_2,How many 'United Airlines' flights depart from Airport 'AHD'?,"SELECT count(*) FROM AIRLINES AS T1 JOIN FLIGHTS AS T2 ON T2.Airline  =  T1.uid WHERE T1.Airline  =  ""United Airlines"" AND T2.SourceAirport  =  ""AHD""",SELECT count(*) FROM flights JOIN airlines ON flights.Airline = airlines.uid WHERE airlines.Airline = 'United Airlines' AND flights.SourceAirport = 'AHD'
flight_2,Return the number of United Airlines flights leaving from AHD Airport.,"SELECT count(*) FROM AIRLINES AS T1 JOIN FLIGHTS AS T2 ON T2.Airline  =  T1.uid WHERE T1.Airline  =  ""United Airlines"" AND T2.SourceAirport  =  ""AHD""",SELECT count(*) FROM flights JOIN airlines ON flights.Airline = airlines.uid WHERE airlines.Airline = 'United Airlines' AND flights.SourceAirport = 'AHD'
flight_2,How many United Airlines flights go to City 'Aberdeen'?,"SELECT count(*) FROM FLIGHTS AS T1 JOIN AIRPORTS AS T2 ON T1.DestAirport  =  T2.AirportCode JOIN AIRLINES AS T3 ON T3.uid  =  T1.Airline WHERE T2.City  =  ""Aberdeen"" AND T3.Airline  =  ""United Airlines""",SELECT count(*) FROM flights JOIN airlines ON flights.Airline = airlines.uid JOIN airports ON flights.DestAirport = airports.AirportCode WHERE airlines.Airline = 'United Airlines' AND airports.City = 'Aberdeen'
flight_2,Count the number of United Airlines flights that arrive in Aberdeen.,"SELECT count(*) FROM FLIGHTS AS T1 JOIN AIRPORTS AS T2 ON T1.DestAirport  =  T2.AirportCode JOIN AIRLINES AS T3 ON T3.uid  =  T1.Airline WHERE T2.City  =  ""Aberdeen"" AND T3.Airline  =  ""United Airlines""",SELECT count(*) FROM flights JOIN airlines ON flights.Airline = airlines.uid JOIN airports ON flights.DestAirport = airports.AirportCode WHERE airlines.Airline = 'United Airlines' AND airports.City = 'Aberdeen'
flight_2,Which city has most number of arriving flights?,SELECT T1.City FROM AIRPORTS AS T1 JOIN FLIGHTS AS T2 ON T1.AirportCode  =  T2.DestAirport GROUP BY T1.City ORDER BY count(*) DESC LIMIT 1,SELECT T1.City FROM airports AS T1 JOIN flights AS T2 ON T1.AirportCode = T2.DestAirport GROUP BY T1.City ORDER BY COUNT(*) DESC LIMIT 1
flight_2,Which city has the most frequent destination airport?,SELECT T1.City FROM AIRPORTS AS T1 JOIN FLIGHTS AS T2 ON T1.AirportCode  =  T2.DestAirport GROUP BY T1.City ORDER BY count(*) DESC LIMIT 1,SELECT T1.City FROM airports AS T1 JOIN flights AS T2 ON T1.AirportCode = T2.DestAirport GROUP BY T1.City ORDER BY COUNT(*) DESC LIMIT 1
flight_2,Which city has most number of departing flights?,SELECT T1.City FROM AIRPORTS AS T1 JOIN FLIGHTS AS T2 ON T1.AirportCode  =  T2.SourceAirport GROUP BY T1.City ORDER BY count(*) DESC LIMIT 1,SELECT T2.City FROM flights AS T1 JOIN airports AS T2 ON T1.SourceAirport = T2.AirportCode GROUP BY T2.City ORDER BY COUNT(*) DESC LIMIT 1
flight_2,Which city is the most frequent source airport?,SELECT T1.City FROM AIRPORTS AS T1 JOIN FLIGHTS AS T2 ON T1.AirportCode  =  T2.SourceAirport GROUP BY T1.City ORDER BY count(*) DESC LIMIT 1,SELECT T2.City FROM flights AS T1 JOIN airports AS T2 ON T1.SourceAirport = T2.AirportCode GROUP BY T2.City ORDER BY COUNT(*) DESC LIMIT 1;
flight_2,What is the code of airport that has the highest number of flights?,SELECT T1.AirportCode FROM AIRPORTS AS T1 JOIN FLIGHTS AS T2 ON T1.AirportCode  =  T2.DestAirport OR T1.AirportCode  =  T2.SourceAirport GROUP BY T1.AirportCode ORDER BY count(*) DESC LIMIT 1,"SELECT SourceAirport FROM (SELECT SourceAirport, COUNT(*) AS cnt FROM flights GROUP BY SourceAirport UNION ALL SELECT DestAirport, COUNT(*) AS cnt FROM flights GROUP BY DestAirport) GROUP BY SourceAirport ORDER BY SUM(cnt) DESC LIMIT 1;"
flight_2,What is the airport code of the airport with the most flights?,SELECT T1.AirportCode FROM AIRPORTS AS T1 JOIN FLIGHTS AS T2 ON T1.AirportCode  =  T2.DestAirport OR T1.AirportCode  =  T2.SourceAirport GROUP BY T1.AirportCode ORDER BY count(*) DESC LIMIT 1,"SELECT AirportCode FROM (SELECT SourceAirport AS AirportCode, COUNT(*) AS cnt FROM flights GROUP BY SourceAirport UNION ALL SELECT DestAirport AS AirportCode, COUNT(*) AS cnt FROM flights GROUP BY DestAirport) GROUP BY AirportCode ORDER BY SUM(cnt) DESC LIMIT 1;"
flight_2,What is the code of airport that has fewest number of flights?,SELECT T1.AirportCode FROM AIRPORTS AS T1 JOIN FLIGHTS AS T2 ON T1.AirportCode  =  T2.DestAirport OR T1.AirportCode  =  T2.SourceAirport GROUP BY T1.AirportCode ORDER BY count(*) LIMIT 1,"SELECT AirportCode FROM (SELECT SourceAirport AS AirportCode, COUNT(*) AS cnt FROM flights GROUP BY SourceAirport UNION ALL SELECT DestAirport AS AirportCode, COUNT(*) AS cnt FROM flights GROUP BY DestAirport) GROUP BY AirportCode ORDER BY SUM(cnt) ASC LIMIT 1;"
flight_2,Give the code of the airport with the least flights.,SELECT T1.AirportCode FROM AIRPORTS AS T1 JOIN FLIGHTS AS T2 ON T1.AirportCode  =  T2.DestAirport OR T1.AirportCode  =  T2.SourceAirport GROUP BY T1.AirportCode ORDER BY count(*) LIMIT 1,"SELECT AirportCode FROM (SELECT SourceAirport AS AirportCode, COUNT(*) AS cnt FROM flights GROUP BY SourceAirport UNION ALL SELECT DestAirport AS AirportCode, COUNT(*) AS cnt FROM flights GROUP BY DestAirport) GROUP BY AirportCode ORDER BY SUM(cnt) ASC LIMIT 1;"
flight_2,Which airline has most number of flights?,SELECT T1.Airline FROM AIRLINES AS T1 JOIN FLIGHTS AS T2 ON T1.uid  =  T2.Airline GROUP BY T1.Airline ORDER BY count(*) DESC LIMIT 1,SELECT T1.Airline FROM airlines AS T1 JOIN flights AS T2 ON T1.uid = T2.Airline GROUP BY T1.uid ORDER BY COUNT(*) DESC LIMIT 1
flight_2,What airline serves the most flights?,SELECT T1.Airline FROM AIRLINES AS T1 JOIN FLIGHTS AS T2 ON T1.uid  =  T2.Airline GROUP BY T1.Airline ORDER BY count(*) DESC LIMIT 1,SELECT T1.Airline FROM airlines AS T1 JOIN flights AS T2 ON T1.uid = T2.Airline GROUP BY T1.Airline ORDER BY COUNT(*) DESC LIMIT 1
flight_2,Find the abbreviation and country of the airline that has fewest number of flights?,"SELECT T1.Abbreviation ,  T1.Country FROM AIRLINES AS T1 JOIN FLIGHTS AS T2 ON T1.uid  =  T2.Airline GROUP BY T1.Airline ORDER BY count(*) LIMIT 1","SELECT T1.Abbreviation, T1.Country FROM airlines AS T1 JOIN flights AS T2 ON T1.uid = T2.Airline GROUP BY T1.uid ORDER BY COUNT(*) ASC LIMIT 1"
flight_2,What is the abbreviation of the airilne has the fewest flights and what country is it in?,"SELECT T1.Abbreviation ,  T1.Country FROM AIRLINES AS T1 JOIN FLIGHTS AS T2 ON T1.uid  =  T2.Airline GROUP BY T1.Airline ORDER BY count(*) LIMIT 1","SELECT T1.Abbreviation, T1.Country FROM airlines AS T1 JOIN flights AS T2 ON T1.uid = T2.Airline GROUP BY T1.uid ORDER BY COUNT(*) ASC LIMIT 1"
flight_2,What are airlines that have some flight departing from airport 'AHD'?,"SELECT T1.Airline FROM AIRLINES AS T1 JOIN FLIGHTS AS T2 ON T1.uid  =  T2.Airline WHERE T2.SourceAirport  =  ""AHD""",SELECT DISTINCT T1.Airline FROM airlines AS T1 JOIN flights AS T2 ON T1.uid = T2.Airline WHERE T2.SourceAirport = 'AHD'
flight_2,Which airlines have a flight with source airport AHD?,"SELECT T1.Airline FROM AIRLINES AS T1 JOIN FLIGHTS AS T2 ON T1.uid  =  T2.Airline WHERE T2.SourceAirport  =  ""AHD""",SELECT DISTINCT T1.Airline FROM airlines AS T1 JOIN flights AS T2 ON T1.uid = T2.Airline WHERE T2.SourceAirport = 'AHD'
flight_2,What are airlines that have flights arriving at airport 'AHD'?,"SELECT T1.Airline FROM AIRLINES AS T1 JOIN FLIGHTS AS T2 ON T1.uid  =  T2.Airline WHERE T2.DestAirport  =  ""AHD""",SELECT DISTINCT T1.Airline FROM airlines AS T1 JOIN flights AS T2 ON T1.uid = T2.Airline WHERE T2.DestAirport = 'AHD'
flight_2,Which airlines have a flight with destination airport AHD?,"SELECT T1.Airline FROM AIRLINES AS T1 JOIN FLIGHTS AS T2 ON T1.uid  =  T2.Airline WHERE T2.DestAirport  =  ""AHD""",SELECT DISTINCT T1.Airline FROM airlines AS T1 JOIN flights AS T2 ON T1.uid = T2.Airline WHERE T2.DestAirport = 'AHD'
flight_2,Find all airlines that have flights from both airports 'APG' and 'CVO'.,"SELECT T1.Airline FROM AIRLINES AS T1 JOIN FLIGHTS AS T2 ON T1.uid  =  T2.Airline WHERE T2.SourceAirport  =  ""APG"" INTERSECT SELECT T1.Airline FROM AIRLINES AS T1 JOIN FLIGHTS AS T2 ON T1.uid  =  T2.Airline WHERE T2.SourceAirport  =  ""CVO""",SELECT T1.Airline FROM flights AS T1 JOIN flights AS T2 ON T1.Airline = T2.Airline WHERE T1.SourceAirport = 'APG' AND T2.SourceAirport = 'CVO'
flight_2,Which airlines have departing flights from both APG and CVO airports?,"SELECT T1.Airline FROM AIRLINES AS T1 JOIN FLIGHTS AS T2 ON T1.uid  =  T2.Airline WHERE T2.SourceAirport  =  ""APG"" INTERSECT SELECT T1.Airline FROM AIRLINES AS T1 JOIN FLIGHTS AS T2 ON T1.uid  =  T2.Airline WHERE T2.SourceAirport  =  ""CVO""",SELECT T1.Airline FROM airlines AS T1 JOIN flights AS T2 ON T1.uid = T2.Airline WHERE T2.SourceAirport = 'APG' INTERSECT SELECT T1.Airline FROM airlines AS T1 JOIN flights AS T2 ON T1.uid = T2.Airline WHERE T2.SourceAirport = 'CVO'
flight_2,Find all airlines that have flights from airport 'CVO' but not from 'APG'.,"SELECT T1.Airline FROM AIRLINES AS T1 JOIN FLIGHTS AS T2 ON T1.uid  =  T2.Airline WHERE T2.SourceAirport  =  ""CVO"" EXCEPT SELECT T1.Airline FROM AIRLINES AS T1 JOIN FLIGHTS AS T2 ON T1.uid  =  T2.Airline WHERE T2.SourceAirport  =  ""APG""",SELECT T1.Airline FROM airlines AS T1 JOIN flights AS T2 ON T1.uid = T2.Airline WHERE T2.SourceAirport = 'CVO' EXCEPT SELECT T1.Airline FROM airlines AS T1 JOIN flights AS T2 ON T1.uid = T2.Airline WHERE T2.SourceAirport = 'APG'
flight_2,Which airlines have departures from CVO but not from APG airports?,"SELECT T1.Airline FROM AIRLINES AS T1 JOIN FLIGHTS AS T2 ON T1.uid  =  T2.Airline WHERE T2.SourceAirport  =  ""CVO"" EXCEPT SELECT T1.Airline FROM AIRLINES AS T1 JOIN FLIGHTS AS T2 ON T1.uid  =  T2.Airline WHERE T2.SourceAirport  =  ""APG""",SELECT T1.Airline FROM airlines AS T1 JOIN flights AS T2 ON T1.uid = T2.Airline WHERE T2.SourceAirport = 'CVO' EXCEPT SELECT T1.Airline FROM airlines AS T1 JOIN flights AS T2 ON T1.uid = T2.Airline WHERE T2.SourceAirport = 'APG'
flight_2,Find all airlines that have at least 10 flights.,SELECT T1.Airline FROM AIRLINES AS T1 JOIN FLIGHTS AS T2 ON T1.uid  =  T2.Airline GROUP BY T1.Airline HAVING count(*)  >  10,SELECT T1.Airline FROM airlines AS T1 JOIN flights AS T2 ON T1.uid = T2.Airline GROUP BY T1.uid HAVING COUNT(*) >= 10
flight_2,Which airlines have at least 10 flights?,SELECT T1.Airline FROM AIRLINES AS T1 JOIN FLIGHTS AS T2 ON T1.uid  =  T2.Airline GROUP BY T1.Airline HAVING count(*)  >  10,SELECT T1.Airline FROM airlines AS T1 JOIN flights AS T2 ON T1.uid = T2.Airline GROUP BY T1.uid HAVING COUNT(*) >= 10
flight_2,Find all airlines that have fewer than 200 flights.,SELECT T1.Airline FROM AIRLINES AS T1 JOIN FLIGHTS AS T2 ON T1.uid  =  T2.Airline GROUP BY T1.Airline HAVING count(*)  <  200,SELECT T1.Airline FROM airlines AS T1 JOIN flights AS T2 ON T1.uid = T2.Airline GROUP BY T1.uid HAVING COUNT(*) < 200
flight_2,Which airlines have less than 200 flights?,SELECT T1.Airline FROM AIRLINES AS T1 JOIN FLIGHTS AS T2 ON T1.uid  =  T2.Airline GROUP BY T1.Airline HAVING count(*)  <  200,SELECT T1.Airline FROM airlines AS T1 JOIN flights AS T2 ON T1.uid = T2.Airline GROUP BY T1.uid HAVING count(*) < 200
flight_2,"What are flight numbers of Airline ""United Airlines""?","SELECT T1.FlightNo FROM FLIGHTS AS T1 JOIN AIRLINES AS T2 ON T2.uid  =  T1.Airline WHERE T2.Airline  =  ""United Airlines""",SELECT T1.FlightNo FROM flights AS T1 JOIN airlines AS T2 ON T1.Airline = T2.uid WHERE T2.Airline = 'United Airlines'
flight_2,Which flight numbers correspond to United Airlines flights?,"SELECT T1.FlightNo FROM FLIGHTS AS T1 JOIN AIRLINES AS T2 ON T2.uid  =  T1.Airline WHERE T2.Airline  =  ""United Airlines""",SELECT T1.FlightNo FROM flights AS T1 JOIN airlines AS T2 ON T1.Airline = T2.uid WHERE T2.Airline = 'United Airlines'
flight_2,"What are flight numbers of flights departing from Airport ""APG""?","SELECT FlightNo FROM FLIGHTS WHERE SourceAirport  =  ""APG""",SELECT FlightNo FROM flights WHERE SourceAirport = 'APG'
flight_2,Give the flight numbers of flights leaving from APG.,"SELECT FlightNo FROM FLIGHTS WHERE SourceAirport  =  ""APG""",SELECT FlightNo FROM flights WHERE SourceAirport = 'APG';
flight_2,"What are flight numbers of flights arriving at Airport ""APG""?","SELECT FlightNo FROM FLIGHTS WHERE DestAirport  =  ""APG""",SELECT FlightNo FROM flights WHERE DestAirport = 'APG'
flight_2,Give the flight numbers of flights landing at APG.,"SELECT FlightNo FROM FLIGHTS WHERE DestAirport  =  ""APG""",SELECT FlightNo FROM flights WHERE DestAirport = 'APG'
flight_2,"What are flight numbers of flights departing from City ""Aberdeen ""?","SELECT T1.FlightNo FROM FLIGHTS AS T1 JOIN AIRPORTS AS T2 ON T1.SourceAirport   =  T2.AirportCode WHERE T2.City  =  ""Aberdeen""",SELECT T1.FlightNo FROM flights AS T1 JOIN airports AS T2 ON T1.SourceAirport = T2.AirportCode WHERE T2.City = 'Aberdeen'
flight_2,Give the flight numbers of flights leaving from Aberdeen.,"SELECT T1.FlightNo FROM FLIGHTS AS T1 JOIN AIRPORTS AS T2 ON T1.SourceAirport   =  T2.AirportCode WHERE T2.City  =  ""Aberdeen""",SELECT T1.FlightNo FROM flights AS T1 JOIN airports AS T2 ON T1.SourceAirport = T2.AirportCode WHERE T2.City = 'Aberdeen'
flight_2,"What are flight numbers of flights arriving at City ""Aberdeen""?","SELECT T1.FlightNo FROM FLIGHTS AS T1 JOIN AIRPORTS AS T2 ON T1.DestAirport   =  T2.AirportCode WHERE T2.City  =  ""Aberdeen""",SELECT T1.FlightNo FROM flights AS T1 JOIN airports AS T2 ON T1.DestAirport = T2.AirportCode WHERE T2.City = 'Aberdeen'
flight_2,Give the flight numbers of flights arriving in Aberdeen.,"SELECT T1.FlightNo FROM FLIGHTS AS T1 JOIN AIRPORTS AS T2 ON T1.DestAirport   =  T2.AirportCode WHERE T2.City  =  ""Aberdeen""",SELECT T1.FlightNo FROM flights AS T1 JOIN airports AS T2 ON T1.DestAirport = T2.AirportCode WHERE T2.City = 'Aberdeen'
flight_2,Find the number of flights landing in the city of Aberdeen or Abilene.,"SELECT count(*) FROM Flights AS T1 JOIN Airports AS T2 ON T1.DestAirport  =  T2.AirportCode WHERE T2.city  =  ""Aberdeen"" OR T2.city  =  ""Abilene""",SELECT count(*) FROM flights JOIN airports ON flights.DestAirport = airports.AirportCode WHERE airports.City = 'Aberdeen' OR airports.City = 'Abilene'
flight_2,How many flights land in Aberdeen or Abilene?,"SELECT count(*) FROM Flights AS T1 JOIN Airports AS T2 ON T1.DestAirport  =  T2.AirportCode WHERE T2.city  =  ""Aberdeen"" OR T2.city  =  ""Abilene""",SELECT count(*) FROM flights JOIN airports ON flights.DestAirport = airports.AirportCode WHERE airports.City = 'Aberdeen' OR airports.City = 'Abilene';
flight_2,Find the name of airports which do not have any flight in and out.,SELECT AirportName FROM Airports WHERE AirportCode NOT IN (SELECT SourceAirport FROM Flights UNION SELECT DestAirport FROM Flights),SELECT AirportName FROM airports WHERE AirportCode NOT IN (SELECT SourceAirport FROM flights) AND AirportCode NOT IN (SELECT DestAirport FROM flights)
flight_2,Which airports do not have departing or arriving flights?,SELECT AirportName FROM Airports WHERE AirportCode NOT IN (SELECT SourceAirport FROM Flights UNION SELECT DestAirport FROM Flights),SELECT AirportCode FROM airports WHERE AirportCode NOT IN (SELECT SourceAirport FROM flights) AND AirportCode NOT IN (SELECT DestAirport FROM flights)
employee_hire_evaluation,How many employees are there?,SELECT count(*) FROM employee,SELECT count(*) FROM employee
employee_hire_evaluation,Count the number of employees,SELECT count(*) FROM employee,SELECT count(*) FROM employee
employee_hire_evaluation,Sort employee names by their age in ascending order.,SELECT name FROM employee ORDER BY age,SELECT Name FROM employee ORDER BY Age ASC
employee_hire_evaluation,List the names of employees and sort in ascending order of age.,SELECT name FROM employee ORDER BY age,SELECT Name FROM employee ORDER BY Age ASC
employee_hire_evaluation,What is the number of employees from each city?,"SELECT count(*) ,  city FROM employee GROUP BY city","SELECT City, COUNT(*) FROM employee GROUP BY City"
employee_hire_evaluation,Count the number of employees for each city.,"SELECT count(*) ,  city FROM employee GROUP BY city","SELECT City, COUNT(*) FROM employee GROUP BY City"
employee_hire_evaluation,Which cities do more than one employee under age 30 come from?,SELECT city FROM employee WHERE age  <  30 GROUP BY city HAVING count(*)  >  1,SELECT City FROM employee WHERE Age < 30 GROUP BY City HAVING count(*) > 1
employee_hire_evaluation,Find the cities that have more than one employee under age 30.,SELECT city FROM employee WHERE age  <  30 GROUP BY city HAVING count(*)  >  1,SELECT City FROM employee WHERE Age < 30 GROUP BY City HAVING count(*) > 1
employee_hire_evaluation,Find the number of shops in each location.,"SELECT count(*) ,  LOCATION FROM shop GROUP BY LOCATION","SELECT Location, COUNT(*) FROM shop GROUP BY Location"
employee_hire_evaluation,How many shops are there in each location?,"SELECT count(*) ,  LOCATION FROM shop GROUP BY LOCATION","SELECT Location, count(*) FROM shop GROUP BY Location"
employee_hire_evaluation,Find the manager name and district of the shop whose number of products is the largest.,"SELECT manager_name ,  district FROM shop ORDER BY number_products DESC LIMIT 1","SELECT Manager_name, District FROM shop ORDER BY Number_products DESC LIMIT 1"
employee_hire_evaluation,What are the manager name and district of the shop that sells the largest number of products?,"SELECT manager_name ,  district FROM shop ORDER BY number_products DESC LIMIT 1","SELECT Manager_name, District FROM shop ORDER BY Number_products DESC LIMIT 1"
employee_hire_evaluation,find the minimum and maximum number of products of all stores.,"SELECT min(Number_products) ,  max(Number_products) FROM shop","SELECT min(Number_products), max(Number_products) FROM shop"
employee_hire_evaluation,What are the minimum and maximum number of products across all the shops?,"SELECT min(Number_products) ,  max(Number_products) FROM shop","SELECT min(Number_products), max(Number_products) FROM shop"
employee_hire_evaluation,"Return the name, location and district of all shops in descending order of number of products.","SELECT name ,  LOCATION ,  district FROM shop ORDER BY number_products DESC","SELECT Name, Location, District FROM shop ORDER BY Number_products DESC"
employee_hire_evaluation,"Sort all the shops by number products in descending order, and return the name, location and district of each shop.","SELECT name ,  LOCATION ,  district FROM shop ORDER BY number_products DESC","SELECT Name, Location, District FROM shop ORDER BY Number_products DESC"
employee_hire_evaluation,Find the names of stores whose number products is more than the average number of products.,SELECT name FROM shop WHERE number_products  >  (SELECT avg(number_products) FROM shop),SELECT Name FROM shop WHERE Number_products > (SELECT AVG(Number_products) FROM shop)
employee_hire_evaluation,Which shops' number products is above the average? Give me the shop names.,SELECT name FROM shop WHERE number_products  >  (SELECT avg(number_products) FROM shop),SELECT Name FROM shop WHERE Number_products > (SELECT AVG(Number_products) FROM shop)
employee_hire_evaluation,find the name of employee who was awarded the most times in the evaluation.,SELECT t1.name FROM employee AS t1 JOIN evaluation AS t2 ON t1.Employee_ID  =  t2.Employee_ID GROUP BY t2.Employee_ID ORDER BY count(*) DESC LIMIT 1,SELECT T1.Name FROM employee AS T1 JOIN evaluation AS T2 ON T1.Employee_ID = T2.Employee_ID GROUP BY T1.Employee_ID ORDER BY COUNT(*) DESC LIMIT 1
employee_hire_evaluation,Which employee received the most awards in evaluations? Give me the employee name.,SELECT t1.name FROM employee AS t1 JOIN evaluation AS t2 ON t1.Employee_ID  =  t2.Employee_ID GROUP BY t2.Employee_ID ORDER BY count(*) DESC LIMIT 1,SELECT T1.Name FROM employee AS T1 JOIN evaluation AS T2 ON T1.Employee_ID = T2.Employee_ID GROUP BY T1.Employee_ID ORDER BY COUNT(*) DESC LIMIT 1
employee_hire_evaluation,Find the name of the employee who got the highest one time bonus.,SELECT t1.name FROM employee AS t1 JOIN evaluation AS t2 ON t1.Employee_ID  =  t2.Employee_ID ORDER BY t2.bonus DESC LIMIT 1,SELECT T1.Name FROM employee AS T1 JOIN evaluation AS T2 ON T1.Employee_ID = T2.Employee_ID ORDER BY T2.Bonus DESC LIMIT 1
employee_hire_evaluation,Which employee received the biggest bonus? Give me the employee name.,SELECT t1.name FROM employee AS t1 JOIN evaluation AS t2 ON t1.Employee_ID  =  t2.Employee_ID ORDER BY t2.bonus DESC LIMIT 1,SELECT T1.Name FROM employee AS T1 JOIN evaluation AS T2 ON T1.Employee_ID = T2.Employee_ID ORDER BY T2.Bonus DESC LIMIT 1
employee_hire_evaluation,Find the names of employees who never won any award in the evaluation.,SELECT name FROM employee WHERE Employee_ID NOT IN (SELECT Employee_ID FROM evaluation),SELECT Name FROM employee WHERE Employee_ID NOT IN (SELECT Employee_ID FROM evaluation)
employee_hire_evaluation,What are the names of the employees who never received any evaluation?,SELECT name FROM employee WHERE Employee_ID NOT IN (SELECT Employee_ID FROM evaluation),SELECT Name FROM employee WHERE Employee_ID NOT IN (SELECT Employee_ID FROM evaluation)
employee_hire_evaluation,What is the name of the shop that is hiring the largest number of employees?,SELECT t2.name FROM hiring AS t1 JOIN shop AS t2 ON t1.shop_id  =  t2.shop_id GROUP BY t1.shop_id ORDER BY count(*) DESC LIMIT 1,SELECT T1.Name FROM shop AS T1 JOIN hiring AS T2 ON T1.Shop_ID = T2.Shop_ID GROUP BY T1.Shop_ID ORDER BY COUNT(*) DESC LIMIT 1
employee_hire_evaluation,Which shop has the most employees? Give me the shop name.,SELECT t2.name FROM hiring AS t1 JOIN shop AS t2 ON t1.shop_id  =  t2.shop_id GROUP BY t1.shop_id ORDER BY count(*) DESC LIMIT 1,SELECT T1.Name FROM shop AS T1 JOIN hiring AS T2 ON T1.Shop_ID = T2.Shop_ID GROUP BY T1.Shop_ID ORDER BY COUNT(*) DESC LIMIT 1
employee_hire_evaluation,Find the name of the shops that do not hire any employee.,SELECT name FROM shop WHERE shop_id NOT IN (SELECT shop_id FROM hiring),SELECT Name FROM shop WHERE Shop_ID NOT IN (SELECT Shop_ID FROM hiring)
employee_hire_evaluation,Which shops run with no employees? Find the shop names,SELECT name FROM shop WHERE shop_id NOT IN (SELECT shop_id FROM hiring),SELECT Name FROM shop WHERE Shop_ID NOT IN (SELECT Shop_ID FROM hiring)
employee_hire_evaluation,Find the number of employees hired in each shop; show the shop name as well.,"SELECT count(*) ,  t2.name FROM hiring AS t1 JOIN shop AS t2 ON t1.shop_id  =  t2.shop_id GROUP BY t2.name","SELECT T1.Name, COUNT(*) FROM shop AS T1 JOIN hiring AS T2 ON T1.Shop_ID = T2.Shop_ID GROUP BY T1.Shop_ID"
employee_hire_evaluation,"For each shop, return the number of employees working there and the name of the shop.","SELECT count(*) ,  t2.name FROM hiring AS t1 JOIN shop AS t2 ON t1.shop_id  =  t2.shop_id GROUP BY t2.name","SELECT T1.Name, COUNT(T2.Employee_ID) FROM shop AS T1 JOIN hiring AS T2 ON T1.Shop_ID = T2.Shop_ID GROUP BY T1.Shop_ID"
employee_hire_evaluation,What is total bonus given in all evaluations?,SELECT sum(bonus) FROM evaluation,SELECT SUM(Bonus) FROM evaluation
employee_hire_evaluation,Find the total amount of bonus given in all the evaluations.,SELECT sum(bonus) FROM evaluation,SELECT SUM(Bonus) FROM evaluation
employee_hire_evaluation,Give me all the information about hiring.,SELECT * FROM hiring,SELECT * FROM hiring;
employee_hire_evaluation,What is all the information about hiring?,SELECT * FROM hiring,SELECT * FROM hiring
employee_hire_evaluation,Which district has both stores with less than 3000 products and stores with more than 10000 products?,SELECT district FROM shop WHERE Number_products  <  3000 INTERSECT SELECT district FROM shop WHERE Number_products  >  10000,SELECT District FROM shop WHERE Number_products < 3000 INTERSECT SELECT District FROM shop WHERE Number_products > 10000
employee_hire_evaluation,Find the districts in which there are both shops selling less than 3000 products and shops selling more than 10000 products.,SELECT district FROM shop WHERE Number_products  <  3000 INTERSECT SELECT district FROM shop WHERE Number_products  >  10000,SELECT District FROM shop WHERE Number_products < 3000 INTERSECT SELECT District FROM shop WHERE Number_products > 10000
employee_hire_evaluation,How many different store locations are there?,SELECT count(DISTINCT LOCATION) FROM shop,SELECT count(DISTINCT Location) FROM shop
employee_hire_evaluation,Count the number of distinct store locations.,SELECT count(DISTINCT LOCATION) FROM shop,SELECT count(DISTINCT Location) FROM shop
cre_Doc_Template_Mgt,How many documents do we have?,SELECT count(*) FROM Documents,SELECT count(*) FROM Documents;
cre_Doc_Template_Mgt,Count the number of documents.,SELECT count(*) FROM Documents,SELECT count(*) FROM Documents;
cre_Doc_Template_Mgt,"List document IDs, document names, and document descriptions for all documents.","SELECT document_id ,  document_name ,  document_description FROM Documents","SELECT Document_ID, Document_Name, Document_Description FROM Documents;"
cre_Doc_Template_Mgt,"What are the ids, names, and descriptions for all documents?","SELECT document_id ,  document_name ,  document_description FROM Documents","SELECT Document_ID, Document_Name, Document_Description FROM Documents;"
cre_Doc_Template_Mgt,What is the document name and template id for document with description with the letter 'w' in it?,"SELECT document_name ,  template_id FROM Documents WHERE Document_Description LIKE ""%w%""","SELECT Document_Name, Template_ID FROM Documents WHERE Document_Description LIKE '%w%';"
cre_Doc_Template_Mgt,Return the names and template ids for documents that contain the letter w in their description.,"SELECT document_name ,  template_id FROM Documents WHERE Document_Description LIKE ""%w%""","SELECT Document_Name, Template_ID FROM Documents WHERE Document_Description LIKE '%w%'"
cre_Doc_Template_Mgt,"What is the document id, template id and description for document named ""Robbin CV""?","SELECT document_id ,  template_id ,  Document_Description FROM Documents WHERE document_name  =  ""Robbin CV""","SELECT Document_ID, Template_ID, Document_Description FROM Documents WHERE Document_Name = 'Robbin CV'"
cre_Doc_Template_Mgt,"Return the document id, template id, and description for the document with the name Robbin CV.","SELECT document_id ,  template_id ,  Document_Description FROM Documents WHERE document_name  =  ""Robbin CV""","SELECT Document_ID, Template_ID, Document_Description FROM Documents WHERE Document_Name = 'Robbin CV'"
cre_Doc_Template_Mgt,How many different templates do all document use?,SELECT count(DISTINCT template_id) FROM Documents,SELECT count(DISTINCT Template_ID) FROM Documents;
cre_Doc_Template_Mgt,Count the number of different templates used for documents.,SELECT count(DISTINCT template_id) FROM Documents,SELECT count(DISTINCT Template_ID) FROM Documents;
cre_Doc_Template_Mgt,How many documents are using the template with type code 'PPT'?,SELECT count(*) FROM Documents AS T1 JOIN Templates AS T2 ON T1.Template_ID  =  T2.Template_ID WHERE T2.Template_Type_Code  =  'PPT',SELECT count(*) FROM Documents JOIN Templates ON Documents.Template_ID = Templates.Template_ID WHERE Templates.Template_Type_Code = 'PPT'
cre_Doc_Template_Mgt,Count the number of documents that use the PPT template type.,SELECT count(*) FROM Documents AS T1 JOIN Templates AS T2 ON T1.Template_ID  =  T2.Template_ID WHERE T2.Template_Type_Code  =  'PPT',SELECT count(*) FROM Documents JOIN Templates ON Documents.Template_ID = Templates.Template_ID WHERE Templates.Template_Type_Code = 'PPT'
cre_Doc_Template_Mgt,Show all template ids and number of documents using each template.,"SELECT template_id ,  count(*) FROM Documents GROUP BY template_id","SELECT T.Template_ID, COUNT(D.Document_ID) FROM Templates AS T LEFT JOIN Documents AS D ON T.Template_ID = D.Template_ID GROUP BY T.Template_ID"
cre_Doc_Template_Mgt,"What are all different template ids used for documents, and how many times were each of them used?","SELECT template_id ,  count(*) FROM Documents GROUP BY template_id","SELECT Template_ID, COUNT(*) FROM Documents GROUP BY Template_ID;"
cre_Doc_Template_Mgt,What is the id and type code for the template used by the most documents?,"SELECT T1.template_id ,  T2.Template_Type_Code FROM Documents AS T1 JOIN Templates AS T2 ON T1.template_id  =  T2.template_id GROUP BY T1.template_id ORDER BY count(*) DESC LIMIT 1","SELECT T.Template_ID, T.Template_Type_Code FROM Templates AS T JOIN Documents AS D ON T.Template_ID = D.Template_ID GROUP BY T.Template_ID ORDER BY COUNT(D.Document_ID) DESC LIMIT 1;"
cre_Doc_Template_Mgt,Return the id and type code of the template that is used for the greatest number of documents.,"SELECT T1.template_id ,  T2.Template_Type_Code FROM Documents AS T1 JOIN Templates AS T2 ON T1.template_id  =  T2.template_id GROUP BY T1.template_id ORDER BY count(*) DESC LIMIT 1","SELECT T.Template_ID, T.Template_Type_Code FROM Templates AS T JOIN Documents AS D ON T.Template_ID = D.Template_ID GROUP BY T.Template_ID ORDER BY COUNT(D.Document_ID) DESC LIMIT 1;"
cre_Doc_Template_Mgt,Show ids for all templates that are used by more than one document.,SELECT template_id FROM Documents GROUP BY template_id HAVING count(*)  >  1,SELECT Template_ID FROM Documents GROUP BY Template_ID HAVING COUNT(Document_ID) > 1
cre_Doc_Template_Mgt,What are the template ids of any templates used in more than a single document?,SELECT template_id FROM Documents GROUP BY template_id HAVING count(*)  >  1,SELECT Template_ID FROM Documents GROUP BY Template_ID HAVING COUNT(Document_ID) > 1
cre_Doc_Template_Mgt,Show ids for all templates not used by any document.,SELECT template_id FROM Templates EXCEPT SELECT template_id FROM Documents,SELECT Template_ID FROM Templates WHERE Template_ID NOT IN (SELECT DISTINCT Template_ID FROM Documents WHERE Template_ID IS NOT NULL)
cre_Doc_Template_Mgt,What are the ids for templates that are not used in any documents?,SELECT template_id FROM Templates EXCEPT SELECT template_id FROM Documents,SELECT Template_ID FROM Templates WHERE Template_ID NOT IN (SELECT DISTINCT Template_ID FROM Documents WHERE Template_ID IS NOT NULL)
cre_Doc_Template_Mgt,How many templates do we have?,SELECT count(*) FROM Templates,SELECT count(*) FROM Templates;
cre_Doc_Template_Mgt,Count the number of templates.,SELECT count(*) FROM Templates,SELECT count(*) FROM Templates;
cre_Doc_Template_Mgt,"Show template ids, version numbers, and template type codes for all templates.","SELECT template_id ,  version_number ,  template_type_code FROM Templates","SELECT Template_ID, Version_Number, Template_Type_Code FROM Templates;"
cre_Doc_Template_Mgt,"What are the ids, version numbers, and type codes for each template?","SELECT template_id ,  version_number ,  template_type_code FROM Templates","SELECT Template_ID, Version_Number, Template_Type_Code FROM Templates;"
cre_Doc_Template_Mgt,Show all distinct template type codes for all templates.,SELECT DISTINCT template_type_code FROM Templates,SELECT DISTINCT Template_Type_Code FROM Templates;
cre_Doc_Template_Mgt,What are the different template type codes?,SELECT DISTINCT template_type_code FROM Templates,SELECT Template_Type_Code FROM Ref_Template_Types;
cre_Doc_Template_Mgt,What are the ids of templates with template type code PP or PPT?,"SELECT template_id FROM Templates WHERE template_type_code  =  ""PP"" OR template_type_code  =  ""PPT""","SELECT Template_ID FROM Templates WHERE Template_Type_Code IN ('PP', 'PPT')"
cre_Doc_Template_Mgt,Return the ids of templates that have the code PP or PPT.,"SELECT template_id FROM Templates WHERE template_type_code  =  ""PP"" OR template_type_code  =  ""PPT""","SELECT Template_ID FROM Templates WHERE Template_Type_Code IN ('PP', 'PPT')"
cre_Doc_Template_Mgt,How many templates have template type code CV?,"SELECT count(*) FROM Templates WHERE template_type_code  =  ""CV""",SELECT count(*) FROM Templates WHERE Template_Type_Code = 'CV'
cre_Doc_Template_Mgt,Count the number of templates of the type CV.,"SELECT count(*) FROM Templates WHERE template_type_code  =  ""CV""",SELECT count(*) FROM Templates WHERE Template_Type_Code = 'CV'
cre_Doc_Template_Mgt,What is the version number and template type code for the template with version number later than 5?,"SELECT version_number ,  template_type_code FROM Templates WHERE version_number  >  5","SELECT Version_Number, Template_Type_Code FROM Templates WHERE Version_Number > 5;"
cre_Doc_Template_Mgt,Return the version numbers and template type codes of templates with a version number greater than 5.,"SELECT version_number ,  template_type_code FROM Templates WHERE version_number  >  5","SELECT Version_Number, Template_Type_Code FROM Templates WHERE Version_Number > 5;"
cre_Doc_Template_Mgt,Show all template type codes and number of templates for each.,"SELECT template_type_code ,  count(*) FROM Templates GROUP BY template_type_code","SELECT T1.Template_Type_Code, COUNT(T2.Template_ID) FROM Ref_Template_Types AS T1 LEFT JOIN Templates AS T2 ON T1.Template_Type_Code = T2.Template_Type_Code GROUP BY T1.Template_Type_Code"
cre_Doc_Template_Mgt,"What are the different template type codes, and how many templates correspond to each?","SELECT template_type_code ,  count(*) FROM Templates GROUP BY template_type_code","SELECT Template_Type_Code, COUNT(*) FROM Templates GROUP BY Template_Type_Code;"
cre_Doc_Template_Mgt,Which template type code has most number of templates?,SELECT template_type_code FROM Templates GROUP BY template_type_code ORDER BY count(*) DESC LIMIT 1,SELECT Template_Type_Code FROM Templates GROUP BY Template_Type_Code ORDER BY COUNT(*) DESC LIMIT 1;
cre_Doc_Template_Mgt,Return the type code of the template type that the most templates belong to.,SELECT template_type_code FROM Templates GROUP BY template_type_code ORDER BY count(*) DESC LIMIT 1,SELECT Template_Type_Code FROM Templates GROUP BY Template_Type_Code ORDER BY COUNT(*) DESC LIMIT 1;
cre_Doc_Template_Mgt,Show all template type codes with less than three templates.,SELECT template_type_code FROM Templates GROUP BY template_type_code HAVING count(*)  <  3,SELECT Template_Type_Code FROM Templates GROUP BY Template_Type_Code HAVING COUNT(Template_ID) < 3;
cre_Doc_Template_Mgt,What are the codes of template types that have fewer than 3 templates?,SELECT template_type_code FROM Templates GROUP BY template_type_code HAVING count(*)  <  3,SELECT Template_Type_Code FROM Templates GROUP BY Template_Type_Code HAVING COUNT(Template_ID) < 3
cre_Doc_Template_Mgt,What the smallest version number and its template type code?,"SELECT min(Version_Number) ,  template_type_code FROM Templates","SELECT MIN(Version_Number), Template_Type_Code FROM Templates GROUP BY Template_Type_Code ORDER BY MIN(Version_Number) ASC LIMIT 1;"
cre_Doc_Template_Mgt,"Return the lowest version number, along with its corresponding template type code.","SELECT min(Version_Number) ,  template_type_code FROM Templates","SELECT MIN(Version_Number), Template_Type_Code FROM Templates GROUP BY Template_Type_Code ORDER BY MIN(Version_Number) ASC LIMIT 1;"
cre_Doc_Template_Mgt,"What is the template type code of the template used by document with the name ""Data base""?","SELECT T1.template_type_code FROM Templates AS T1 JOIN Documents AS T2 ON T1.template_id  =  T2.template_id WHERE T2.document_name  =  ""Data base""",SELECT T.Template_Type_Code FROM Templates AS T JOIN Documents AS D ON T.Template_ID = D.Template_ID WHERE D.Document_Name = 'Data base'
cre_Doc_Template_Mgt,Return the template type code of the template that is used by a document named Data base.,"SELECT T1.template_type_code FROM Templates AS T1 JOIN Documents AS T2 ON T1.template_id  =  T2.template_id WHERE T2.document_name  =  ""Data base""","SELECT 'ERROR: Timeout of 600.0s exceeded, last exception: 503 failed to connect to all addresses; last error: UNAVAILABLE: ipv4:172.217.29.202:443: ConnectEx: No route to host (A socket operation was attempted to an unreachable host.
 -- 10065)'"
cre_Doc_Template_Mgt,Show all document names using templates with template type code BK.,"SELECT T2.document_name FROM Templates AS T1 JOIN Documents AS T2 ON T1.template_id  =  T2.template_id WHERE T1.template_type_code  =  ""BK""","SELECT 'ERROR: Timeout of 600.0s exceeded, last exception: 503 failed to connect to all addresses; last error: UNKNOWN: ipv4:172.217.28.170:443: tcp handshaker shutdown'"
cre_Doc_Template_Mgt,What are the names of documents that use templates with the code BK?,"SELECT T2.document_name FROM Templates AS T1 JOIN Documents AS T2 ON T1.template_id  =  T2.template_id WHERE T1.template_type_code  =  ""BK""","SELECT 'ERROR: Timeout of 600.0s exceeded, last exception: 503 failed to connect to all addresses; last error: UNKNOWN: ipv4:172.217.30.42:443: tcp handshaker shutdown'"
cre_Doc_Template_Mgt,Show all template type codes and the number of documents using each type.,"SELECT T1.template_type_code ,  count(*) FROM Templates AS T1 JOIN Documents AS T2 ON T1.template_id  =  T2.template_id GROUP BY T1.template_type_code","SELECT 'ERROR: Timeout of 600.0s exceeded, last exception: 503 failed to connect to all addresses; last error: UNKNOWN: ipv4:172.217.162.10:443: tcp handshaker shutdown'"
cre_Doc_Template_Mgt,"What are the different template type codes, and how many documents use each type?","SELECT T1.template_type_code ,  count(*) FROM Templates AS T1 JOIN Documents AS T2 ON T1.template_id  =  T2.template_id GROUP BY T1.template_type_code","SELECT 'ERROR: Timeout of 600.0s exceeded, last exception: 503 failed to connect to all addresses; last error: UNKNOWN: ipv4:172.217.162.10:443: tcp handshaker shutdown'"
cre_Doc_Template_Mgt,Which template type code is used by most number of documents?,SELECT T1.template_type_code FROM Templates AS T1 JOIN Documents AS T2 ON T1.template_id  =  T2.template_id GROUP BY T1.template_type_code ORDER BY count(*) DESC LIMIT 1,"SELECT 'ERROR: Timeout of 600.0s exceeded, last exception: 503 failed to connect to all addresses; last error: UNKNOWN: ipv4:172.217.162.10:443: tcp handshaker shutdown'"
cre_Doc_Template_Mgt,Return the code of the template type that is most commonly used in documents.,SELECT T1.template_type_code FROM Templates AS T1 JOIN Documents AS T2 ON T1.template_id  =  T2.template_id GROUP BY T1.template_type_code ORDER BY count(*) DESC LIMIT 1,"SELECT 'ERROR: Timeout of 600.0s exceeded, last exception: 503 failed to connect to all addresses; last error: UNKNOWN: ipv4:172.217.28.138:443: tcp handshaker shutdown'"
cre_Doc_Template_Mgt,Show all template type codes that are not used by any document.,SELECT template_type_code FROM Templates EXCEPT SELECT template_type_code FROM Templates AS T1 JOIN Documents AS T2 ON T1.template_id  =  T2.template_id,"SELECT 'ERROR: Timeout of 600.0s exceeded, last exception: 503 failed to connect to all addresses; last error: UNKNOWN: ipv4:172.217.28.170:443: tcp handshaker shutdown'"
cre_Doc_Template_Mgt,What are the codes of template types that are not used for any document?,SELECT template_type_code FROM Templates EXCEPT SELECT template_type_code FROM Templates AS T1 JOIN Documents AS T2 ON T1.template_id  =  T2.template_id,"SELECT 'ERROR: Timeout of 600.0s exceeded, last exception: 503 failed to connect to all addresses; last error: UNKNOWN: ipv4:142.250.78.106:443: tcp handshaker shutdown'"
cre_Doc_Template_Mgt,Show all template type codes and descriptions.,"SELECT template_type_code ,  template_type_description FROM Ref_template_types","SELECT 'ERROR: Timeout of 600.0s exceeded, last exception: 503 failed to connect to all addresses; last error: UNKNOWN: ipv4:172.217.172.170:443: tcp handshaker shutdown'"
cre_Doc_Template_Mgt,What are the type codes and descriptions for all template types?,"SELECT template_type_code ,  template_type_description FROM Ref_template_types","SELECT 'ERROR: Timeout of 600.0s exceeded, last exception: 503 failed to connect to all addresses; last error: UNKNOWN: ipv4:172.217.29.170:443: tcp handshaker shutdown'"
cre_Doc_Template_Mgt,"What is the template type descriptions for template type code ""AD"".","SELECT template_type_description FROM Ref_template_types WHERE template_type_code  =  ""AD""","SELECT 'ERROR: Timeout of 600.0s exceeded, last exception: 503 failed to connect to all addresses; last error: UNKNOWN: ipv4:172.217.29.170:443: tcp handshaker shutdown'"
cre_Doc_Template_Mgt,Return the template type description of the template type with the code AD.,"SELECT template_type_description FROM Ref_template_types WHERE template_type_code  =  ""AD""","SELECT 'ERROR: Timeout of 600.0s exceeded, last exception: 503 failed to connect to all addresses; last error: UNKNOWN: ipv4:172.217.29.170:443: tcp handshaker shutdown'"
cre_Doc_Template_Mgt,"What is the template type code for template type description ""Book"".","SELECT template_type_code FROM Ref_template_types WHERE template_type_description  =  ""Book""","SELECT 'ERROR: Timeout of 600.0s exceeded, last exception: 503 failed to connect to all addresses; last error: UNKNOWN: ipv4:142.250.219.234:443: tcp handshaker shutdown'"
cre_Doc_Template_Mgt,"Return the type code of the template type with the description ""Book"".","SELECT template_type_code FROM Ref_template_types WHERE template_type_description  =  ""Book""","SELECT 'ERROR: Timeout of 600.0s exceeded, last exception: 503 failed to connect to all addresses; last error: UNKNOWN: ipv4:172.217.30.74:443: tcp handshaker shutdown'"
cre_Doc_Template_Mgt,What are the distinct template type descriptions for the templates ever used by any document?,SELECT DISTINCT T1.template_type_description FROM Ref_template_types AS T1 JOIN Templates AS T2 ON T1.template_type_code  = T2.template_type_code JOIN Documents AS T3 ON T2.Template_ID  =  T3.template_ID,"SELECT 'ERROR: Timeout of 600.0s exceeded, last exception: 503 failed to connect to all addresses; last error: UNKNOWN: ipv4:172.217.30.74:443: tcp handshaker shutdown'"
